[09-11|21:32:17.536] INFO server/server.go:178 dialing gRPC server for gRPC gateway {"port": ":55919"}
[09-11|21:32:17.536] INFO server/server.go:168 serving gRPC server {"port": ":55919"}
[09-11|21:32:17.537] INFO server/server.go:202 serving gRPC gateway {"port": ":60133"}
[09-11|21:32:18.759] INFO server/server.go:290 plugin-dir: {"plugin-dir": "/workspace/runs/native-04/plugins"}
[09-11|21:32:18.759] INFO server/server.go:1640 checking custom chain's VM ID before installation {"id": "defmivm"}
[09-11|21:32:18.759] INFO server/server.go:357 starting {"exec-path": "/workspace/native-bin/avalanchego", "num-nodes": 5, "track-subnets": "", "pid": 79, "root-data-dir": "/workspace/runs/native-04/network-data", "plugin-dir": "/workspace/runs/native-04/plugins", "chain-configs": null, "global-node-config": ""}
[09-11|21:32:18.763] INFO ux/output.go:13 [0;34m[;1mcreate and run local network[0;0m[0;0m
[09-11|21:32:18.763] INFO local/network.go:404 creating network {"node-num": 5}
[09-11|21:32:18.933] INFO local/network.go:620 adding node {"node-name": "node1", "node-dir": "/workspace/runs/native-04/network-data/node1", "log-dir": "/workspace/runs/native-04/network-data/node1/logs", "db-dir": "/workspace/runs/native-04/network-data/node1/db", "p2p-port": 45319, "api-port": 46207}
[0;36m[node1] [09-11|21:32:19.102] INFO node/node.go:158 initializing node {"version": "avalanchego/1.14.2", "commit": "6e5acf909c7a16b991142d6b3979bac5699bdb68", "nodeID": "NodeID-7Xhw2mDxuDS44j42TCB6U5579esbSt3Lg", "stakingKeyType": "RSA", "nodePOP": {"publicKey":"0xb3ebbe748a1f06d19ee25d4e345ba8d6b5a426498a140c2519b518e3e6224abd7895075892f361acf24c10af968bc7de","proofOfPossession":"0xa2569a137e65d3a507c4f1f7ffac74ec05916ba44dfbbb84d42c2736a2bc1e8be14038d3aeeeac7c78e19ecdde69d830051959f22559641a3f9e42377d7f64580acdc383c5c9e22f7f1114712a543c6997d6dc59c88555423497d9fff41fa79a"}, "providedFlags": {"api-admin-enabled":"true","bootstrap-ids":"","bootstrap-ips":"","chain-config-dir":"/workspace/runs/native-04/network-data/node1/chainConfigs","config-file":"/workspace/runs/native-04/network-data/node1/configs/config.json","data-dir":"/workspace/runs/native-04/network-data/node1","db-dir":"/workspace/runs/native-04/network-data/node1/db","genesis-file":"/workspace/runs/native-04/network-data/node1/configs/genesis.json","health-check-frequency":"2s","http-host":"","http-port":"46207","index-enabled":"true","log-dir":"/workspace/runs/native-04/network-data/node1/logs","log-display-level":"INFO","log-level":"INFO","network-id":"1337","network-max-reconnect-delay":"1s","plugin-dir":"/workspace/runs/native-04/plugins","public-ip":"127.0.0.1","staking-port":"45319","subnet-config-dir":"/workspace/runs/native-04/network-data/node1/subnetConfigs"}, "config": {"httpConfig":{"readTimeout":30000000000,"readHeaderTimeout":30000000000,"writeHeaderTimeout":30000000000,"idleTimeout":120000000000,"apiConfig":{"indexerConfig":{"indexAPIEnabled":true,"indexAllowIncomplete":false},"adminAPIEnabled":true,"infoAPIEnabled":true,"metricsAPIEnabled":true,"healthAPIEnabled":true},"httpHost":"","httpPort":46207,"httpsEnabled":false,"httpAllowedOrigins":["*"],"httpAllowedHosts":["localhost"],"shutdownTimeout":10000000000,"shutdownWait":0},"ipConfig":{"publicIP":"127.0.0.1","publicIPResolutionService":"","publicIPResolutionFreq":300000000000,"listenHost":"","listenPort":45319},"stakingConfig":{"uptimeRequirement":0.8,"minValidatorStake":2000000000000,"maxValidatorStake":3000000000000000,"minDelegatorStake":25000000000,"minDelegationFee":20000,"minStakeDuration":86400000000000,"maxStakeDuration":31536000000000000,"rewardConfig":{"maxConsumptionRate":120000,"minConsumptionRate":100000,"mintingPeriod":31536000000000000,"supplyCap":720000000000000000},"sybilProtectionEnabled":true,"partialSyncPrimaryNetwork":false,"sybilProtectionDisabledWeight":100,"stakingTLSKeyPath":"/workspace/runs/native-04/network-data/node1/staking/staker.key","stakingTLSCertPath":"/workspace/runs/native-04/network-data/node1/staking/staker.crt","stakingSingerConfig":{"ephemeralSignerEnabled":false,"signerKeyContent":"","keyPath":"/workspace/runs/native-04/network-data/node1/staking/signer.key","RPCEndpoint":"","keyPathIsSet":false}},"txFeeConfig":{"createAssetTxFee":1000000,"txFee":1000000,"dynamicFeeConfig":{"weights":[1,1000,1000,4],"maxCapacity":1000000,"maxPerSecond":100000,"targetPerSecond":50000,"minPrice":1,"excessConversionConstant":2164043},"validatorFeeConfig":{"capacity":20000,"target":10000,"minPrice":1,"excessConversionConstant":865617}},"stateSyncConfig":{"stateSyncIDs":null,"stateSyncIPs":null},"bootstrapConfig":{"bootstrapBeaconConnectionTimeout":60000000000,"bootstrapAncestorsMaxContainersSent":2000,"bootstrapAncestorsMaxContainersReceived":2000,"bootstrapMaxTimeGetAncestors":50000000,"bootstrappers":[]},"databaseConfig":{"readOnly":false,"path":"/workspace/runs/native-04/network-data/node1/db/network-1337","name":"leveldb"},"upgradeConfig":{"apricotPhase1Time":"2020-12-05T05:00:00Z","apricotPhase2Time":"2020-12-05T05:00:00Z","apricotPhase3Time":"2020-12-05T05:00:00Z","apricotPhase4Time":"2020-12-05T05:00:00Z","apricotPhase4MinPChainHeight":0,"apricotPhase5Time":"2020-12-05T05:00:00Z","apricotPhasePre6Time":"2020-12-05T05:00:00Z","apricotPhase6Time":"2020-12-05T05:00:00Z","apricotPhasePost6Time":"2020-12-05T05:00:00Z","banffTime":"2020-12-05T05:00:00Z","cortinaTime":"2020-12-05T05:00:00Z","cortinaXChainStopVertexID":"11111111111111111111111111111111LpoYY","durangoTime":"2020-12-05T05:00:00Z","etnaTime":"2020-12-05T05:00:00Z","fortunaTime":"2020-12-05T05:00:00Z","graniteTime":"2020-12-05T05:00:00Z","graniteEpochDuration":30000000000,"heliconTime":"9999-12-01T00:00:00Z"},"avaxAssetID":"28VTWcsTZ55draGkmjdcS9CFFv4zC3PbvVjkyoqxzNC7Y5msRP","networkID":1337,"healthCheckFreq":2000000000,"networkConfig":{"healthConfig":{"NoIngressValidatorConnectionGracePeriod":600000000000,"minConnectedPeers":1,"maxTimeSinceMsgReceived":60000000000,"maxTimeSinceMsgSent":60000000000,"maxPortionSendQueueBytesFull":0.9,"maxSendFailRate":0.9,"sendFailRateHalflife":10000000000},"peerListGossipConfig":{"peerListNumValidatorIPs":15,"peerListPullGossipFreq":2000000000,"peerListBloomResetFreq":60000000000},"timeoutConfigs":{"pingPongTimeout":30000000000,"readHandshakeTimeout":15000000000},"delayConfig":{"initialReconnectDelay":1000000000,"maxReconnectDelay":1000000000},"throttlerConfig":{"inboundConnUpgradeThrottlerConfig":{"upgradeCooldown":10000000000,"maxRecentConnsUpgraded":2560},"inboundMsgThrottlerConfig":{"byteThrottlerConfig":{"vdrAllocSize":33554432,"atLargeAllocSize":6291456,"nodeMaxAtLargeBytes":2097152},"bandwidthThrottlerConfig":{"bandwidthRefillRate":524288,"bandwidthMaxBurstRate":2097152},"cpuThrottlerConfig":{"maxRecheckDelay":5000000000},"diskThrottlerConfig":{"maxRecheckDelay":5000000000},"maxProcessingMsgsPerNode":1024},"outboundMsgThrottlerConfig":{"vdrAllocSize":33554432,"atLargeAllocSize":33554432,"nodeMaxAtLargeBytes":2097152},"maxInboundConnsPerSec":256},"proxyEnabled":false,"proxyReadHeaderTimeout":3000000000,"dialerConfig":{"throttleRps":50,"connectionTimeout":30000000000},"tlsKeyLogFile":"","myNodeID":"NodeID-111111111111111111116DBWJs","myIP":null,"networkID":0,"maxClockDifference":60000000000,"pingFrequency":22500000000,"allowPrivateIPs":true,"supportedACPs":[],"objectedACPs":[],"compressionType":"zstd","uptimeMetricFreq":30000000000,"requireValidatorToConnect":false,"maximumInboundMessageTimeout":10000000000,"peerReadBufferSize":8192,"peerWriteBufferSize":8192,"connectToAllValidators":false},"adaptiveTimeoutConfig":{"initialTimeout":5000000000,"minimumTimeout":2000000000,"maximumTimeout":10000000000,"timeoutCoefficient":2,"timeoutHalflife":300000000000},"benchlistConfig":{"halflife":60000000000,"unbenchProbability":0.2,"benchProbability":0.5,"benchDuration":300000000000,"maxPortion":0.08333333333333333},"profilerConfig":{"dir":"/workspace/runs/native-04/network-data/node1/profiles","enabled":false,"freq":900000000000,"maxNumFiles":5},"loggingConfig":{"maxSize":8,"maxFiles":7,"maxAge":0,"directory":"/workspace/runs/native-04/network-data/node1/logs","compress":false,"disableWriterDisplaying":false,"logLevel":"INFO","displayLevel":"INFO","logFormat":"plain"},"pluginDir":"/workspace/runs/native-04/plugins","fdLimit":32768,"meterVMEnabled":true,"routerHealthConfig":{"maxDropRate":1,"maxDropRateHalflife":10000000000,"maxOutstandingRequests":1024,"maxOutstandingDuration":300000000000,"maxRunTimeRequests":10000000000},"consensusShutdownTimeout":60000000000,"consensusGossipFreq":100000000,"consensusAppConcurrency":2,"trackedSubnets":[],"proposerMinBlockDelay":1000000000,"subnetConfigs":{"11111111111111111111111111111111LpoYY":{"validatorOnly":false,"allowedNodes":[],"consensusParameters":null,"snowParameters":{"k":20,"alphaPreference":15,"alphaConfidence":15,"beta":20,"concurrentRepolls":4,"optimalProcessing":10,"maxOutstandingItems":256,"maxItemProcessingTime":30000000000},"simplexParameters":null,"proposerNumHistoricalBlocks":0}},"chainAliases":null,"vmAliases":null,"systemTrackerProcessingHalflife":15000000000,"systemTrackerFrequency":500000000,"systemTrackerCPUHalflife":15000000000,"systemTrackerDiskHalflife":60000000000,"cpuTargeterConfig":{"vdrAlloc":64,"maxNonVdrUsage":51.2,"maxNonVdrNodeUsage":8},"diskTargeterConfig":{"vdrAlloc":1073741824000,"maxNonVdrUsage":1073741824000,"maxNonVdrNodeUsage":1073741824000},"requiredAvailableDiskSpacePercentage":3,"warningAvailableDiskSpacePercentage":10,"traceConfig":{"exporterConfig":{"type":"disabled","endpoint":"","headers":{},"insecure":true},"traceSampleRate":0.1,"appName":"avalanchego","version":"avalanchego/1.14.2"},"useCurrentHeight":false,"chainDataDir":"/workspace/runs/native-04/network-data/node1/chainData","processContextFilePath":"/workspace/runs/native-04/network-data/node1/process.json"}}
[0;0m[0;36m[node1] [09-11|21:32:19.102] INFO node/node.go:931 initializing NAT
[0;0m[0;36m[node1] [09-11|21:32:19.102] INFO node/node.go:949 initializing API server
[0;0m[0;36m[node1] [09-11|21:32:19.102] WARN node/node.go:986 HTTP server is binding to a potentially public host. You may be vulnerable to a DoS attack if your HTTP port is publicly accessible {"host": ""}
[0;0m[0;36m[node1] [09-11|21:32:19.102] INFO server/server.go:133 API created {"allowedOrigins": ["*"]}
[0;0m[0;36m[node1] [09-11|21:32:19.103] INFO node/node.go:1300 initializing metrics API
[0;0m[0;36m[node1] [09-11|21:32:19.103] INFO server/server.go:245 adding route {"url": "/ext/metrics", "endpoint": ""}
[0;0m[0;36m[node1] [09-11|21:32:19.103] INFO leveldb/db.go:205 creating leveldb {"config": {"blockCacheCapacity":12582912,"blockSize":0,"compactionExpandLimitFactor":0,"compactionGPOverlapsFactor":0,"compactionL0Trigger":0,"compactionSourceLimitFactor":0,"compactionTableSize":0,"compactionTableSizeMultiplier":0,"compactionTableSizeMultiplierPerLevel":null,"compactionTotalSize":0,"compactionTotalSizeMultiplier":0,"disableSeeksCompaction":true,"openFilesCacheCapacity":1024,"writeBuffer":6291456,"filterBitsPerKey":10,"maxManifestFileSize":9223372036854775807,"metricUpdateFrequency":10000000000}}
[0;0m[09-11|21:32:19.112] INFO local/network.go:620 adding node {"node-name": "node2", "node-dir": "/workspace/runs/native-04/network-data/node2", "log-dir": "/workspace/runs/native-04/network-data/node2/logs", "db-dir": "/workspace/runs/native-04/network-data/node2/db", "p2p-port": 39243, "api-port": 34133}
[0;36m[node1] [09-11|21:32:19.130] INFO node/node.go:829 initializing database {"genesisHash": "2ed9HKxaGgRBm1Jca7UtD8yEhtxJGicEL5XYsbKf6R8oERZJ1X"}
[0;0m[0;36m[node1] [09-11|21:32:19.130] INFO node/node.go:1267 initializing SharedMemory
[0;0m[0;36m[node1] [09-11|21:32:19.131] WARN node/node.go:502 P2P IP is private, you will not be publicly discoverable {"ip": "127.0.0.1"}
[0;0m[0;36m[node1] [09-11|21:32:19.132] INFO node/node.go:517 initializing networking {"ip": "127.0.0.1:45319"}
[0;0m[0;36m[node1] [09-11|21:32:19.132] INFO node/node.go:1431 initializing Health API
[0;0m[0;36m[node1] [09-11|21:32:19.132] INFO health/worker.go:115 registered new check and initialized its state to failing {"name": "health", "name": "network", "tags": ["application"]}
[0;0m[0;36m[node1] [09-11|21:32:19.132] INFO health/worker.go:115 registered new check and initialized its state to failing {"name": "health", "name": "router", "tags": ["application"]}
[0;0m[0;36m[node1] [09-11|21:32:19.132] INFO health/worker.go:115 registered new check and initialized its state to failing {"name": "health", "name": "database", "tags": ["application"]}
[0;0m[0;36m[node1] [09-11|21:32:19.132] INFO health/worker.go:115 registered new check and initialized its state to failing {"name": "health", "name": "diskspace", "tags": ["application"]}
[0;0m[0;36m[node1] [09-11|21:32:19.132] INFO health/worker.go:115 registered new check and initialized its state to failing {"name": "health", "name": "bls", "tags": ["application"]}
[0;0m[0;36m[node1] [09-11|21:32:19.132] INFO health/worker.go:115 registered new check and initialized its state to failing {"name": "health", "name": "futureupgrade", "tags": ["application"]}
[0;0m[0;36m[node1] [09-11|21:32:19.132] INFO server/server.go:245 adding route {"url": "/ext/health", "endpoint": ""}
[0;0m[0;36m[node1] [09-11|21:32:19.132] INFO server/server.go:245 adding route {"url": "/ext/health", "endpoint": "/readiness"}
[0;0m[0;36m[node1] [09-11|21:32:19.132] INFO server/server.go:245 adding route {"url": "/ext/health", "endpoint": "/health"}
[0;0m[0;36m[node1] [09-11|21:32:19.132] INFO server/server.go:245 adding route {"url": "/ext/health", "endpoint": "/liveness"}
[0;0m[0;36m[node1] [09-11|21:32:19.132] INFO node/node.go:1041 adding the default VM aliases
[0;0m[0;36m[node1] [09-11|21:32:19.132] INFO node/node.go:1185 initializing VMs
[0;0m[0;36m[node1] [09-11|21:32:19.138] INFO subprocess/runtime.go:143 plugin handshake succeeded {"addr": "127.0.0.1:33251"}
[0;0m[0;36m[node1] [09-11|21:32:19.142] INFO node/node.go:1319 initializing admin API
[0;0m[0;36m[node1] [09-11|21:32:19.142] INFO subprocess/runtime.go:111 stdout collector shutdown
[0;0m[0;36m[node1] [09-11|21:32:19.142] INFO server/server.go:245 adding route {"url": "/ext/admin", "endpoint": ""}
[0;0m[0;36m[node1] [09-11|21:32:19.142] INFO subprocess/runtime.go:124 stderr collector shutdown
[0;0m[0;36m[node1] [09-11|21:32:19.142] INFO node/node.go:1373 initializing info API
[0;0m[0;36m[node1] [09-11|21:32:19.143] INFO server/server.go:245 adding route {"url": "/ext/info", "endpoint": ""}
[0;0m[0;36m[node1] [09-11|21:32:19.143] INFO node/node.go:1667 initializing chain aliases
[0;0m[0;36m[node1] [09-11|21:32:19.143] INFO node/node.go:1694 initializing API aliases
[0;0m[0;36m[node1] [09-11|21:32:19.143] INFO node/node.go:1346 skipping profiler initialization because it has been disabled
[0;0m[0;36m[node1] [09-11|21:32:19.143] INFO node/node.go:907 initializing chains
[0;0m[0;36m[node1] [09-11|21:32:19.143] INFO chains/manager.go:376 creating chain {"subnetID": "11111111111111111111111111111111LpoYY", "chainID": "11111111111111111111111111111111LpoYY", "vmID": "rWhpuQPF1kb72esV2momhMuTYGkEb1oL29pt2EBXWmSy4kxnT"}
[0;0m[0;36m[node1] [09-11|21:32:19.143] INFO health/worker.go:261 check started passing {"name": "health", "name": "router", "tags": ["application"]}
[0;0m[0;36m[node1] [09-11|21:32:19.143] INFO health/worker.go:261 check started passing {"name": "health", "name": "diskspace", "tags": ["application"]}
[0;0m[0;36m[node1] [09-11|21:32:19.143] INFO health/worker.go:261 check started passing {"name": "health", "name": "bls", "tags": ["application"]}
[0;0m[0;36m[node1] [09-11|21:32:19.143] INFO health/worker.go:261 check started passing {"name": "health", "name": "database", "tags": ["application"]}
[0;0m[0;36m[node1] [09-11|21:32:19.143] INFO chains/manager.go:1180 creating proposervm wrapper {"activationTime": "[12-05|05:00:00.000]", "minPChainHeight": 0, "minBlockDelay": "1s", "numHistoricalBlocks": 0}
[0;0m[0;36m[node1] [09-11|21:32:19.144] INFO <P Chain> platformvm/vm.go:113 using VM execution config {"config": {"network":{"max-validator-set-staleness":60000000000,"target-gossip-size":20480,"push-gossip-percent-stake":0.9,"push-gossip-num-validators":100,"push-gossip-num-peers":0,"push-regossip-num-validators":10,"push-regossip-num-peers":0,"push-gossip-discarded-cache-size":16384,"push-gossip-max-regossip-frequency":30000000000,"push-gossip-frequency":500000000,"pull-gossip-frequency":1500000000,"pull-gossip-throttling-period":3600000000000,"pull-gossip-requests-per-validator":2400,"expected-bloom-filter-elements":8192,"expected-bloom-filter-false-positive-probability":0.01,"max-bloom-filter-false-positive-probability":0.05},"block-cache-size":67108864,"tx-cache-size":134217728,"transformed-subnet-tx-cache-size":4194304,"reward-utxos-cache-size":2048,"chain-cache-size":2048,"chain-db-cache-size":2048,"block-id-cache-size":8192,"fx-owner-cache-size":4194304,"subnet-to-l1-conversion-cache-size":4194304,"l1-weights-cache-size":16384,"l1-inactive-validators-cache-size":262144,"l1-subnet-id-node-id-cache-size":16384,"checksums-enabled":false,"mempool-prune-frequency":1800000000000,"mempool-gas-capacity":1000000}}
[0;0m[0;36m[node1] [09-11|21:32:19.154] INFO <P Chain> platformvm/vm.go:233 initializing last accepted {"blkID": "2H5Kz4sMpZUus7cfzQzwZ5HHhuBKZEeWivHNkwAQezVdcW9vdC"}
[0;0m[0;36m[node1] [09-11|21:32:19.154] INFO <P Chain> proposervm/vm.go:208 initialized proposervm {"state": "before fork"}
[0;0m[0;36m[node1] [09-11|21:32:19.154] INFO <P Chain> snowman/engine.go:98 initializing consensus engine
[0;0m[0;36m[node1] [09-11|21:32:19.154] INFO <P Chain> state/state.go:3253 starting block reindexing
[0;0m[0;36m[node1] [09-11|21:32:19.154] INFO health/worker.go:115 registered new check and initialized its state to failing {"name": "health", "name": "P", "tags": ["11111111111111111111111111111111LpoYY"]}
[0;0m[0;36m[node1] [09-11|21:32:19.155] INFO server/server.go:216 adding route {"url": "/ext/bc/11111111111111111111111111111111LpoYY", "endpoint": ""}
[0;0m[0;36m[node1] [09-11|21:32:19.155] INFO <P Chain> state/state.go:3358 finished block reindexing {"numIndicesUpdated": 0, "numIndicesChecked": 1, "duration": "192.444µs"}
[0;0m[0;36m[node1] [09-11|21:32:19.155] INFO server/server.go:216 adding route {"url": "/ext/bc/11111111111111111111111111111111LpoYY", "endpoint": "/proposervm"}
[0;0m[0;36m[node1] [09-11|21:32:19.155] INFO indexer/index.go:92 created new index {"nextAcceptedIndex": 0}
[0;0m[0;36m[node1] [09-11|21:32:19.155] INFO server/server.go:245 adding route {"url": "/ext/index/P", "endpoint": "/block"}
[0;0m[0;36m[node1] [09-11|21:32:19.155] INFO health/worker.go:115 registered new check and initialized its state to failing {"name": "readiness", "name": "bootstrapped", "tags": ["application"]}
[0;0m[0;36m[node1] [09-11|21:32:19.155] INFO health/worker.go:115 registered new check and initialized its state to failing {"name": "health", "name": "bootstrapped", "tags": ["application"]}
[0;0m[0;36m[node1] [09-11|21:32:19.155] INFO <P Chain> bootstrap/bootstrapper.go:192 starting bootstrapper {"lastAcceptedID": "2H5Kz4sMpZUus7cfzQzwZ5HHhuBKZEeWivHNkwAQezVdcW9vdC", "lastAcceptedHeight": 0}
[0;0m[0;36m[node1] [09-11|21:32:19.155] INFO <P Chain> bootstrap/bootstrapper.go:273 bootstrapping skipped {"reason": "no provided bootstraps"}
[0;0m[0;36m[node1] [09-11|21:32:19.155] INFO <P Chain> bootstrap/bootstrapper.go:397 starting to fetch blocks {"numKnownBlocks": 0, "numAcceptedBlocks": 0, "numMissingBlocks": 0}
[0;0m[0;36m[node1] [09-11|21:32:19.155] INFO <P Chain> bootstrap/storage.go:195 executing blocks {"numToExecute": 0}
[0;0m[0;36m[node1] [09-11|21:32:19.155] INFO <P Chain> bootstrap/storage.go:187 executed blocks {"numExecuted": 0, "numToExecute": 0, "halted": false, "duration": "11.459µs"}
[0;0m[0;36m[node1] [09-11|21:32:19.155] INFO <P Chain> bootstrap/bootstrapper.go:738 waiting for the remaining chains in this subnet to finish syncing
[0;0m[0;36m[node1] [09-11|21:32:19.155] INFO chains/manager.go:1512 starting chain creator
[0;0m[0;36m[node1] [09-11|21:32:19.155] INFO node/node.go:647 writing process context {"path": "/workspace/runs/native-04/network-data/node1/process.json"}
[0;0m[0;36m[node1] [09-11|21:32:19.155] INFO chains/manager.go:376 creating chain {"subnetID": "11111111111111111111111111111111LpoYY", "chainID": "NeA134STyTVwife7gYeNQ6Hwi5GPGC2X7aUFvWsnusnpM2do6", "vmID": "mgj786NP7uDwBCcq6YwThhaN8FLyybkCa4zBWTQbNgmK6k9A6"}
[0;0m[0;36m[node1] [09-11|21:32:19.156] INFO chains/manager.go:1180 creating proposervm wrapper {"activationTime": "[12-05|05:00:00.000]", "minPChainHeight": 0, "minBlockDelay": "0s", "numHistoricalBlocks": 0}
[0;0m[0;36m[node1] [09-11|21:32:19.156] INFO <C Chain> plugin/evm/vm.go:299 Initializing Coreth VM                   Version=v1.14.2 "libevm version"=1.13.14-0.4.0.rc.2 Config="{GasTarget:<nil> MinDelayTarget:<nil> AdminAPIEnabled:false AdminAPIDir: WarpAPIEnabled:false EnabledEthAPIs:[eth eth-filter net web3 internal-eth internal-blockchain internal-transaction internal-account] ContinuousProfilerDir: ContinuousProfilerFrequency:15m0s ContinuousProfilerMaxFiles:5 RPCGasCap:50000000 RPCTxFeeCap:100 TrieCleanCache:512 TrieDirtyCache:512 TrieDirtyCommitTarget:20 TriePrefetcherParallelism:16 SnapshotCache:256 Preimages:false SnapshotWait:false SnapshotVerify:false Pruning:true AcceptorQueueLimit:64 CommitInterval:4096 AllowMissingTries:false PopulateMissingTries:<nil> PopulateMissingTriesParallelism:1024 PruneWarpDB:false HistoricalProofQueryWindow:43200 MetricsExpensiveEnabled:false LocalTxsEnabled:false PriceOptionSlowFeePercentage:95 PriceOptionFastFeePercentage:105 PriceOptionMaxTip:20000000000 TxPoolPriceLimit:1 TxPoolPriceBump:10 TxPoolAccountSlots:16 TxPoolGlobalSlots:5120 TxPoolAccountQueue:64 TxPoolGlobalQueue:1024 TxPoolLifetime:10m0s APIMaxDuration:0s WSCPURefillRate:0s WSCPUMaxStored:0s MaxBlocksPerRequest:0 AllowUnfinalizedQueries:false AllowUnprotectedTxs:false AllowUnprotectedTxHashes:[0xfefb2da535e927b85fe68eb81cb2e4a5827c905f78381a01ef2322aa9b0aee8e] KeystoreDirectory: KeystoreExternalSigner: KeystoreInsecureUnlockAllowed:false PushGossipPercentStake:0.9 PushGossipNumValidators:100 PushGossipNumPeers:0 PushRegossipNumValidators:10 PushRegossipNumPeers:0 PushGossipFrequency:100ms PullGossipFrequency:1s RegossipFrequency:30s LogLevel:info LogJSONFormat:false OfflinePruning:false OfflinePruningBloomFilterSize:512 OfflinePruningDataDirectory: MaxOutboundActiveRequests:16 StateSyncEnabled:<nil> StateSyncSkipResume:false StateSyncServerTrieCache:64 StateSyncIDs: StateSyncCommitInterval:16384 StateSyncMinBlocks:300000 StateSyncRequestSize:1024 InspectDatabase:false SkipUpgradeCheck:false AcceptedCacheSize:32 TransactionHistory:0 StateHistory:32 SkipTxIndexing:false WarpOffChainMessages:[] HTTPBodyLimit:0 BatchRequestLimit:1000 BatchResponseMaxSize:25000000 StateScheme:}"
[0;0m[0;36m[node1] [09-11|21:32:19.156] INFO <C Chain> core/state_processor_ext.go:55 Activating new precompile                name=warpConfig config="{\"blockTimestamp\":1607144400,\"quorumNumerator\":0,\"requirePrimaryNetworkSigners\":false}"
[0;0m[0;36m[node1] [09-11|21:32:19.157] INFO <C Chain> /home/runner/go/pkg/mod/github.com/ava-labs/libevm@v1.13.14-0.4.0.rc.2/triedb/hashdb/database.go:448 Persisted trie from memory database      nodes=3 size=406.00B time="10.806µs" gcnodes=0 gcsize=0.00B gctime=0s livenodes=0 livesize=0.00B
[0;0m[0;36m[node1] [09-11|21:32:19.157] INFO <C Chain> plugin/evm/vm.go:339 read last accepted                       hash=608ddb..07b8b1 height=0
[0;0m[0;36m[node1] [09-11|21:32:19.157] INFO <C Chain> eth/backend.go:150 Allocated memory caches                  "trie clean"=512.00MiB "trie dirty"=512.00MiB "snapshot clean"=256.00MiB
[0;0m[0;36m[node1] [09-11|21:32:19.157] INFO <C Chain> /home/runner/go/pkg/mod/github.com/ava-labs/libevm@v1.13.14-0.4.0.rc.2/core/rawdb/accessors_trie.go:334 State schema set to default              scheme=hash
[0;0m[0;36m[node1] [09-11|21:32:19.157] INFO <C Chain> eth/backend.go:198 Initialising Ethereum protocol           network=43112 dbversion=<nil>
[0;0m[0;36m[node1] [09-11|21:32:19.157] WARN <C Chain> eth/backend.go:204 Upgrade blockchain database version      from=<nil> to=8
[0;0m[0;36m[node1] [09-11|21:32:19.157] INFO <C Chain> core/genesis.go:145 Writing genesis to database
[0;0m[0;36m[node1] [09-11|21:32:19.157] INFO <C Chain> core/state_processor_ext.go:55 Activating new precompile                name=warpConfig config="{\"blockTimestamp\":1607144400,\"quorumNumerator\":0,\"requirePrimaryNetworkSigners\":false}"
[0;0m[0;36m[node1] [09-11|21:32:19.157] INFO <C Chain> /home/runner/work/avalanchego-internal/avalanchego-internal/graft/evm/triedb/hashdb/database.go:564 Persisted trie from memory database      nodes=3 size=406.00B time="66.966µs" gcnodes=0 gcsize=0.00B gctime=0s livenodes=0 livesize=0.00B
[0;0m[0;36m[node1] [09-11|21:32:19.157] INFO <C Chain> core/blockchain.go:408 
[0;0m[0;36m[node1] [09-11|21:32:19.157] INFO <C Chain> core/blockchain.go:409 ---------------------------------------------------------------------------------------------------------------------------------------------------------
[0;0m[0;36m[node1] [09-11|21:32:19.157] INFO <C Chain> core/blockchain.go:411 Chain ID:  43112 (unknown)
[0;0m[0;36m[node1] [09-11|21:32:19.157] INFO <C Chain> core/blockchain.go:411 Consensus: unknown
[0;0m[0;36m[node1] [09-11|21:32:19.157] INFO <C Chain> core/blockchain.go:411 
[0;0m[0;36m[node1] [09-11|21:32:19.157] INFO <C Chain> core/blockchain.go:411 Pre-Merge hard forks (block based):
[0;0m[0;36m[node1] [09-11|21:32:19.157] INFO <C Chain> core/blockchain.go:411  - Homestead:                   #0        (https://github.com/ethereum/execution-specs/blob/master/network-upgrades/mainnet-upgrades/homestead.md)
[0;0m[0;36m[node1] [09-11|21:32:19.157] INFO <C Chain> core/blockchain.go:411  - DAO Fork:                    #0        (https://github.com/ethereum/execution-specs/blob/master/network-upgrades/mainnet-upgrades/dao-fork.md)
[0;0m[0;36m[node1] [09-11|21:32:19.157] INFO <C Chain> core/blockchain.go:411  - Tangerine Whistle (EIP 150): #0        (https://github.com/ethereum/execution-specs/blob/master/network-upgrades/mainnet-upgrades/tangerine-whistle.md)
[0;0m[0;36m[node1] [09-11|21:32:19.157] INFO <C Chain> core/blockchain.go:411  - Spurious Dragon/1 (EIP 155): #0        (https://github.com/ethereum/execution-specs/blob/master/network-upgrades/mainnet-upgrades/spurious-dragon.md)
[0;0m[0;36m[node1] [09-11|21:32:19.157] INFO <C Chain> core/blockchain.go:411  - Spurious Dragon/2 (EIP 158): #0        (https://github.com/ethereum/execution-specs/blob/master/network-upgrades/mainnet-upgrades/spurious-dragon.md)
[0;0m[0;36m[node1] [09-11|21:32:19.157] INFO <C Chain> core/blockchain.go:411  - Byzantium:                   #0        (https://github.com/ethereum/execution-specs/blob/master/network-upgrades/mainnet-upgrades/byzantium.md)
[0;0m[0;36m[node1] [09-11|21:32:19.157] INFO <C Chain> core/blockchain.go:411  - Constantinople:              #0        (https://github.com/ethereum/execution-specs/blob/master/network-upgrades/mainnet-upgrades/constantinople.md)
[0;0m[0;36m[node1] [09-11|21:32:19.157] INFO <C Chain> core/blockchain.go:411  - Petersburg:                  #0        (https://github.com/ethereum/execution-specs/blob/master/network-upgrades/mainnet-upgrades/petersburg.md)
[0;0m[0;36m[node1] [09-11|21:32:19.157] INFO <C Chain> core/blockchain.go:411  - Istanbul:                    #0        (https://github.com/ethereum/execution-specs/blob/master/network-upgrades/mainnet-upgrades/istanbul.md)
[0;0m[0;36m[node1] [09-11|21:32:19.157] INFO <C Chain> core/blockchain.go:411  - Muir Glacier:                #0        (https://github.com/ethereum/execution-specs/blob/master/network-upgrades/mainnet-upgrades/muir-glacier.md)
[0;0m[0;36m[node1] [09-11|21:32:19.157] INFO <C Chain> core/blockchain.go:411  - Berlin:                      #0        (https://github.com/ethereum/execution-specs/blob/master/network-upgrades/mainnet-upgrades/berlin.md)
[0;0m[0;36m[node1] [09-11|21:32:19.157] INFO <C Chain> core/blockchain.go:411  - London:                      #0        (https://github.com/ethereum/execution-specs/blob/master/network-upgrades/mainnet-upgrades/london.md)
[0;0m[0;36m[node1] [09-11|21:32:19.157] INFO <C Chain> core/blockchain.go:411 
[0;0m[0;36m[node1] [09-11|21:32:19.157] INFO <C Chain> core/blockchain.go:411 The Merge is not yet available for this network!
[0;0m[0;36m[node1] [09-11|21:32:19.157] INFO <C Chain> core/blockchain.go:411  - Hard-fork specification: https://github.com/ethereum/execution-specs/blob/master/network-upgrades/mainnet-upgrades/paris.md
[0;0m[0;36m[node1] [09-11|21:32:19.157] INFO <C Chain> core/blockchain.go:411 
[0;0m[0;36m[node1] [09-11|21:32:19.157] INFO <C Chain> core/blockchain.go:411 Post-Merge hard forks (timestamp based):
[0;0m[0;36m[node1] [09-11|21:32:19.157] INFO <C Chain> core/blockchain.go:411  - Shanghai:                    @1607144400 (https://github.com/ethereum/execution-specs/blob/master/network-upgrades/mainnet-upgrades/shanghai.md)
[0;0m[0;36m[node1] [09-11|21:32:19.157] INFO <C Chain> core/blockchain.go:411  - Cancun:                      @1607144400 (https://github.com/ethereum/execution-specs/blob/master/network-upgrades/mainnet-upgrades/cancun.md)
[0;0m[0;36m[node1] [09-11|21:32:19.157] INFO <C Chain> core/blockchain.go:411 Avalanche Upgrades (timestamp based):
[0;0m[0;36m[node1] [09-11|21:32:19.157] INFO <C Chain> core/blockchain.go:411  - Apricot Phase 1 Timestamp:        @1607144400 (https://github.com/ava-labs/avalanchego/releases/tag/v1.3.0)
[0;0m[0;36m[node1] [09-11|21:32:19.157] INFO <C Chain> core/blockchain.go:411  - Apricot Phase 2 Timestamp:        @1607144400 (https://github.com/ava-labs/avalanchego/releases/tag/v1.4.0)
[0;0m[0;36m[node1] [09-11|21:32:19.157] INFO <C Chain> core/blockchain.go:411  - Apricot Phase 3 Timestamp:        @1607144400 (https://github.com/ava-labs/avalanchego/releases/tag/v1.5.0)
[0;0m[0;36m[node1] [09-11|21:32:19.157] INFO <C Chain> core/blockchain.go:411  - Apricot Phase 4 Timestamp:        @1607144400 (https://github.com/ava-labs/avalanchego/releases/tag/v1.6.0)
[0;0m[0;36m[node1] [09-11|21:32:19.157] INFO <C Chain> core/blockchain.go:411  - Apricot Phase 5 Timestamp:        @1607144400 (https://github.com/ava-labs/avalanchego/releases/tag/v1.7.0)
[0;0m[0;36m[node1] [09-11|21:32:19.157] INFO <C Chain> core/blockchain.go:411  - Apricot Phase P6 Timestamp        @1607144400 (https://github.com/ava-labs/avalanchego/releases/tag/v1.8.0)
[0;0m[0;36m[node1] [09-11|21:32:19.157] INFO <C Chain> core/blockchain.go:411  - Apricot Phase 6 Timestamp:        @1607144400 (https://github.com/ava-labs/avalanchego/releases/tag/v1.8.0)
[0;0m[0;36m[node1] [09-11|21:32:19.157] INFO <C Chain> core/blockchain.go:411  - Apricot Phase Post-6 Timestamp:   @1607144400 (https://github.com/ava-labs/avalanchego/releases/tag/v1.8.0)
[0;0m[0;36m[node1] [09-11|21:32:19.157] INFO <C Chain> core/blockchain.go:411  - Banff Timestamp:                  @1607144400 (https://github.com/ava-labs/avalanchego/releases/tag/v1.9.0)
[0;0m[0;36m[node1] [09-11|21:32:19.157] INFO <C Chain> core/blockchain.go:411  - Cortina Timestamp:                @1607144400 (https://github.com/ava-labs/avalanchego/releases/tag/v1.10.0)
[0;0m[0;36m[node1] [09-11|21:32:19.157] INFO <C Chain> core/blockchain.go:411  - Durango Timestamp:                @1607144400 (https://github.com/ava-labs/avalanchego/releases/tag/v1.11.0)
[0;0m[0;36m[node1] [09-11|21:32:19.157] INFO <C Chain> core/blockchain.go:411  - Etna Timestamp:                   @1607144400 (https://github.com/ava-labs/avalanchego/releases/tag/v1.12.0)
[0;0m[0;36m[node1] [09-11|21:32:19.157] INFO <C Chain> core/blockchain.go:411  - Fortuna Timestamp:                @1607144400 (https://github.com/ava-labs/avalanchego/releases/tag/v1.13.0)
[0;0m[0;36m[node1] [09-11|21:32:19.157] INFO <C Chain> core/blockchain.go:411  - Granite Timestamp:                @1607144400 (https://github.com/ava-labs/avalanchego/releases/tag/v1.14.0)
[0;0m[0;36m[node1] [09-11|21:32:19.157] INFO <C Chain> core/blockchain.go:411  - Helicon Timestamp:                @253399622400 (Unscheduled)
[0;0m[0;36m[node1] [09-11|21:32:19.157] INFO <C Chain> core/blockchain.go:411 
[0;0m[0;36m[node1] [09-11|21:32:19.158] INFO <C Chain> core/blockchain.go:411 Upgrade Config: {"precompileUpgrades":[{"warpConfig":{"blockTimestamp":1607144400,"quorumNumerator":0,"requirePrimaryNetworkSigners":false}}]}
[0;0m[0;36m[node1] [09-11|21:32:19.158] INFO <C Chain> core/blockchain.go:411 
[0;0m[0;36m[node1] [09-11|21:32:19.158] INFO <C Chain> core/blockchain.go:413 ---------------------------------------------------------------------------------------------------------------------------------------------------------
[0;0m[0;36m[node1] [09-11|21:32:19.158] INFO <C Chain> core/blockchain.go:414 
[0;0m[0;36m[node1] [09-11|21:32:19.158] INFO <C Chain> core/blockchain.go:752 Loaded most recent local header          number=0 hash=608ddb..07b8b1 age=5y10mo6d
[0;0m[0;36m[node1] [09-11|21:32:19.159] INFO <C Chain> core/blockchain.go:753 Loaded most recent local full block      number=0 hash=608ddb..07b8b1 age=5y10mo6d
[0;0m[0;36m[node1] [09-11|21:32:19.159] INFO <C Chain> core/blockchain.go:1846 Loaded Acceptor tip                      hash=000000..000000
[0;0m[0;36m[node1] [09-11|21:32:19.159] INFO <C Chain> core/blockchain.go:1857 Skipping state reprocessing              root=328302..7a638f
[0;0m[0;36m[node1] [09-11|21:32:19.159] INFO <C Chain> core/blockchain.go:577 Not warming accepted cache because there are no accepted blocks
[0;0m[0;36m[node1] [09-11|21:32:19.159] INFO <C Chain> core/blockchain.go:602 Starting Acceptor                        "queue length"=64
[0;0m[0;36m[node1] [09-11|21:32:19.159] INFO <C Chain> core/txpool/legacypool/legacypool.go:495 Legacy pool tip threshold updated        tip=0
[0;0m[0;36m[node1] [09-11|21:32:19.159] INFO <C Chain> plugin/evm/atomic/state/atomic_repository.go:102 Initializing atomic transaction repository from scratch
[0;0m[0;36m[node1] [09-11|21:32:19.159] INFO <C Chain> plugin/evm/atomic/state/atomic_repository.go:178 Completed atomic transaction repository migration lastAcceptedHeight=0 duration="38.892µs"
[0;0m[0;36m[node1] [09-11|21:32:19.159] INFO <C Chain> plugin/evm/atomic/state/atomic_backend.go:86 initializing atomic trie                 lastCommittedHeight=0
[0;0m[0;36m[node1] [09-11|21:32:19.159] INFO <C Chain> plugin/evm/atomic/state/atomic_backend.go:167 finished initializing atomic trie        lastAcceptedHeight=0 lastAcceptedAtomicRoot=56e81f..63b421 heightsIndexed=0 lastCommittedRoot=56e81f..63b421 lastCommittedHeight=0 time="23.62µs"
[0;0m[0;36m[node1] [09-11|21:32:19.159] INFO <C Chain> proposervm/vm.go:208 initialized proposervm {"state": "before fork"}
[0;0m[0;36m[node1] [09-11|21:32:19.160] INFO <C Chain> snowman/engine.go:98 initializing consensus engine
[0;0m[0;36m[node1] [09-11|21:32:19.160] INFO health/worker.go:115 registered new check and initialized its state to failing {"name": "health", "name": "C", "tags": ["11111111111111111111111111111111LpoYY"]}
[0;0m[0;36m[node1] [09-11|21:32:19.160] INFO <C Chain> plugin/evm/vm.go:1067 enabling apis                            apis="[eth eth-filter net web3 internal-eth internal-blockchain internal-transaction internal-account]"
[0;0m[0;36m[node1] [09-11|21:32:19.160] INFO <C Chain> plugin/evm/atomic/vm/vm.go:340 AVAX API enabled
[0;0m[0;36m[node1] [09-11|21:32:19.160] INFO server/server.go:216 adding route {"url": "/ext/bc/NeA134STyTVwife7gYeNQ6Hwi5GPGC2X7aUFvWsnusnpM2do6", "endpoint": "/rpc"}
[0;0m[0;36m[node1] [09-11|21:32:19.160] INFO server/server.go:216 adding route {"url": "/ext/bc/NeA134STyTVwife7gYeNQ6Hwi5GPGC2X7aUFvWsnusnpM2do6", "endpoint": "/ws"}
[0;0m[0;36m[node1] [09-11|21:32:19.160] INFO server/server.go:216 adding route {"url": "/ext/bc/NeA134STyTVwife7gYeNQ6Hwi5GPGC2X7aUFvWsnusnpM2do6", "endpoint": "/avax"}
[0;0m[0;36m[node1] [09-11|21:32:19.160] INFO server/server.go:216 adding route {"url": "/ext/bc/NeA134STyTVwife7gYeNQ6Hwi5GPGC2X7aUFvWsnusnpM2do6", "endpoint": "/proposervm"}
[0;0m[0;36m[node1] [09-11|21:32:19.162] INFO node/node.go:674 API server listening {"uri": "http://[::]:46207"}
[0;0m[0;36m[node1] [09-11|21:32:19.162] INFO indexer/index.go:92 created new index {"nextAcceptedIndex": 0}
[0;0m[0;36m[node1] [09-11|21:32:19.162] INFO server/server.go:245 adding route {"url": "/ext/index/C", "endpoint": "/block"}
[0;0m[0;36m[node1] [09-11|21:32:19.162] INFO <C Chain> syncer/state_syncer.go:113 starting state sync
[0;0m[0;36m[node1] [09-11|21:32:19.162] INFO chains/manager.go:376 creating chain {"subnetID": "11111111111111111111111111111111LpoYY", "chainID": "2NuxE6iXPyM9tknyHCVkTGQVM6Bj2rYMNW7tRd4aNiXXE3oPcB", "vmID": "jvYyfQTxGMJLuGWa55kdP2p2zSUYsQ5Raupu4TW34ZAUBAbtq"}
[0;0m[0;36m[node1] [09-11|21:32:19.163] INFO <X Chain> avm/vm.go:153 VM config initialized {"config": {"network":{"max-validator-set-staleness":60000000000,"target-gossip-size":20480,"push-gossip-percent-stake":0.9,"push-gossip-num-validators":100,"push-gossip-num-peers":0,"push-regossip-num-validators":10,"push-regossip-num-peers":0,"push-gossip-discarded-cache-size":16384,"push-gossip-max-regossip-frequency":30000000000,"push-gossip-frequency":500000000,"pull-gossip-frequency":1500000000,"pull-gossip-throttling-period":3600000000000,"pull-gossip-requests-per-validator":2400,"expected-bloom-filter-elements":8192,"expected-bloom-filter-false-positive-probability":0.01,"max-bloom-filter-false-positive-probability":0.05},"checksums-enabled":false}}
[0;0m[0;36m[node1] [09-11|21:32:19.163] INFO <X Chain> avm/vm.go:540 initializing genesis asset {"txID": "28VTWcsTZ55draGkmjdcS9CFFv4zC3PbvVjkyoqxzNC7Y5msRP"}
[0;0m[0;36m[node1] [09-11|21:32:19.163] INFO <X Chain> avm/vm.go:523 fee asset is established {"alias": "AVAX", "assetID": "28VTWcsTZ55draGkmjdcS9CFFv4zC3PbvVjkyoqxzNC7Y5msRP"}
[0;0m[0;36m[node1] [09-11|21:32:19.163] INFO chains/manager.go:756 creating proposervm wrapper {"activationTime": "[12-05|05:00:00.000]", "minPChainHeight": 0, "minBlockDelay": "1s", "numHistoricalBlocks": 0}
[0;0m[0;36m[node1] [09-11|21:32:19.163] INFO <X Chain> snowman/engine.go:98 initializing consensus engine
[0;0m[0;36m[node1] [09-11|21:32:19.163] INFO health/worker.go:115 registered new check and initialized its state to failing {"name": "health", "name": "X", "tags": ["11111111111111111111111111111111LpoYY"]}
[0;0m[0;36m[node1] [09-11|21:32:19.163] INFO server/server.go:216 adding route {"url": "/ext/bc/2NuxE6iXPyM9tknyHCVkTGQVM6Bj2rYMNW7tRd4aNiXXE3oPcB", "endpoint": ""}
[0;0m[0;36m[node1] [09-11|21:32:19.164] INFO server/server.go:216 adding route {"url": "/ext/bc/2NuxE6iXPyM9tknyHCVkTGQVM6Bj2rYMNW7tRd4aNiXXE3oPcB", "endpoint": "/wallet"}
[0;0m[0;36m[node1] [09-11|21:32:19.164] INFO indexer/index.go:92 created new index {"nextAcceptedIndex": 0}
[0;0m[0;36m[node1] [09-11|21:32:19.164] INFO server/server.go:245 adding route {"url": "/ext/index/X", "endpoint": "/block"}
[0;0m[0;36m[node1] [09-11|21:32:19.164] INFO indexer/index.go:92 created new index {"nextAcceptedIndex": 0}
[0;0m[0;36m[node1] [09-11|21:32:19.164] INFO server/server.go:245 adding route {"url": "/ext/index/X", "endpoint": "/vtx"}
[0;0m[0;36m[node1] [09-11|21:32:19.164] INFO indexer/index.go:92 created new index {"nextAcceptedIndex": 0}
[0;0m[0;36m[node1] [09-11|21:32:19.164] INFO server/server.go:245 adding route {"url": "/ext/index/X", "endpoint": "/tx"}
[0;0m[0;36m[node1] [09-11|21:32:19.164] INFO <X Chain> bootstrap/bootstrapper.go:320 starting bootstrap
[0;0m[0;36m[node1] [09-11|21:32:19.164] INFO <X Chain> bootstrap/bootstrapper.go:383 generated stop vertex {"vtxID": "CR6LXzHopW36h3tXzGneBCiR2qVfKGXoMtebyaRoj8PkQhNK6"}
[0;0m[0;36m[node1] [09-11|21:32:19.164] INFO <X Chain> bootstrap/bootstrapper.go:600 executing transactions
[0;0m[0;36m[node1] [09-11|21:32:19.164] INFO <X Chain> queue/jobs.go:223 executed operations {"numExecuted": 0}
[0;0m[0;36m[node1] [09-11|21:32:19.164] INFO <X Chain> bootstrap/bootstrapper.go:612 executing vertices
[0;0m[0;36m[node1] [09-11|21:32:19.164] INFO <X Chain> queue/jobs.go:223 executed operations {"numExecuted": 0}
[0;0m[0;36m[node1] [09-11|21:32:19.164] INFO <X Chain> proposervm/vm.go:208 initialized proposervm {"state": "before fork"}
[0;0m[0;36m[node1] [09-11|21:32:19.164] INFO <X Chain> bootstrap/bootstrapper.go:192 starting bootstrapper {"lastAcceptedID": "237MUBy5GzA7E67wBoPHQdSh2YL5s67GyUjjurmZvzn8UYgxSS", "lastAcceptedHeight": 0}
[0;0m[1;34m[node2] [09-11|21:32:19.279] INFO node/node.go:158 initializing node {"version": "avalanchego/1.14.2", "commit": "6e5acf909c7a16b991142d6b3979bac5699bdb68", "nodeID": "NodeID-MFrZFVCXPv5iCn6M9K6XduxGTYp891xXZ", "stakingKeyType": "RSA", "nodePOP": {"publicKey":"0x8b49c4259529a801cc961c72248773b550379ff718a49f4ccc0e1f2ac338fe204432329aa1712f408f97eee12b22dd05","proofOfPossession":"0xaf92674c3615d462527675da121b06023b116ddebc6e163919e562ab7cbe6adf20515cd2fc17c3e2d2d59953f285229e15f04302187bef5a4aa3ebdea1d18bf34047be654dd12491e882fb90b17b3cbde99ad43fc5cd0c26828bbe49a4b9456c"}, "providedFlags": {"api-admin-enabled":"true","bootstrap-ids":"NodeID-7Xhw2mDxuDS44j42TCB6U5579esbSt3Lg","bootstrap-ips":"127.0.0.1:45319","chain-config-dir":"/workspace/runs/native-04/network-data/node2/chainConfigs","config-file":"/workspace/runs/native-04/network-data/node2/configs/config.json","data-dir":"/workspace/runs/native-04/network-data/node2","db-dir":"/workspace/runs/native-04/network-data/node2/db","genesis-file":"/workspace/runs/native-04/network-data/node2/configs/genesis.json","health-check-frequency":"2s","http-host":"","http-port":"34133","index-enabled":"true","log-dir":"/workspace/runs/native-04/network-data/node2/logs","log-display-level":"INFO","log-level":"INFO","network-id":"1337","network-max-reconnect-delay":"1s","plugin-dir":"/workspace/runs/native-04/plugins","public-ip":"127.0.0.1","staking-port":"39243","subnet-config-dir":"/workspace/runs/native-04/network-data/node2/subnetConfigs"}, "config": {"httpConfig":{"readTimeout":30000000000,"readHeaderTimeout":30000000000,"writeHeaderTimeout":30000000000,"idleTimeout":120000000000,"apiConfig":{"indexerConfig":{"indexAPIEnabled":true,"indexAllowIncomplete":false},"adminAPIEnabled":true,"infoAPIEnabled":true,"metricsAPIEnabled":true,"healthAPIEnabled":true},"httpHost":"","httpPort":34133,"httpsEnabled":false,"httpAllowedOrigins":["*"],"httpAllowedHosts":["localhost"],"shutdownTimeout":10000000000,"shutdownWait":0},"ipConfig":{"publicIP":"127.0.0.1","publicIPResolutionService":"","publicIPResolutionFreq":300000000000,"listenHost":"","listenPort":39243},"stakingConfig":{"uptimeRequirement":0.8,"minValidatorStake":2000000000000,"maxValidatorStake":3000000000000000,"minDelegatorStake":25000000000,"minDelegationFee":20000,"minStakeDuration":86400000000000,"maxStakeDuration":31536000000000000,"rewardConfig":{"maxConsumptionRate":120000,"minConsumptionRate":100000,"mintingPeriod":31536000000000000,"supplyCap":720000000000000000},"sybilProtectionEnabled":true,"partialSyncPrimaryNetwork":false,"sybilProtectionDisabledWeight":100,"stakingTLSKeyPath":"/workspace/runs/native-04/network-data/node2/staking/staker.key","stakingTLSCertPath":"/workspace/runs/native-04/network-data/node2/staking/staker.crt","stakingSingerConfig":{"ephemeralSignerEnabled":false,"signerKeyContent":"","keyPath":"/workspace/runs/native-04/network-data/node2/staking/signer.key","RPCEndpoint":"","keyPathIsSet":false}},"txFeeConfig":{"createAssetTxFee":1000000,"txFee":1000000,"dynamicFeeConfig":{"weights":[1,1000,1000,4],"maxCapacity":1000000,"maxPerSecond":100000,"targetPerSecond":50000,"minPrice":1,"excessConversionConstant":2164043},"validatorFeeConfig":{"capacity":20000,"target":10000,"minPrice":1,"excessConversionConstant":865617}},"stateSyncConfig":{"stateSyncIDs":null,"stateSyncIPs":null},"bootstrapConfig":{"bootstrapBeaconConnectionTimeout":60000000000,"bootstrapAncestorsMaxContainersSent":2000,"bootstrapAncestorsMaxContainersReceived":2000,"bootstrapMaxTimeGetAncestors":50000000,"bootstrappers":[{"id":"NodeID-7Xhw2mDxuDS44j42TCB6U5579esbSt3Lg","ip":"127.0.0.1:45319"}]},"databaseConfig":{"readOnly":false,"path":"/workspace/runs/native-04/network-data/node2/db/network-1337","name":"leveldb"},"upgradeConfig":{"apricotPhase1Time":"2020-12-05T05:00:00Z","apricotPhase2Time":"2020-12-05T05:00:00Z","apricotPhase3Time":"2020-12-05T05:00:00Z","apricotPhase4Time":"2020-12-05T05:00:00Z","apricotPhase4MinPChainHeight":0,"apricotPhase5Time":"2020-12-05T05:00:00Z","apricotPhasePre6Time":"2020-12-05T05:00:00Z","apricotPhase6Time":"2020-12-05T05:00:00Z","apricotPhasePost6Time":"2020-12-05T05:00:00Z","banffTime":"2020-12-05T05:00:00Z","cortinaTime":"2020-12-05T05:00:00Z","cortinaXChainStopVertexID":"11111111111111111111111111111111LpoYY","durangoTime":"2020-12-05T05:00:00Z","etnaTime":"2020-12-05T05:00:00Z","fortunaTime":"2020-12-05T05:00:00Z","graniteTime":"2020-12-05T05:00:00Z","graniteEpochDuration":30000000000,"heliconTime":"9999-12-01T00:00:00Z"},"avaxAssetID":"28VTWcsTZ55draGkmjdcS9CFFv4zC3PbvVjkyoqxzNC7Y5msRP","networkID":1337,"healthCheckFreq":2000000000,"networkConfig":{"healthConfig":{"NoIngressValidatorConnectionGracePeriod":600000000000,"minConnectedPeers":1,"maxTimeSinceMsgReceived":60000000000,"maxTimeSinceMsgSent":60000000000,"maxPortionSendQueueBytesFull":0.9,"maxSendFailRate":0.9,"sendFailRateHalflife":10000000000},"peerListGossipConfig":{"peerListNumValidatorIPs":15,"peerListPullGossipFreq":2000000000,"peerListBloomResetFreq":60000000000},"timeoutConfigs":{"pingPongTimeout":30000000000,"readHandshakeTimeout":15000000000},"delayConfig":{"initialReconnectDelay":1000000000,"maxReconnectDelay":1000000000},"throttlerConfig":{"inboundConnUpgradeThrottlerConfig":{"upgradeCooldown":10000000000,"maxRecentConnsUpgraded":2560},"inboundMsgThrottlerConfig":{"byteThrottlerConfig":{"vdrAllocSize":33554432,"atLargeAllocSize":6291456,"nodeMaxAtLargeBytes":2097152},"bandwidthThrottlerConfig":{"bandwidthRefillRate":524288,"bandwidthMaxBurstRate":2097152},"cpuThrottlerConfig":{"maxRecheckDelay":5000000000},"diskThrottlerConfig":{"maxRecheckDelay":5000000000},"maxProcessingMsgsPerNode":1024},"outboundMsgThrottlerConfig":{"vdrAllocSize":33554432,"atLargeAllocSize":33554432,"nodeMaxAtLargeBytes":2097152},"maxInboundConnsPerSec":256},"proxyEnabled":false,"proxyReadHeaderTimeout":3000000000,"dialerConfig":{"throttleRps":50,"connectionTimeout":30000000000},"tlsKeyLogFile":"","myNodeID":"NodeID-111111111111111111116DBWJs","myIP":null,"networkID":0,"maxClockDifference":60000000000,"pingFrequency":22500000000,"allowPrivateIPs":true,"supportedACPs":[],"objectedACPs":[],"compressionType":"zstd","uptimeMetricFreq":30000000000,"requireValidatorToConnect":false,"maximumInboundMessageTimeout":10000000000,"peerReadBufferSize":8192,"peerWriteBufferSize":8192,"connectToAllValidators":false},"adaptiveTimeoutConfig":{"initialTimeout":5000000000,"minimumTimeout":2000000000,"maximumTimeout":10000000000,"timeoutCoefficient":2,"timeoutHalflife":300000000000},"benchlistConfig":{"halflife":60000000000,"unbenchProbability":0.2,"benchProbability":0.5,"benchDuration":300000000000,"maxPortion":0.08333333333333333},"profilerConfig":{"dir":"/workspace/runs/native-04/network-data/node2/profiles","enabled":false,"freq":900000000000,"maxNumFiles":5},"loggingConfig":{"maxSize":8,"maxFiles":7,"maxAge":0,"directory":"/workspace/runs/native-04/network-data/node2/logs","compress":false,"disableWriterDisplaying":false,"logLevel":"INFO","displayLevel":"INFO","logFormat":"plain"},"pluginDir":"/workspace/runs/native-04/plugins","fdLimit":32768,"meterVMEnabled":true,"routerHealthConfig":{"maxDropRate":1,"maxDropRateHalflife":10000000000,"maxOutstandingRequests":1024,"maxOutstandingDuration":300000000000,"maxRunTimeRequests":10000000000},"consensusShutdownTimeout":60000000000,"consensusGossipFreq":100000000,"consensusAppConcurrency":2,"trackedSubnets":[],"proposerMinBlockDelay":1000000000,"subnetConfigs":{"11111111111111111111111111111111LpoYY":{"validatorOnly":false,"allowedNodes":[],"consensusParameters":null,"snowParameters":{"k":20,"alphaPreference":15,"alphaConfidence":15,"beta":20,"concurrentRepolls":4,"optimalProcessing":10,"maxOutstandingItems":256,"maxItemProcessingTime":30000000000},"simplexParameters":null,"proposerNumHistoricalBlocks":0}},"chainAliases":null,"vmAliases":null,"systemTrackerProcessingHalflife":15000000000,"systemTrackerFrequency":500000000,"systemTrackerCPUHalflife":15000000000,"systemTrackerDiskHalflife":60000000000,"cpuTargeterConfig":{"vdrAlloc":64,"maxNonVdrUsage":51.2,"maxNonVdrNodeUsage":8},"diskTargeterConfig":{"vdrAlloc":1073741824000,"maxNonVdrUsage":1073741824000,"maxNonVdrNodeUsage":1073741824000},"requiredAvailableDiskSpacePercentage":3,"warningAvailableDiskSpacePercentage":10,"traceConfig":{"exporterConfig":{"type":"disabled","endpoint":"","headers":{},"insecure":true},"traceSampleRate":0.1,"appName":"avalanchego","version":"avalanchego/1.14.2"},"useCurrentHeight":false,"chainDataDir":"/workspace/runs/native-04/network-data/node2/chainData","processContextFilePath":"/workspace/runs/native-04/network-data/node2/process.json"}}
[0;0m[1;34m[node2] [09-11|21:32:19.280] INFO node/node.go:931 initializing NAT
[0;0m[1;34m[node2] [09-11|21:32:19.280] INFO node/node.go:949 initializing API server
[0;0m[1;34m[node2] [09-11|21:32:19.280] WARN node/node.go:986 HTTP server is binding to a potentially public host. You may be vulnerable to a DoS attack if your HTTP port is publicly accessible {"host": ""}
[0;0m[1;34m[node2] [09-11|21:32:19.280] INFO server/server.go:133 API created {"allowedOrigins": ["*"]}
[0;0m[1;34m[node2] [09-11|21:32:19.280] INFO node/node.go:1300 initializing metrics API
[0;0m[1;34m[node2] [09-11|21:32:19.280] INFO server/server.go:245 adding route {"url": "/ext/metrics", "endpoint": ""}
[0;0m[1;34m[node2] [09-11|21:32:19.280] INFO leveldb/db.go:205 creating leveldb {"config": {"blockCacheCapacity":12582912,"blockSize":0,"compactionExpandLimitFactor":0,"compactionGPOverlapsFactor":0,"compactionL0Trigger":0,"compactionSourceLimitFactor":0,"compactionTableSize":0,"compactionTableSizeMultiplier":0,"compactionTableSizeMultiplierPerLevel":null,"compactionTotalSize":0,"compactionTotalSizeMultiplier":0,"disableSeeksCompaction":true,"openFilesCacheCapacity":1024,"writeBuffer":6291456,"filterBitsPerKey":10,"maxManifestFileSize":9223372036854775807,"metricUpdateFrequency":10000000000}}
[0;0m[09-11|21:32:19.284] INFO local/network.go:620 adding node {"node-name": "node3", "node-dir": "/workspace/runs/native-04/network-data/node3", "log-dir": "/workspace/runs/native-04/network-data/node3/logs", "db-dir": "/workspace/runs/native-04/network-data/node3/db", "p2p-port": 40017, "api-port": 42647}
[1;34m[node2] [09-11|21:32:19.311] INFO node/node.go:829 initializing database {"genesisHash": "2ed9HKxaGgRBm1Jca7UtD8yEhtxJGicEL5XYsbKf6R8oERZJ1X"}
[0;0m[1;34m[node2] [09-11|21:32:19.311] INFO node/node.go:1267 initializing SharedMemory
[0;0m[1;34m[node2] [09-11|21:32:19.312] WARN node/node.go:502 P2P IP is private, you will not be publicly discoverable {"ip": "127.0.0.1"}
[0;0m[1;34m[node2] [09-11|21:32:19.312] INFO node/node.go:517 initializing networking {"ip": "127.0.0.1:39243"}
[0;0m[1;34m[node2] [09-11|21:32:19.312] INFO node/node.go:1431 initializing Health API
[0;0m[1;34m[node2] [09-11|21:32:19.312] INFO health/worker.go:115 registered new check and initialized its state to failing {"name": "health", "name": "network", "tags": ["application"]}
[0;0m[1;34m[node2] [09-11|21:32:19.312] INFO health/worker.go:115 registered new check and initialized its state to failing {"name": "health", "name": "router", "tags": ["application"]}
[0;0m[1;34m[node2] [09-11|21:32:19.312] INFO health/worker.go:115 registered new check and initialized its state to failing {"name": "health", "name": "database", "tags": ["application"]}
[0;0m[1;34m[node2] [09-11|21:32:19.312] INFO health/worker.go:115 registered new check and initialized its state to failing {"name": "health", "name": "diskspace", "tags": ["application"]}
[0;0m[1;34m[node2] [09-11|21:32:19.312] INFO health/worker.go:115 registered new check and initialized its state to failing {"name": "health", "name": "bls", "tags": ["application"]}
[0;0m[1;34m[node2] [09-11|21:32:19.312] INFO health/worker.go:115 registered new check and initialized its state to failing {"name": "health", "name": "futureupgrade", "tags": ["application"]}
[0;0m[1;34m[node2] [09-11|21:32:19.312] INFO server/server.go:245 adding route {"url": "/ext/health", "endpoint": ""}
[0;0m[1;34m[node2] [09-11|21:32:19.312] INFO server/server.go:245 adding route {"url": "/ext/health", "endpoint": "/readiness"}
[0;0m[1;34m[node2] [09-11|21:32:19.312] INFO server/server.go:245 adding route {"url": "/ext/health", "endpoint": "/health"}
[0;0m[1;34m[node2] [09-11|21:32:19.312] INFO server/server.go:245 adding route {"url": "/ext/health", "endpoint": "/liveness"}
[0;0m[1;34m[node2] [09-11|21:32:19.312] INFO node/node.go:1041 adding the default VM aliases
[0;0m[1;34m[node2] [09-11|21:32:19.313] INFO node/node.go:1185 initializing VMs
[0;0m[1;34m[node2] [09-11|21:32:19.319] INFO subprocess/runtime.go:143 plugin handshake succeeded {"addr": "127.0.0.1:37461"}
[0;0m[1;34m[node2] [09-11|21:32:19.322] INFO node/node.go:1319 initializing admin API
[0;0m[1;34m[node2] [09-11|21:32:19.323] INFO server/server.go:245 adding route {"url": "/ext/admin", "endpoint": ""}
[0;0m[1;34m[node2] [09-11|21:32:19.323] INFO subprocess/runtime.go:111 stdout collector shutdown
[0;0m[1;34m[node2] [09-11|21:32:19.323] INFO node/node.go:1373 initializing info API
[0;0m[1;34m[node2] [09-11|21:32:19.323] INFO subprocess/runtime.go:124 stderr collector shutdown
[0;0m[1;34m[node2] [09-11|21:32:19.323] INFO server/server.go:245 adding route {"url": "/ext/info", "endpoint": ""}
[0;0m[1;34m[node2] [09-11|21:32:19.323] INFO node/node.go:1667 initializing chain aliases
[0;0m[1;34m[node2] [09-11|21:32:19.323] INFO node/node.go:1694 initializing API aliases
[0;0m[1;34m[node2] [09-11|21:32:19.323] INFO node/node.go:1346 skipping profiler initialization because it has been disabled
[0;0m[1;34m[node2] [09-11|21:32:19.323] INFO node/node.go:907 initializing chains
[0;0m[1;34m[node2] [09-11|21:32:19.323] INFO chains/manager.go:376 creating chain {"subnetID": "11111111111111111111111111111111LpoYY", "chainID": "11111111111111111111111111111111LpoYY", "vmID": "rWhpuQPF1kb72esV2momhMuTYGkEb1oL29pt2EBXWmSy4kxnT"}
[0;0m[1;34m[node2] [09-11|21:32:19.323] INFO health/worker.go:261 check started passing {"name": "health", "name": "database", "tags": ["application"]}
[0;0m[1;34m[node2] [09-11|21:32:19.323] INFO health/worker.go:261 check started passing {"name": "health", "name": "diskspace", "tags": ["application"]}
[0;0m[1;34m[node2] [09-11|21:32:19.323] INFO health/worker.go:261 check started passing {"name": "health", "name": "bls", "tags": ["application"]}
[0;0m[1;34m[node2] [09-11|21:32:19.323] INFO health/worker.go:261 check started passing {"name": "health", "name": "router", "tags": ["application"]}
[0;0m[1;34m[node2] [09-11|21:32:19.323] INFO chains/manager.go:1180 creating proposervm wrapper {"activationTime": "[12-05|05:00:00.000]", "minPChainHeight": 0, "minBlockDelay": "1s", "numHistoricalBlocks": 0}
[0;0m[1;34m[node2] [09-11|21:32:19.324] INFO <P Chain> platformvm/vm.go:113 using VM execution config {"config": {"network":{"max-validator-set-staleness":60000000000,"target-gossip-size":20480,"push-gossip-percent-stake":0.9,"push-gossip-num-validators":100,"push-gossip-num-peers":0,"push-regossip-num-validators":10,"push-regossip-num-peers":0,"push-gossip-discarded-cache-size":16384,"push-gossip-max-regossip-frequency":30000000000,"push-gossip-frequency":500000000,"pull-gossip-frequency":1500000000,"pull-gossip-throttling-period":3600000000000,"pull-gossip-requests-per-validator":2400,"expected-bloom-filter-elements":8192,"expected-bloom-filter-false-positive-probability":0.01,"max-bloom-filter-false-positive-probability":0.05},"block-cache-size":67108864,"tx-cache-size":134217728,"transformed-subnet-tx-cache-size":4194304,"reward-utxos-cache-size":2048,"chain-cache-size":2048,"chain-db-cache-size":2048,"block-id-cache-size":8192,"fx-owner-cache-size":4194304,"subnet-to-l1-conversion-cache-size":4194304,"l1-weights-cache-size":16384,"l1-inactive-validators-cache-size":262144,"l1-subnet-id-node-id-cache-size":16384,"checksums-enabled":false,"mempool-prune-frequency":1800000000000,"mempool-gas-capacity":1000000}}
[0;0m[1;34m[node2] [09-11|21:32:19.334] INFO <P Chain> platformvm/vm.go:233 initializing last accepted {"blkID": "2H5Kz4sMpZUus7cfzQzwZ5HHhuBKZEeWivHNkwAQezVdcW9vdC"}
[0;0m[1;34m[node2] [09-11|21:32:19.334] INFO <P Chain> proposervm/vm.go:208 initialized proposervm {"state": "before fork"}
[0;0m[1;34m[node2] [09-11|21:32:19.334] INFO <P Chain> snowman/engine.go:98 initializing consensus engine
[0;0m[1;34m[node2] [09-11|21:32:19.334] INFO <P Chain> state/state.go:3253 starting block reindexing
[0;0m[1;34m[node2] [09-11|21:32:19.334] INFO health/worker.go:115 registered new check and initialized its state to failing {"name": "health", "name": "P", "tags": ["11111111111111111111111111111111LpoYY"]}
[0;0m[1;34m[node2] [09-11|21:32:19.334] INFO <P Chain> state/state.go:3358 finished block reindexing {"numIndicesUpdated": 0, "numIndicesChecked": 1, "duration": "43.41µs"}
[0;0m[1;34m[node2] [09-11|21:32:19.334] INFO server/server.go:216 adding route {"url": "/ext/bc/11111111111111111111111111111111LpoYY", "endpoint": ""}
[0;0m[1;34m[node2] [09-11|21:32:19.334] INFO server/server.go:216 adding route {"url": "/ext/bc/11111111111111111111111111111111LpoYY", "endpoint": "/proposervm"}
[0;0m[1;34m[node2] [09-11|21:32:19.335] INFO indexer/index.go:92 created new index {"nextAcceptedIndex": 0}
[0;0m[1;34m[node2] [09-11|21:32:19.335] INFO server/server.go:245 adding route {"url": "/ext/index/P", "endpoint": "/block"}
[0;0m[1;34m[node2] [09-11|21:32:19.335] INFO health/worker.go:115 registered new check and initialized its state to failing {"name": "readiness", "name": "bootstrapped", "tags": ["application"]}
[0;0m[1;34m[node2] [09-11|21:32:19.335] INFO health/worker.go:115 registered new check and initialized its state to failing {"name": "health", "name": "bootstrapped", "tags": ["application"]}
[0;0m[1;34m[node2] [09-11|21:32:19.335] INFO <P Chain> bootstrap/bootstrapper.go:192 starting bootstrapper {"lastAcceptedID": "2H5Kz4sMpZUus7cfzQzwZ5HHhuBKZEeWivHNkwAQezVdcW9vdC", "lastAcceptedHeight": 0}
[0;0m[1;34m[node2] [09-11|21:32:19.335] INFO chains/manager.go:1512 starting chain creator
[0;0m[1;34m[node2] [09-11|21:32:19.335] INFO node/node.go:647 writing process context {"path": "/workspace/runs/native-04/network-data/node2/process.json"}
[0;0m[1;34m[node2] [09-11|21:32:19.342] INFO node/node.go:674 API server listening {"uri": "http://[::]:34133"}
[0;0m[1;34m[node2] [09-11|21:32:19.363] INFO <P Chain> bootstrap/bootstrapper.go:397 starting to fetch blocks {"numKnownBlocks": 0, "numAcceptedBlocks": 1, "numMissingBlocks": 1}
[0;0m[1;34m[node2] [09-11|21:32:19.363] INFO <P Chain> bootstrap/storage.go:195 executing blocks {"numToExecute": 0}
[0;0m[1;34m[node2] [09-11|21:32:19.363] INFO <P Chain> bootstrap/storage.go:187 executed blocks {"numExecuted": 0, "numToExecute": 0, "halted": false, "duration": "14.379µs"}
[0;0m[1;34m[node2] [09-11|21:32:19.363] INFO <P Chain> bootstrap/bootstrapper.go:738 waiting for the remaining chains in this subnet to finish syncing
[0;0m[1;34m[node2] [09-11|21:32:19.363] INFO chains/manager.go:376 creating chain {"subnetID": "11111111111111111111111111111111LpoYY", "chainID": "NeA134STyTVwife7gYeNQ6Hwi5GPGC2X7aUFvWsnusnpM2do6", "vmID": "mgj786NP7uDwBCcq6YwThhaN8FLyybkCa4zBWTQbNgmK6k9A6"}
[0;0m[1;34m[node2] [09-11|21:32:19.363] INFO chains/manager.go:1180 creating proposervm wrapper {"activationTime": "[12-05|05:00:00.000]", "minPChainHeight": 0, "minBlockDelay": "0s", "numHistoricalBlocks": 0}
[0;0m[1;34m[node2] [09-11|21:32:19.363] INFO <C Chain> plugin/evm/vm.go:299 Initializing Coreth VM                   Version=v1.14.2 "libevm version"=1.13.14-0.4.0.rc.2 Config="{GasTarget:<nil> MinDelayTarget:<nil> AdminAPIEnabled:false AdminAPIDir: WarpAPIEnabled:false EnabledEthAPIs:[eth eth-filter net web3 internal-eth internal-blockchain internal-transaction internal-account] ContinuousProfilerDir: ContinuousProfilerFrequency:15m0s ContinuousProfilerMaxFiles:5 RPCGasCap:50000000 RPCTxFeeCap:100 TrieCleanCache:512 TrieDirtyCache:512 TrieDirtyCommitTarget:20 TriePrefetcherParallelism:16 SnapshotCache:256 Preimages:false SnapshotWait:false SnapshotVerify:false Pruning:true AcceptorQueueLimit:64 CommitInterval:4096 AllowMissingTries:false PopulateMissingTries:<nil> PopulateMissingTriesParallelism:1024 PruneWarpDB:false HistoricalProofQueryWindow:43200 MetricsExpensiveEnabled:false LocalTxsEnabled:false PriceOptionSlowFeePercentage:95 PriceOptionFastFeePercentage:105 PriceOptionMaxTip:20000000000 TxPoolPriceLimit:1 TxPoolPriceBump:10 TxPoolAccountSlots:16 TxPoolGlobalSlots:5120 TxPoolAccountQueue:64 TxPoolGlobalQueue:1024 TxPoolLifetime:10m0s APIMaxDuration:0s WSCPURefillRate:0s WSCPUMaxStored:0s MaxBlocksPerRequest:0 AllowUnfinalizedQueries:false AllowUnprotectedTxs:false AllowUnprotectedTxHashes:[0xfefb2da535e927b85fe68eb81cb2e4a5827c905f78381a01ef2322aa9b0aee8e] KeystoreDirectory: KeystoreExternalSigner: KeystoreInsecureUnlockAllowed:false PushGossipPercentStake:0.9 PushGossipNumValidators:100 PushGossipNumPeers:0 PushRegossipNumValidators:10 PushRegossipNumPeers:0 PushGossipFrequency:100ms PullGossipFrequency:1s RegossipFrequency:30s LogLevel:info LogJSONFormat:false OfflinePruning:false OfflinePruningBloomFilterSize:512 OfflinePruningDataDirectory: MaxOutboundActiveRequests:16 StateSyncEnabled:<nil> StateSyncSkipResume:false StateSyncServerTrieCache:64 StateSyncIDs: StateSyncCommitInterval:16384 StateSyncMinBlocks:300000 StateSyncRequestSize:1024 InspectDatabase:false SkipUpgradeCheck:false AcceptedCacheSize:32 TransactionHistory:0 StateHistory:32 SkipTxIndexing:false WarpOffChainMessages:[] HTTPBodyLimit:0 BatchRequestLimit:1000 BatchResponseMaxSize:25000000 StateScheme:}"
[0;0m[1;34m[node2] [09-11|21:32:19.364] INFO <C Chain> core/state_processor_ext.go:55 Activating new precompile                name=warpConfig config="{\"blockTimestamp\":1607144400,\"quorumNumerator\":0,\"requirePrimaryNetworkSigners\":false}"
[0;0m[1;34m[node2] [09-11|21:32:19.364] INFO <C Chain> /home/runner/go/pkg/mod/github.com/ava-labs/libevm@v1.13.14-0.4.0.rc.2/triedb/hashdb/database.go:448 Persisted trie from memory database      nodes=3 size=406.00B time="8.925µs" gcnodes=0 gcsize=0.00B gctime=0s livenodes=0 livesize=0.00B
[0;0m[1;34m[node2] [09-11|21:32:19.364] INFO <C Chain> plugin/evm/vm.go:339 read last accepted                       hash=608ddb..07b8b1 height=0
[0;0m[1;34m[node2] [09-11|21:32:19.364] INFO <C Chain> eth/backend.go:150 Allocated memory caches                  "trie clean"=512.00MiB "trie dirty"=512.00MiB "snapshot clean"=256.00MiB
[0;0m[1;34m[node2] [09-11|21:32:19.364] INFO <C Chain> /home/runner/go/pkg/mod/github.com/ava-labs/libevm@v1.13.14-0.4.0.rc.2/core/rawdb/accessors_trie.go:334 State schema set to default              scheme=hash
[0;0m[1;34m[node2] [09-11|21:32:19.364] INFO <C Chain> eth/backend.go:198 Initialising Ethereum protocol           network=43112 dbversion=<nil>
[0;0m[1;34m[node2] [09-11|21:32:19.364] WARN <C Chain> eth/backend.go:204 Upgrade blockchain database version      from=<nil> to=8
[0;0m[1;34m[node2] [09-11|21:32:19.364] INFO <C Chain> core/genesis.go:145 Writing genesis to database
[0;0m[1;34m[node2] [09-11|21:32:19.364] INFO <C Chain> core/state_processor_ext.go:55 Activating new precompile                name=warpConfig config="{\"blockTimestamp\":1607144400,\"quorumNumerator\":0,\"requirePrimaryNetworkSigners\":false}"
[0;0m[1;34m[node2] [09-11|21:32:19.364] INFO <C Chain> /home/runner/work/avalanchego-internal/avalanchego-internal/graft/evm/triedb/hashdb/database.go:564 Persisted trie from memory database      nodes=3 size=406.00B time="63.091µs" gcnodes=0 gcsize=0.00B gctime=0s livenodes=0 livesize=0.00B
[0;0m[1;34m[node2] [09-11|21:32:19.365] INFO <C Chain> core/blockchain.go:408 
[0;0m[1;34m[node2] [09-11|21:32:19.365] INFO <C Chain> core/blockchain.go:409 ---------------------------------------------------------------------------------------------------------------------------------------------------------
[0;0m[1;34m[node2] [09-11|21:32:19.365] INFO <C Chain> core/blockchain.go:411 Chain ID:  43112 (unknown)
[0;0m[1;34m[node2] [09-11|21:32:19.365] INFO <C Chain> core/blockchain.go:411 Consensus: unknown
[0;0m[1;34m[node2] [09-11|21:32:19.365] INFO <C Chain> core/blockchain.go:411 
[0;0m[1;34m[node2] [09-11|21:32:19.365] INFO <C Chain> core/blockchain.go:411 Pre-Merge hard forks (block based):
[0;0m[1;34m[node2] [09-11|21:32:19.365] INFO <C Chain> core/blockchain.go:411  - Homestead:                   #0        (https://github.com/ethereum/execution-specs/blob/master/network-upgrades/mainnet-upgrades/homestead.md)
[0;0m[1;34m[node2] [09-11|21:32:19.365] INFO <C Chain> core/blockchain.go:411  - DAO Fork:                    #0        (https://github.com/ethereum/execution-specs/blob/master/network-upgrades/mainnet-upgrades/dao-fork.md)
[0;0m[1;34m[node2] [09-11|21:32:19.365] INFO <C Chain> core/blockchain.go:411  - Tangerine Whistle (EIP 150): #0        (https://github.com/ethereum/execution-specs/blob/master/network-upgrades/mainnet-upgrades/tangerine-whistle.md)
[0;0m[1;34m[node2] [09-11|21:32:19.365] INFO <C Chain> core/blockchain.go:411  - Spurious Dragon/1 (EIP 155): #0        (https://github.com/ethereum/execution-specs/blob/master/network-upgrades/mainnet-upgrades/spurious-dragon.md)
[0;0m[1;34m[node2] [09-11|21:32:19.365] INFO <C Chain> core/blockchain.go:411  - Spurious Dragon/2 (EIP 158): #0        (https://github.com/ethereum/execution-specs/blob/master/network-upgrades/mainnet-upgrades/spurious-dragon.md)
[0;0m[1;34m[node2] [09-11|21:32:19.365] INFO <C Chain> core/blockchain.go:411  - Byzantium:                   #0        (https://github.com/ethereum/execution-specs/blob/master/network-upgrades/mainnet-upgrades/byzantium.md)
[0;0m[1;34m[node2] [09-11|21:32:19.365] INFO <C Chain> core/blockchain.go:411  - Constantinople:              #0        (https://github.com/ethereum/execution-specs/blob/master/network-upgrades/mainnet-upgrades/constantinople.md)
[0;0m[1;34m[node2] [09-11|21:32:19.365] INFO <C Chain> core/blockchain.go:411  - Petersburg:                  #0        (https://github.com/ethereum/execution-specs/blob/master/network-upgrades/mainnet-upgrades/petersburg.md)
[0;0m[1;34m[node2] [09-11|21:32:19.365] INFO <C Chain> core/blockchain.go:411  - Istanbul:                    #0        (https://github.com/ethereum/execution-specs/blob/master/network-upgrades/mainnet-upgrades/istanbul.md)
[0;0m[1;34m[node2] [09-11|21:32:19.365] INFO <C Chain> core/blockchain.go:411  - Muir Glacier:                #0        (https://github.com/ethereum/execution-specs/blob/master/network-upgrades/mainnet-upgrades/muir-glacier.md)
[0;0m[1;34m[node2] [09-11|21:32:19.365] INFO <C Chain> core/blockchain.go:411  - Berlin:                      #0        (https://github.com/ethereum/execution-specs/blob/master/network-upgrades/mainnet-upgrades/berlin.md)
[0;0m[1;34m[node2] [09-11|21:32:19.365] INFO <C Chain> core/blockchain.go:411  - London:                      #0        (https://github.com/ethereum/execution-specs/blob/master/network-upgrades/mainnet-upgrades/london.md)
[0;0m[1;34m[node2] [09-11|21:32:19.365] INFO <C Chain> core/blockchain.go:411 
[0;0m[1;34m[node2] [09-11|21:32:19.365] INFO <C Chain> core/blockchain.go:411 The Merge is not yet available for this network!
[0;0m[1;34m[node2] [09-11|21:32:19.365] INFO <C Chain> core/blockchain.go:411  - Hard-fork specification: https://github.com/ethereum/execution-specs/blob/master/network-upgrades/mainnet-upgrades/paris.md
[0;0m[1;34m[node2] [09-11|21:32:19.365] INFO <C Chain> core/blockchain.go:411 
[0;0m[1;34m[node2] [09-11|21:32:19.365] INFO <C Chain> core/blockchain.go:411 Post-Merge hard forks (timestamp based):
[0;0m[1;34m[node2] [09-11|21:32:19.365] INFO <C Chain> core/blockchain.go:411  - Shanghai:                    @1607144400 (https://github.com/ethereum/execution-specs/blob/master/network-upgrades/mainnet-upgrades/shanghai.md)
[0;0m[1;34m[node2] [09-11|21:32:19.365] INFO <C Chain> core/blockchain.go:411  - Cancun:                      @1607144400 (https://github.com/ethereum/execution-specs/blob/master/network-upgrades/mainnet-upgrades/cancun.md)
[0;0m[1;34m[node2] [09-11|21:32:19.365] INFO <C Chain> core/blockchain.go:411 Avalanche Upgrades (timestamp based):
[0;0m[1;34m[node2] [09-11|21:32:19.365] INFO <C Chain> core/blockchain.go:411  - Apricot Phase 1 Timestamp:        @1607144400 (https://github.com/ava-labs/avalanchego/releases/tag/v1.3.0)
[0;0m[1;34m[node2] [09-11|21:32:19.365] INFO <C Chain> core/blockchain.go:411  - Apricot Phase 2 Timestamp:        @1607144400 (https://github.com/ava-labs/avalanchego/releases/tag/v1.4.0)
[0;0m[1;34m[node2] [09-11|21:32:19.365] INFO <C Chain> core/blockchain.go:411  - Apricot Phase 3 Timestamp:        @1607144400 (https://github.com/ava-labs/avalanchego/releases/tag/v1.5.0)
[0;0m[1;34m[node2] [09-11|21:32:19.365] INFO <C Chain> core/blockchain.go:411  - Apricot Phase 4 Timestamp:        @1607144400 (https://github.com/ava-labs/avalanchego/releases/tag/v1.6.0)
[0;0m[1;34m[node2] [09-11|21:32:19.365] INFO <C Chain> core/blockchain.go:411  - Apricot Phase 5 Timestamp:        @1607144400 (https://github.com/ava-labs/avalanchego/releases/tag/v1.7.0)
[0;0m[1;34m[node2] [09-11|21:32:19.365] INFO <C Chain> core/blockchain.go:411  - Apricot Phase P6 Timestamp        @1607144400 (https://github.com/ava-labs/avalanchego/releases/tag/v1.8.0)
[0;0m[1;34m[node2] [09-11|21:32:19.365] INFO <C Chain> core/blockchain.go:411  - Apricot Phase 6 Timestamp:        @1607144400 (https://github.com/ava-labs/avalanchego/releases/tag/v1.8.0)
[0;0m[1;34m[node2] [09-11|21:32:19.365] INFO <C Chain> core/blockchain.go:411  - Apricot Phase Post-6 Timestamp:   @1607144400 (https://github.com/ava-labs/avalanchego/releases/tag/v1.8.0)
[0;0m[1;34m[node2] [09-11|21:32:19.365] INFO <C Chain> core/blockchain.go:411  - Banff Timestamp:                  @1607144400 (https://github.com/ava-labs/avalanchego/releases/tag/v1.9.0)
[0;0m[1;34m[node2] [09-11|21:32:19.365] INFO <C Chain> core/blockchain.go:411  - Cortina Timestamp:                @1607144400 (https://github.com/ava-labs/avalanchego/releases/tag/v1.10.0)
[0;0m[1;34m[node2] [09-11|21:32:19.365] INFO <C Chain> core/blockchain.go:411  - Durango Timestamp:                @1607144400 (https://github.com/ava-labs/avalanchego/releases/tag/v1.11.0)
[0;0m[1;34m[node2] [09-11|21:32:19.365] INFO <C Chain> core/blockchain.go:411  - Etna Timestamp:                   @1607144400 (https://github.com/ava-labs/avalanchego/releases/tag/v1.12.0)
[0;0m[1;34m[node2] [09-11|21:32:19.365] INFO <C Chain> core/blockchain.go:411  - Fortuna Timestamp:                @1607144400 (https://github.com/ava-labs/avalanchego/releases/tag/v1.13.0)
[0;0m[1;34m[node2] [09-11|21:32:19.365] INFO <C Chain> core/blockchain.go:411  - Granite Timestamp:                @1607144400 (https://github.com/ava-labs/avalanchego/releases/tag/v1.14.0)
[0;0m[1;34m[node2] [09-11|21:32:19.365] INFO <C Chain> core/blockchain.go:411  - Helicon Timestamp:                @253399622400 (Unscheduled)
[0;0m[1;34m[node2] [09-11|21:32:19.365] INFO <C Chain> core/blockchain.go:411 
[0;0m[1;34m[node2] [09-11|21:32:19.365] INFO <C Chain> core/blockchain.go:411 Upgrade Config: {"precompileUpgrades":[{"warpConfig":{"blockTimestamp":1607144400,"quorumNumerator":0,"requirePrimaryNetworkSigners":false}}]}
[0;0m[1;34m[node2] [09-11|21:32:19.365] INFO <C Chain> core/blockchain.go:411 
[0;0m[1;34m[node2] [09-11|21:32:19.365] INFO <C Chain> core/blockchain.go:413 ---------------------------------------------------------------------------------------------------------------------------------------------------------
[0;0m[1;34m[node2] [09-11|21:32:19.365] INFO <C Chain> core/blockchain.go:414 
[0;0m[1;34m[node2] [09-11|21:32:19.365] INFO <C Chain> core/blockchain.go:752 Loaded most recent local header          number=0 hash=608ddb..07b8b1 age=5y10mo6d
[0;0m[1;34m[node2] [09-11|21:32:19.365] INFO <C Chain> core/blockchain.go:753 Loaded most recent local full block      number=0 hash=608ddb..07b8b1 age=5y10mo6d
[0;0m[1;34m[node2] [09-11|21:32:19.365] INFO <C Chain> core/blockchain.go:1846 Loaded Acceptor tip                      hash=000000..000000
[0;0m[1;34m[node2] [09-11|21:32:19.365] INFO <C Chain> core/blockchain.go:1857 Skipping state reprocessing              root=328302..7a638f
[0;0m[1;34m[node2] [09-11|21:32:19.365] INFO <C Chain> core/blockchain.go:577 Not warming accepted cache because there are no accepted blocks
[0;0m[1;34m[node2] [09-11|21:32:19.365] INFO <C Chain> core/blockchain.go:602 Starting Acceptor                        "queue length"=64
[0;0m[1;34m[node2] [09-11|21:32:19.365] INFO <C Chain> core/txpool/legacypool/legacypool.go:495 Legacy pool tip threshold updated        tip=0
[0;0m[1;34m[node2] [09-11|21:32:19.365] INFO <C Chain> plugin/evm/atomic/state/atomic_repository.go:102 Initializing atomic transaction repository from scratch
[0;0m[1;34m[node2] [09-11|21:32:19.365] INFO <C Chain> plugin/evm/atomic/state/atomic_repository.go:178 Completed atomic transaction repository migration lastAcceptedHeight=0 duration="51.501µs"
[0;0m[1;34m[node2] [09-11|21:32:19.366] INFO <C Chain> plugin/evm/atomic/state/atomic_backend.go:86 initializing atomic trie                 lastCommittedHeight=0
[0;0m[1;34m[node2] [09-11|21:32:19.366] INFO <C Chain> plugin/evm/atomic/state/atomic_backend.go:167 finished initializing atomic trie        lastAcceptedHeight=0 lastAcceptedAtomicRoot=56e81f..63b421 heightsIndexed=0 lastCommittedRoot=56e81f..63b421 lastCommittedHeight=0 time="22.972µs"
[0;0m[1;34m[node2] [09-11|21:32:19.366] INFO <C Chain> proposervm/vm.go:208 initialized proposervm {"state": "before fork"}
[0;0m[1;34m[node2] [09-11|21:32:19.366] INFO <C Chain> snowman/engine.go:98 initializing consensus engine
[0;0m[1;34m[node2] [09-11|21:32:19.366] INFO health/worker.go:115 registered new check and initialized its state to failing {"name": "health", "name": "C", "tags": ["11111111111111111111111111111111LpoYY"]}
[0;0m[1;34m[node2] [09-11|21:32:19.366] INFO <C Chain> plugin/evm/vm.go:1067 enabling apis                            apis="[eth eth-filter net web3 internal-eth internal-blockchain internal-transaction internal-account]"
[0;0m[1;34m[node2] [09-11|21:32:19.366] INFO <C Chain> plugin/evm/atomic/vm/vm.go:340 AVAX API enabled
[0;0m[1;34m[node2] [09-11|21:32:19.366] INFO server/server.go:216 adding route {"url": "/ext/bc/NeA134STyTVwife7gYeNQ6Hwi5GPGC2X7aUFvWsnusnpM2do6", "endpoint": "/proposervm"}
[0;0m[1;34m[node2] [09-11|21:32:19.366] INFO server/server.go:216 adding route {"url": "/ext/bc/NeA134STyTVwife7gYeNQ6Hwi5GPGC2X7aUFvWsnusnpM2do6", "endpoint": "/rpc"}
[0;0m[1;34m[node2] [09-11|21:32:19.366] INFO server/server.go:216 adding route {"url": "/ext/bc/NeA134STyTVwife7gYeNQ6Hwi5GPGC2X7aUFvWsnusnpM2do6", "endpoint": "/ws"}
[0;0m[1;34m[node2] [09-11|21:32:19.366] INFO server/server.go:216 adding route {"url": "/ext/bc/NeA134STyTVwife7gYeNQ6Hwi5GPGC2X7aUFvWsnusnpM2do6", "endpoint": "/avax"}
[0;0m[1;34m[node2] [09-11|21:32:19.367] INFO indexer/index.go:92 created new index {"nextAcceptedIndex": 0}
[0;0m[1;34m[node2] [09-11|21:32:19.367] INFO server/server.go:245 adding route {"url": "/ext/index/C", "endpoint": "/block"}
[0;0m[1;34m[node2] [09-11|21:32:19.367] INFO <C Chain> syncer/state_syncer.go:113 starting state sync
[0;0m[1;34m[node2] [09-11|21:32:19.367] INFO chains/manager.go:376 creating chain {"subnetID": "11111111111111111111111111111111LpoYY", "chainID": "2NuxE6iXPyM9tknyHCVkTGQVM6Bj2rYMNW7tRd4aNiXXE3oPcB", "vmID": "jvYyfQTxGMJLuGWa55kdP2p2zSUYsQ5Raupu4TW34ZAUBAbtq"}
[0;0m[1;34m[node2] [09-11|21:32:19.367] INFO <X Chain> avm/vm.go:153 VM config initialized {"config": {"network":{"max-validator-set-staleness":60000000000,"target-gossip-size":20480,"push-gossip-percent-stake":0.9,"push-gossip-num-validators":100,"push-gossip-num-peers":0,"push-regossip-num-validators":10,"push-regossip-num-peers":0,"push-gossip-discarded-cache-size":16384,"push-gossip-max-regossip-frequency":30000000000,"push-gossip-frequency":500000000,"pull-gossip-frequency":1500000000,"pull-gossip-throttling-period":3600000000000,"pull-gossip-requests-per-validator":2400,"expected-bloom-filter-elements":8192,"expected-bloom-filter-false-positive-probability":0.01,"max-bloom-filter-false-positive-probability":0.05},"checksums-enabled":false}}
[0;0m[1;34m[node2] [09-11|21:32:19.367] INFO <X Chain> avm/vm.go:540 initializing genesis asset {"txID": "28VTWcsTZ55draGkmjdcS9CFFv4zC3PbvVjkyoqxzNC7Y5msRP"}
[0;0m[1;34m[node2] [09-11|21:32:19.367] INFO <X Chain> avm/vm.go:523 fee asset is established {"alias": "AVAX", "assetID": "28VTWcsTZ55draGkmjdcS9CFFv4zC3PbvVjkyoqxzNC7Y5msRP"}
[0;0m[1;34m[node2] [09-11|21:32:19.368] INFO chains/manager.go:756 creating proposervm wrapper {"activationTime": "[12-05|05:00:00.000]", "minPChainHeight": 0, "minBlockDelay": "1s", "numHistoricalBlocks": 0}
[0;0m[1;34m[node2] [09-11|21:32:19.368] INFO <X Chain> snowman/engine.go:98 initializing consensus engine
[0;0m[1;34m[node2] [09-11|21:32:19.368] INFO health/worker.go:115 registered new check and initialized its state to failing {"name": "health", "name": "X", "tags": ["11111111111111111111111111111111LpoYY"]}
[0;0m[1;34m[node2] [09-11|21:32:19.368] INFO server/server.go:216 adding route {"url": "/ext/bc/2NuxE6iXPyM9tknyHCVkTGQVM6Bj2rYMNW7tRd4aNiXXE3oPcB", "endpoint": ""}
[0;0m[1;34m[node2] [09-11|21:32:19.368] INFO server/server.go:216 adding route {"url": "/ext/bc/2NuxE6iXPyM9tknyHCVkTGQVM6Bj2rYMNW7tRd4aNiXXE3oPcB", "endpoint": "/wallet"}
[0;0m[1;34m[node2] [09-11|21:32:19.368] INFO indexer/index.go:92 created new index {"nextAcceptedIndex": 0}
[0;0m[1;34m[node2] [09-11|21:32:19.368] INFO server/server.go:245 adding route {"url": "/ext/index/X", "endpoint": "/block"}
[0;0m[1;34m[node2] [09-11|21:32:19.368] INFO indexer/index.go:92 created new index {"nextAcceptedIndex": 0}
[0;0m[1;34m[node2] [09-11|21:32:19.368] INFO server/server.go:245 adding route {"url": "/ext/index/X", "endpoint": "/vtx"}
[0;0m[1;34m[node2] [09-11|21:32:19.368] INFO indexer/index.go:92 created new index {"nextAcceptedIndex": 0}
[0;0m[1;34m[node2] [09-11|21:32:19.368] INFO server/server.go:245 adding route {"url": "/ext/index/X", "endpoint": "/tx"}
[0;0m[1;34m[node2] [09-11|21:32:19.368] INFO <X Chain> bootstrap/bootstrapper.go:320 starting bootstrap
[0;0m[1;34m[node2] [09-11|21:32:19.368] INFO <X Chain> bootstrap/bootstrapper.go:383 generated stop vertex {"vtxID": "CR6LXzHopW36h3tXzGneBCiR2qVfKGXoMtebyaRoj8PkQhNK6"}
[0;0m[1;34m[node2] [09-11|21:32:19.368] INFO <X Chain> bootstrap/bootstrapper.go:600 executing transactions
[0;0m[1;34m[node2] [09-11|21:32:19.368] INFO <X Chain> queue/jobs.go:223 executed operations {"numExecuted": 0}
[0;0m[1;34m[node2] [09-11|21:32:19.368] INFO <X Chain> bootstrap/bootstrapper.go:612 executing vertices
[0;0m[1;34m[node2] [09-11|21:32:19.368] INFO <X Chain> queue/jobs.go:223 executed operations {"numExecuted": 0}
[0;0m[1;34m[node2] [09-11|21:32:19.369] INFO <X Chain> proposervm/vm.go:208 initialized proposervm {"state": "before fork"}
[0;0m[1;34m[node2] [09-11|21:32:19.369] INFO <X Chain> bootstrap/bootstrapper.go:192 starting bootstrapper {"lastAcceptedID": "237MUBy5GzA7E67wBoPHQdSh2YL5s67GyUjjurmZvzn8UYgxSS", "lastAcceptedHeight": 0}
[0;0m[0;37m[node3] [09-11|21:32:19.454] INFO node/node.go:158 initializing node {"version": "avalanchego/1.14.2", "commit": "6e5acf909c7a16b991142d6b3979bac5699bdb68", "nodeID": "NodeID-NFBbbJ4qCmNaCzeW7sxErhvWqvEQMnYcN", "stakingKeyType": "RSA", "nodePOP": {"publicKey":"0xb20ab07ea5cf8b77ab50f2071a6f1d2aab693c8bd89761430cd29de9fa0dbae83a32c7697d59ff1b06995b1596c16fa6","proofOfPossession":"0xa113145564d7ac540fade2526938fbd33233957901111328c86c4cbe7ed25f678173d95c54b3342fd7b723c3ed813f2b04fecf4a317205ce65638bb34bb58bb6746e74c63e6cbe5cb25c103b290ed270146b756d3901c8b0f99d083a44572c79"}, "providedFlags": {"api-admin-enabled":"true","bootstrap-ids":"NodeID-7Xhw2mDxuDS44j42TCB6U5579esbSt3Lg,NodeID-MFrZFVCXPv5iCn6M9K6XduxGTYp891xXZ","bootstrap-ips":"127.0.0.1:45319,127.0.0.1:39243","chain-config-dir":"/workspace/runs/native-04/network-data/node3/chainConfigs","config-file":"/workspace/runs/native-04/network-data/node3/configs/config.json","data-dir":"/workspace/runs/native-04/network-data/node3","db-dir":"/workspace/runs/native-04/network-data/node3/db","genesis-file":"/workspace/runs/native-04/network-data/node3/configs/genesis.json","health-check-frequency":"2s","http-host":"","http-port":"42647","index-enabled":"true","log-dir":"/workspace/runs/native-04/network-data/node3/logs","log-display-level":"INFO","log-level":"INFO","network-id":"1337","network-max-reconnect-delay":"1s","plugin-dir":"/workspace/runs/native-04/plugins","public-ip":"127.0.0.1","staking-port":"40017","subnet-config-dir":"/workspace/runs/native-04/network-data/node3/subnetConfigs"}, "config": {"httpConfig":{"readTimeout":30000000000,"readHeaderTimeout":30000000000,"writeHeaderTimeout":30000000000,"idleTimeout":120000000000,"apiConfig":{"indexerConfig":{"indexAPIEnabled":true,"indexAllowIncomplete":false},"adminAPIEnabled":true,"infoAPIEnabled":true,"metricsAPIEnabled":true,"healthAPIEnabled":true},"httpHost":"","httpPort":42647,"httpsEnabled":false,"httpAllowedOrigins":["*"],"httpAllowedHosts":["localhost"],"shutdownTimeout":10000000000,"shutdownWait":0},"ipConfig":{"publicIP":"127.0.0.1","publicIPResolutionService":"","publicIPResolutionFreq":300000000000,"listenHost":"","listenPort":40017},"stakingConfig":{"uptimeRequirement":0.8,"minValidatorStake":2000000000000,"maxValidatorStake":3000000000000000,"minDelegatorStake":25000000000,"minDelegationFee":20000,"minStakeDuration":86400000000000,"maxStakeDuration":31536000000000000,"rewardConfig":{"maxConsumptionRate":120000,"minConsumptionRate":100000,"mintingPeriod":31536000000000000,"supplyCap":720000000000000000},"sybilProtectionEnabled":true,"partialSyncPrimaryNetwork":false,"sybilProtectionDisabledWeight":100,"stakingTLSKeyPath":"/workspace/runs/native-04/network-data/node3/staking/staker.key","stakingTLSCertPath":"/workspace/runs/native-04/network-data/node3/staking/staker.crt","stakingSingerConfig":{"ephemeralSignerEnabled":false,"signerKeyContent":"","keyPath":"/workspace/runs/native-04/network-data/node3/staking/signer.key","RPCEndpoint":"","keyPathIsSet":false}},"txFeeConfig":{"createAssetTxFee":1000000,"txFee":1000000,"dynamicFeeConfig":{"weights":[1,1000,1000,4],"maxCapacity":1000000,"maxPerSecond":100000,"targetPerSecond":50000,"minPrice":1,"excessConversionConstant":2164043},"validatorFeeConfig":{"capacity":20000,"target":10000,"minPrice":1,"excessConversionConstant":865617}},"stateSyncConfig":{"stateSyncIDs":null,"stateSyncIPs":null},"bootstrapConfig":{"bootstrapBeaconConnectionTimeout":60000000000,"bootstrapAncestorsMaxContainersSent":2000,"bootstrapAncestorsMaxContainersReceived":2000,"bootstrapMaxTimeGetAncestors":50000000,"bootstrappers":[{"id":"NodeID-7Xhw2mDxuDS44j42TCB6U5579esbSt3Lg","ip":"127.0.0.1:45319"},{"id":"NodeID-MFrZFVCXPv5iCn6M9K6XduxGTYp891xXZ","ip":"127.0.0.1:39243"}]},"databaseConfig":{"readOnly":false,"path":"/workspace/runs/native-04/network-data/node3/db/network-1337","name":"leveldb"},"upgradeConfig":{"apricotPhase1Time":"2020-12-05T05:00:00Z","apricotPhase2Time":"2020-12-05T05:00:00Z","apricotPhase3Time":"2020-12-05T05:00:00Z","apricotPhase4Time":"2020-12-05T05:00:00Z","apricotPhase4MinPChainHeight":0,"apricotPhase5Time":"2020-12-05T05:00:00Z","apricotPhasePre6Time":"2020-12-05T05:00:00Z","apricotPhase6Time":"2020-12-05T05:00:00Z","apricotPhasePost6Time":"2020-12-05T05:00:00Z","banffTime":"2020-12-05T05:00:00Z","cortinaTime":"2020-12-05T05:00:00Z","cortinaXChainStopVertexID":"11111111111111111111111111111111LpoYY","durangoTime":"2020-12-05T05:00:00Z","etnaTime":"2020-12-05T05:00:00Z","fortunaTime":"2020-12-05T05:00:00Z","graniteTime":"2020-12-05T05:00:00Z","graniteEpochDuration":30000000000,"heliconTime":"9999-12-01T00:00:00Z"},"avaxAssetID":"28VTWcsTZ55draGkmjdcS9CFFv4zC3PbvVjkyoqxzNC7Y5msRP","networkID":1337,"healthCheckFreq":2000000000,"networkConfig":{"healthConfig":{"NoIngressValidatorConnectionGracePeriod":600000000000,"minConnectedPeers":1,"maxTimeSinceMsgReceived":60000000000,"maxTimeSinceMsgSent":60000000000,"maxPortionSendQueueBytesFull":0.9,"maxSendFailRate":0.9,"sendFailRateHalflife":10000000000},"peerListGossipConfig":{"peerListNumValidatorIPs":15,"peerListPullGossipFreq":2000000000,"peerListBloomResetFreq":60000000000},"timeoutConfigs":{"pingPongTimeout":30000000000,"readHandshakeTimeout":15000000000},"delayConfig":{"initialReconnectDelay":1000000000,"maxReconnectDelay":1000000000},"throttlerConfig":{"inboundConnUpgradeThrottlerConfig":{"upgradeCooldown":10000000000,"maxRecentConnsUpgraded":2560},"inboundMsgThrottlerConfig":{"byteThrottlerConfig":{"vdrAllocSize":33554432,"atLargeAllocSize":6291456,"nodeMaxAtLargeBytes":2097152},"bandwidthThrottlerConfig":{"bandwidthRefillRate":524288,"bandwidthMaxBurstRate":2097152},"cpuThrottlerConfig":{"maxRecheckDelay":5000000000},"diskThrottlerConfig":{"maxRecheckDelay":5000000000},"maxProcessingMsgsPerNode":1024},"outboundMsgThrottlerConfig":{"vdrAllocSize":33554432,"atLargeAllocSize":33554432,"nodeMaxAtLargeBytes":2097152},"maxInboundConnsPerSec":256},"proxyEnabled":false,"proxyReadHeaderTimeout":3000000000,"dialerConfig":{"throttleRps":50,"connectionTimeout":30000000000},"tlsKeyLogFile":"","myNodeID":"NodeID-111111111111111111116DBWJs","myIP":null,"networkID":0,"maxClockDifference":60000000000,"pingFrequency":22500000000,"allowPrivateIPs":true,"supportedACPs":[],"objectedACPs":[],"compressionType":"zstd","uptimeMetricFreq":30000000000,"requireValidatorToConnect":false,"maximumInboundMessageTimeout":10000000000,"peerReadBufferSize":8192,"peerWriteBufferSize":8192,"connectToAllValidators":false},"adaptiveTimeoutConfig":{"initialTimeout":5000000000,"minimumTimeout":2000000000,"maximumTimeout":10000000000,"timeoutCoefficient":2,"timeoutHalflife":300000000000},"benchlistConfig":{"halflife":60000000000,"unbenchProbability":0.2,"benchProbability":0.5,"benchDuration":300000000000,"maxPortion":0.08333333333333333},"profilerConfig":{"dir":"/workspace/runs/native-04/network-data/node3/profiles","enabled":false,"freq":900000000000,"maxNumFiles":5},"loggingConfig":{"maxSize":8,"maxFiles":7,"maxAge":0,"directory":"/workspace/runs/native-04/network-data/node3/logs","compress":false,"disableWriterDisplaying":false,"logLevel":"INFO","displayLevel":"INFO","logFormat":"plain"},"pluginDir":"/workspace/runs/native-04/plugins","fdLimit":32768,"meterVMEnabled":true,"routerHealthConfig":{"maxDropRate":1,"maxDropRateHalflife":10000000000,"maxOutstandingRequests":1024,"maxOutstandingDuration":300000000000,"maxRunTimeRequests":10000000000},"consensusShutdownTimeout":60000000000,"consensusGossipFreq":100000000,"consensusAppConcurrency":2,"trackedSubnets":[],"proposerMinBlockDelay":1000000000,"subnetConfigs":{"11111111111111111111111111111111LpoYY":{"validatorOnly":false,"allowedNodes":[],"consensusParameters":null,"snowParameters":{"k":20,"alphaPreference":15,"alphaConfidence":15,"beta":20,"concurrentRepolls":4,"optimalProcessing":10,"maxOutstandingItems":256,"maxItemProcessingTime":30000000000},"simplexParameters":null,"proposerNumHistoricalBlocks":0}},"chainAliases":null,"vmAliases":null,"systemTrackerProcessingHalflife":15000000000,"systemTrackerFrequency":500000000,"systemTrackerCPUHalflife":15000000000,"systemTrackerDiskHalflife":60000000000,"cpuTargeterConfig":{"vdrAlloc":64,"maxNonVdrUsage":51.2,"maxNonVdrNodeUsage":8},"diskTargeterConfig":{"vdrAlloc":1073741824000,"maxNonVdrUsage":1073741824000,"maxNonVdrNodeUsage":1073741824000},"requiredAvailableDiskSpacePercentage":3,"warningAvailableDiskSpacePercentage":10,"traceConfig":{"exporterConfig":{"type":"disabled","endpoint":"","headers":{},"insecure":true},"traceSampleRate":0.1,"appName":"avalanchego","version":"avalanchego/1.14.2"},"useCurrentHeight":false,"chainDataDir":"/workspace/runs/native-04/network-data/node3/chainData","processContextFilePath":"/workspace/runs/native-04/network-data/node3/process.json"}}
[0;0m[0;37m[node3] [09-11|21:32:19.454] INFO node/node.go:931 initializing NAT
[0;0m[0;37m[node3] [09-11|21:32:19.454] INFO node/node.go:949 initializing API server
[0;0m[0;37m[node3] [09-11|21:32:19.454] WARN node/node.go:986 HTTP server is binding to a potentially public host. You may be vulnerable to a DoS attack if your HTTP port is publicly accessible {"host": ""}
[0;0m[0;37m[node3] [09-11|21:32:19.454] INFO server/server.go:133 API created {"allowedOrigins": ["*"]}
[0;0m[0;37m[node3] [09-11|21:32:19.455] INFO node/node.go:1300 initializing metrics API
[0;0m[0;37m[node3] [09-11|21:32:19.455] INFO server/server.go:245 adding route {"url": "/ext/metrics", "endpoint": ""}
[0;0m[0;37m[node3] [09-11|21:32:19.455] INFO leveldb/db.go:205 creating leveldb {"config": {"blockCacheCapacity":12582912,"blockSize":0,"compactionExpandLimitFactor":0,"compactionGPOverlapsFactor":0,"compactionL0Trigger":0,"compactionSourceLimitFactor":0,"compactionTableSize":0,"compactionTableSizeMultiplier":0,"compactionTableSizeMultiplierPerLevel":null,"compactionTotalSize":0,"compactionTotalSizeMultiplier":0,"disableSeeksCompaction":true,"openFilesCacheCapacity":1024,"writeBuffer":6291456,"filterBitsPerKey":10,"maxManifestFileSize":9223372036854775807,"metricUpdateFrequency":10000000000}}
[0;0m[09-11|21:32:19.456] INFO local/network.go:620 adding node {"node-name": "node4", "node-dir": "/workspace/runs/native-04/network-data/node4", "log-dir": "/workspace/runs/native-04/network-data/node4/logs", "db-dir": "/workspace/runs/native-04/network-data/node4/db", "p2p-port": 43359, "api-port": 34387}
[0;37m[node3] [09-11|21:32:19.487] INFO node/node.go:829 initializing database {"genesisHash": "2ed9HKxaGgRBm1Jca7UtD8yEhtxJGicEL5XYsbKf6R8oERZJ1X"}
[0;0m[0;37m[node3] [09-11|21:32:19.487] INFO node/node.go:1267 initializing SharedMemory
[0;0m[0;37m[node3] [09-11|21:32:19.489] WARN node/node.go:502 P2P IP is private, you will not be publicly discoverable {"ip": "127.0.0.1"}
[0;0m[0;37m[node3] [09-11|21:32:19.489] INFO node/node.go:517 initializing networking {"ip": "127.0.0.1:40017"}
[0;0m[0;37m[node3] [09-11|21:32:19.489] INFO node/node.go:1431 initializing Health API
[0;0m[0;37m[node3] [09-11|21:32:19.489] INFO health/worker.go:115 registered new check and initialized its state to failing {"name": "health", "name": "network", "tags": ["application"]}
[0;0m[0;37m[node3] [09-11|21:32:19.489] INFO health/worker.go:115 registered new check and initialized its state to failing {"name": "health", "name": "router", "tags": ["application"]}
[0;0m[0;37m[node3] [09-11|21:32:19.489] INFO health/worker.go:115 registered new check and initialized its state to failing {"name": "health", "name": "database", "tags": ["application"]}
[0;0m[0;37m[node3] [09-11|21:32:19.489] INFO health/worker.go:115 registered new check and initialized its state to failing {"name": "health", "name": "diskspace", "tags": ["application"]}
[0;0m[0;37m[node3] [09-11|21:32:19.489] INFO health/worker.go:115 registered new check and initialized its state to failing {"name": "health", "name": "bls", "tags": ["application"]}
[0;0m[0;37m[node3] [09-11|21:32:19.489] INFO health/worker.go:115 registered new check and initialized its state to failing {"name": "health", "name": "futureupgrade", "tags": ["application"]}
[0;0m[0;37m[node3] [09-11|21:32:19.489] INFO server/server.go:245 adding route {"url": "/ext/health", "endpoint": ""}
[0;0m[0;37m[node3] [09-11|21:32:19.489] INFO server/server.go:245 adding route {"url": "/ext/health", "endpoint": "/readiness"}
[0;0m[0;37m[node3] [09-11|21:32:19.489] INFO server/server.go:245 adding route {"url": "/ext/health", "endpoint": "/health"}
[0;0m[0;37m[node3] [09-11|21:32:19.489] INFO server/server.go:245 adding route {"url": "/ext/health", "endpoint": "/liveness"}
[0;0m[0;37m[node3] [09-11|21:32:19.489] INFO node/node.go:1041 adding the default VM aliases
[0;0m[0;37m[node3] [09-11|21:32:19.489] INFO node/node.go:1185 initializing VMs
[0;0m[0;37m[node3] [09-11|21:32:19.496] INFO subprocess/runtime.go:143 plugin handshake succeeded {"addr": "127.0.0.1:34933"}
[0;0m[0;37m[node3] [09-11|21:32:19.500] INFO node/node.go:1319 initializing admin API
[0;0m[0;37m[node3] [09-11|21:32:19.500] INFO server/server.go:245 adding route {"url": "/ext/admin", "endpoint": ""}
[0;0m[0;37m[node3] [09-11|21:32:19.500] INFO subprocess/runtime.go:111 stdout collector shutdown
[0;0m[0;37m[node3] [09-11|21:32:19.500] INFO node/node.go:1373 initializing info API
[0;0m[0;37m[node3] [09-11|21:32:19.500] INFO subprocess/runtime.go:124 stderr collector shutdown
[0;0m[0;37m[node3] [09-11|21:32:19.501] INFO server/server.go:245 adding route {"url": "/ext/info", "endpoint": ""}
[0;0m[0;37m[node3] [09-11|21:32:19.501] INFO node/node.go:1667 initializing chain aliases
[0;0m[0;37m[node3] [09-11|21:32:19.501] INFO node/node.go:1694 initializing API aliases
[0;0m[0;37m[node3] [09-11|21:32:19.501] INFO node/node.go:1346 skipping profiler initialization because it has been disabled
[0;0m[0;37m[node3] [09-11|21:32:19.501] INFO node/node.go:907 initializing chains
[0;0m[0;37m[node3] [09-11|21:32:19.501] INFO chains/manager.go:376 creating chain {"subnetID": "11111111111111111111111111111111LpoYY", "chainID": "11111111111111111111111111111111LpoYY", "vmID": "rWhpuQPF1kb72esV2momhMuTYGkEb1oL29pt2EBXWmSy4kxnT"}
[0;0m[0;37m[node3] [09-11|21:32:19.501] INFO chains/manager.go:1180 creating proposervm wrapper {"activationTime": "[12-05|05:00:00.000]", "minPChainHeight": 0, "minBlockDelay": "1s", "numHistoricalBlocks": 0}
[0;0m[0;37m[node3] [09-11|21:32:19.501] INFO health/worker.go:261 check started passing {"name": "health", "name": "router", "tags": ["application"]}
[0;0m[0;37m[node3] [09-11|21:32:19.501] INFO health/worker.go:261 check started passing {"name": "health", "name": "diskspace", "tags": ["application"]}
[0;0m[0;37m[node3] [09-11|21:32:19.501] INFO health/worker.go:261 check started passing {"name": "health", "name": "bls", "tags": ["application"]}
[0;0m[0;37m[node3] [09-11|21:32:19.501] INFO health/worker.go:261 check started passing {"name": "health", "name": "database", "tags": ["application"]}
[0;0m[0;37m[node3] [09-11|21:32:19.501] INFO <P Chain> platformvm/vm.go:113 using VM execution config {"config": {"network":{"max-validator-set-staleness":60000000000,"target-gossip-size":20480,"push-gossip-percent-stake":0.9,"push-gossip-num-validators":100,"push-gossip-num-peers":0,"push-regossip-num-validators":10,"push-regossip-num-peers":0,"push-gossip-discarded-cache-size":16384,"push-gossip-max-regossip-frequency":30000000000,"push-gossip-frequency":500000000,"pull-gossip-frequency":1500000000,"pull-gossip-throttling-period":3600000000000,"pull-gossip-requests-per-validator":2400,"expected-bloom-filter-elements":8192,"expected-bloom-filter-false-positive-probability":0.01,"max-bloom-filter-false-positive-probability":0.05},"block-cache-size":67108864,"tx-cache-size":134217728,"transformed-subnet-tx-cache-size":4194304,"reward-utxos-cache-size":2048,"chain-cache-size":2048,"chain-db-cache-size":2048,"block-id-cache-size":8192,"fx-owner-cache-size":4194304,"subnet-to-l1-conversion-cache-size":4194304,"l1-weights-cache-size":16384,"l1-inactive-validators-cache-size":262144,"l1-subnet-id-node-id-cache-size":16384,"checksums-enabled":false,"mempool-prune-frequency":1800000000000,"mempool-gas-capacity":1000000}}
[0;0m[0;37m[node3] [09-11|21:32:19.512] INFO <P Chain> platformvm/vm.go:233 initializing last accepted {"blkID": "2H5Kz4sMpZUus7cfzQzwZ5HHhuBKZEeWivHNkwAQezVdcW9vdC"}
[0;0m[0;37m[node3] [09-11|21:32:19.512] INFO <P Chain> proposervm/vm.go:208 initialized proposervm {"state": "before fork"}
[0;0m[0;37m[node3] [09-11|21:32:19.512] INFO <P Chain> snowman/engine.go:98 initializing consensus engine
[0;0m[0;37m[node3] [09-11|21:32:19.512] INFO <P Chain> state/state.go:3253 starting block reindexing
[0;0m[0;37m[node3] [09-11|21:32:19.512] INFO health/worker.go:115 registered new check and initialized its state to failing {"name": "health", "name": "P", "tags": ["11111111111111111111111111111111LpoYY"]}
[0;0m[0;37m[node3] [09-11|21:32:19.512] INFO server/server.go:216 adding route {"url": "/ext/bc/11111111111111111111111111111111LpoYY", "endpoint": ""}
[0;0m[0;37m[node3] [09-11|21:32:19.512] INFO server/server.go:216 adding route {"url": "/ext/bc/11111111111111111111111111111111LpoYY", "endpoint": "/proposervm"}
[0;0m[0;37m[node3] [09-11|21:32:19.512] INFO <P Chain> state/state.go:3358 finished block reindexing {"numIndicesUpdated": 0, "numIndicesChecked": 1, "duration": "252.365µs"}
[0;0m[0;37m[node3] [09-11|21:32:19.513] INFO indexer/index.go:92 created new index {"nextAcceptedIndex": 0}
[0;0m[0;37m[node3] [09-11|21:32:19.513] INFO server/server.go:245 adding route {"url": "/ext/index/P", "endpoint": "/block"}
[0;0m[0;37m[node3] [09-11|21:32:19.513] INFO health/worker.go:115 registered new check and initialized its state to failing {"name": "readiness", "name": "bootstrapped", "tags": ["application"]}
[0;0m[0;37m[node3] [09-11|21:32:19.513] INFO health/worker.go:115 registered new check and initialized its state to failing {"name": "health", "name": "bootstrapped", "tags": ["application"]}
[0;0m[0;37m[node3] [09-11|21:32:19.513] INFO <P Chain> bootstrap/bootstrapper.go:192 starting bootstrapper {"lastAcceptedID": "2H5Kz4sMpZUus7cfzQzwZ5HHhuBKZEeWivHNkwAQezVdcW9vdC", "lastAcceptedHeight": 0}
[0;0m[0;37m[node3] [09-11|21:32:19.513] INFO chains/manager.go:1512 starting chain creator
[0;0m[0;37m[node3] [09-11|21:32:19.513] INFO node/node.go:647 writing process context {"path": "/workspace/runs/native-04/network-data/node3/process.json"}
[0;0m[0;37m[node3] [09-11|21:32:19.520] INFO node/node.go:674 API server listening {"uri": "http://[::]:42647"}
[0;0m[0;37m[node3] [09-11|21:32:19.541] INFO <P Chain> bootstrap/bootstrapper.go:397 starting to fetch blocks {"numKnownBlocks": 0, "numAcceptedBlocks": 1, "numMissingBlocks": 1}
[0;0m[0;37m[node3] [09-11|21:32:19.541] INFO <P Chain> bootstrap/storage.go:195 executing blocks {"numToExecute": 0}
[0;0m[0;37m[node3] [09-11|21:32:19.541] INFO <P Chain> bootstrap/storage.go:187 executed blocks {"numExecuted": 0, "numToExecute": 0, "halted": false, "duration": "24.269µs"}
[0;0m[0;37m[node3] [09-11|21:32:19.541] INFO <P Chain> bootstrap/bootstrapper.go:738 waiting for the remaining chains in this subnet to finish syncing
[0;0m[0;37m[node3] [09-11|21:32:19.541] INFO chains/manager.go:376 creating chain {"subnetID": "11111111111111111111111111111111LpoYY", "chainID": "NeA134STyTVwife7gYeNQ6Hwi5GPGC2X7aUFvWsnusnpM2do6", "vmID": "mgj786NP7uDwBCcq6YwThhaN8FLyybkCa4zBWTQbNgmK6k9A6"}
[0;0m[0;37m[node3] [09-11|21:32:19.541] INFO chains/manager.go:1180 creating proposervm wrapper {"activationTime": "[12-05|05:00:00.000]", "minPChainHeight": 0, "minBlockDelay": "0s", "numHistoricalBlocks": 0}
[0;0m[0;37m[node3] [09-11|21:32:19.541] INFO <C Chain> plugin/evm/vm.go:299 Initializing Coreth VM                   Version=v1.14.2 "libevm version"=1.13.14-0.4.0.rc.2 Config="{GasTarget:<nil> MinDelayTarget:<nil> AdminAPIEnabled:false AdminAPIDir: WarpAPIEnabled:false EnabledEthAPIs:[eth eth-filter net web3 internal-eth internal-blockchain internal-transaction internal-account] ContinuousProfilerDir: ContinuousProfilerFrequency:15m0s ContinuousProfilerMaxFiles:5 RPCGasCap:50000000 RPCTxFeeCap:100 TrieCleanCache:512 TrieDirtyCache:512 TrieDirtyCommitTarget:20 TriePrefetcherParallelism:16 SnapshotCache:256 Preimages:false SnapshotWait:false SnapshotVerify:false Pruning:true AcceptorQueueLimit:64 CommitInterval:4096 AllowMissingTries:false PopulateMissingTries:<nil> PopulateMissingTriesParallelism:1024 PruneWarpDB:false HistoricalProofQueryWindow:43200 MetricsExpensiveEnabled:false LocalTxsEnabled:false PriceOptionSlowFeePercentage:95 PriceOptionFastFeePercentage:105 PriceOptionMaxTip:20000000000 TxPoolPriceLimit:1 TxPoolPriceBump:10 TxPoolAccountSlots:16 TxPoolGlobalSlots:5120 TxPoolAccountQueue:64 TxPoolGlobalQueue:1024 TxPoolLifetime:10m0s APIMaxDuration:0s WSCPURefillRate:0s WSCPUMaxStored:0s MaxBlocksPerRequest:0 AllowUnfinalizedQueries:false AllowUnprotectedTxs:false AllowUnprotectedTxHashes:[0xfefb2da535e927b85fe68eb81cb2e4a5827c905f78381a01ef2322aa9b0aee8e] KeystoreDirectory: KeystoreExternalSigner: KeystoreInsecureUnlockAllowed:false PushGossipPercentStake:0.9 PushGossipNumValidators:100 PushGossipNumPeers:0 PushRegossipNumValidators:10 PushRegossipNumPeers:0 PushGossipFrequency:100ms PullGossipFrequency:1s RegossipFrequency:30s LogLevel:info LogJSONFormat:false OfflinePruning:false OfflinePruningBloomFilterSize:512 OfflinePruningDataDirectory: MaxOutboundActiveRequests:16 StateSyncEnabled:<nil> StateSyncSkipResume:false StateSyncServerTrieCache:64 StateSyncIDs: StateSyncCommitInterval:16384 StateSyncMinBlocks:300000 StateSyncRequestSize:1024 InspectDatabase:false SkipUpgradeCheck:false AcceptedCacheSize:32 TransactionHistory:0 StateHistory:32 SkipTxIndexing:false WarpOffChainMessages:[] HTTPBodyLimit:0 BatchRequestLimit:1000 BatchResponseMaxSize:25000000 StateScheme:}"
[0;0m[0;37m[node3] [09-11|21:32:19.542] INFO <C Chain> core/state_processor_ext.go:55 Activating new precompile                name=warpConfig config="{\"blockTimestamp\":1607144400,\"quorumNumerator\":0,\"requirePrimaryNetworkSigners\":false}"
[0;0m[0;37m[node3] [09-11|21:32:19.542] INFO <C Chain> /home/runner/go/pkg/mod/github.com/ava-labs/libevm@v1.13.14-0.4.0.rc.2/triedb/hashdb/database.go:448 Persisted trie from memory database      nodes=3 size=406.00B time="8.54µs" gcnodes=0 gcsize=0.00B gctime=0s livenodes=0 livesize=0.00B
[0;0m[0;37m[node3] [09-11|21:32:19.542] INFO <C Chain> plugin/evm/vm.go:339 read last accepted                       hash=608ddb..07b8b1 height=0
[0;0m[0;37m[node3] [09-11|21:32:19.544] INFO <C Chain> eth/backend.go:150 Allocated memory caches                  "trie clean"=512.00MiB "trie dirty"=512.00MiB "snapshot clean"=256.00MiB
[0;0m[0;37m[node3] [09-11|21:32:19.544] INFO <C Chain> /home/runner/go/pkg/mod/github.com/ava-labs/libevm@v1.13.14-0.4.0.rc.2/core/rawdb/accessors_trie.go:334 State schema set to default              scheme=hash
[0;0m[0;37m[node3] [09-11|21:32:19.544] INFO <C Chain> eth/backend.go:198 Initialising Ethereum protocol           network=43112 dbversion=<nil>
[0;0m[0;37m[node3] [09-11|21:32:19.544] WARN <C Chain> eth/backend.go:204 Upgrade blockchain database version      from=<nil> to=8
[0;0m[0;37m[node3] [09-11|21:32:19.544] INFO <C Chain> core/genesis.go:145 Writing genesis to database
[0;0m[0;37m[node3] [09-11|21:32:19.544] INFO <C Chain> core/state_processor_ext.go:55 Activating new precompile                name=warpConfig config="{\"blockTimestamp\":1607144400,\"quorumNumerator\":0,\"requirePrimaryNetworkSigners\":false}"
[0;0m[0;37m[node3] [09-11|21:32:19.544] INFO <C Chain> /home/runner/work/avalanchego-internal/avalanchego-internal/graft/evm/triedb/hashdb/database.go:564 Persisted trie from memory database      nodes=3 size=406.00B time="65.205µs" gcnodes=0 gcsize=0.00B gctime=0s livenodes=0 livesize=0.00B
[0;0m[0;37m[node3] [09-11|21:32:19.544] INFO <C Chain> core/blockchain.go:408 
[0;0m[0;37m[node3] [09-11|21:32:19.544] INFO <C Chain> core/blockchain.go:409 ---------------------------------------------------------------------------------------------------------------------------------------------------------
[0;0m[0;37m[node3] [09-11|21:32:19.545] INFO <C Chain> core/blockchain.go:411 Chain ID:  43112 (unknown)
[0;0m[0;37m[node3] [09-11|21:32:19.545] INFO <C Chain> core/blockchain.go:411 Consensus: unknown
[0;0m[0;37m[node3] [09-11|21:32:19.545] INFO <C Chain> core/blockchain.go:411 
[0;0m[0;37m[node3] [09-11|21:32:19.545] INFO <C Chain> core/blockchain.go:411 Pre-Merge hard forks (block based):
[0;0m[0;37m[node3] [09-11|21:32:19.545] INFO <C Chain> core/blockchain.go:411  - Homestead:                   #0        (https://github.com/ethereum/execution-specs/blob/master/network-upgrades/mainnet-upgrades/homestead.md)
[0;0m[0;37m[node3] [09-11|21:32:19.545] INFO <C Chain> core/blockchain.go:411  - DAO Fork:                    #0        (https://github.com/ethereum/execution-specs/blob/master/network-upgrades/mainnet-upgrades/dao-fork.md)
[0;0m[0;37m[node3] [09-11|21:32:19.545] INFO <C Chain> core/blockchain.go:411  - Tangerine Whistle (EIP 150): #0        (https://github.com/ethereum/execution-specs/blob/master/network-upgrades/mainnet-upgrades/tangerine-whistle.md)
[0;0m[0;37m[node3] [09-11|21:32:19.545] INFO <C Chain> core/blockchain.go:411  - Spurious Dragon/1 (EIP 155): #0        (https://github.com/ethereum/execution-specs/blob/master/network-upgrades/mainnet-upgrades/spurious-dragon.md)
[0;0m[0;37m[node3] [09-11|21:32:19.545] INFO <C Chain> core/blockchain.go:411  - Spurious Dragon/2 (EIP 158): #0        (https://github.com/ethereum/execution-specs/blob/master/network-upgrades/mainnet-upgrades/spurious-dragon.md)
[0;0m[0;37m[node3] [09-11|21:32:19.545] INFO <C Chain> core/blockchain.go:411  - Byzantium:                   #0        (https://github.com/ethereum/execution-specs/blob/master/network-upgrades/mainnet-upgrades/byzantium.md)
[0;0m[0;37m[node3] [09-11|21:32:19.545] INFO <C Chain> core/blockchain.go:411  - Constantinople:              #0        (https://github.com/ethereum/execution-specs/blob/master/network-upgrades/mainnet-upgrades/constantinople.md)
[0;0m[0;37m[node3] [09-11|21:32:19.545] INFO <C Chain> core/blockchain.go:411  - Petersburg:                  #0        (https://github.com/ethereum/execution-specs/blob/master/network-upgrades/mainnet-upgrades/petersburg.md)
[0;0m[0;37m[node3] [09-11|21:32:19.545] INFO <C Chain> core/blockchain.go:411  - Istanbul:                    #0        (https://github.com/ethereum/execution-specs/blob/master/network-upgrades/mainnet-upgrades/istanbul.md)
[0;0m[0;37m[node3] [09-11|21:32:19.545] INFO <C Chain> core/blockchain.go:411  - Muir Glacier:                #0        (https://github.com/ethereum/execution-specs/blob/master/network-upgrades/mainnet-upgrades/muir-glacier.md)
[0;0m[0;37m[node3] [09-11|21:32:19.545] INFO <C Chain> core/blockchain.go:411  - Berlin:                      #0        (https://github.com/ethereum/execution-specs/blob/master/network-upgrades/mainnet-upgrades/berlin.md)
[0;0m[0;37m[node3] [09-11|21:32:19.545] INFO <C Chain> core/blockchain.go:411  - London:                      #0        (https://github.com/ethereum/execution-specs/blob/master/network-upgrades/mainnet-upgrades/london.md)
[0;0m[0;37m[node3] [09-11|21:32:19.545] INFO <C Chain> core/blockchain.go:411 
[0;0m[0;37m[node3] [09-11|21:32:19.545] INFO <C Chain> core/blockchain.go:411 The Merge is not yet available for this network!
[0;0m[0;37m[node3] [09-11|21:32:19.545] INFO <C Chain> core/blockchain.go:411  - Hard-fork specification: https://github.com/ethereum/execution-specs/blob/master/network-upgrades/mainnet-upgrades/paris.md
[0;0m[0;37m[node3] [09-11|21:32:19.545] INFO <C Chain> core/blockchain.go:411 
[0;0m[0;37m[node3] [09-11|21:32:19.545] INFO <C Chain> core/blockchain.go:411 Post-Merge hard forks (timestamp based):
[0;0m[0;37m[node3] [09-11|21:32:19.545] INFO <C Chain> core/blockchain.go:411  - Shanghai:                    @1607144400 (https://github.com/ethereum/execution-specs/blob/master/network-upgrades/mainnet-upgrades/shanghai.md)
[0;0m[0;37m[node3] [09-11|21:32:19.545] INFO <C Chain> core/blockchain.go:411  - Cancun:                      @1607144400 (https://github.com/ethereum/execution-specs/blob/master/network-upgrades/mainnet-upgrades/cancun.md)
[0;0m[0;37m[node3] [09-11|21:32:19.545] INFO <C Chain> core/blockchain.go:411 Avalanche Upgrades (timestamp based):
[0;0m[0;37m[node3] [09-11|21:32:19.545] INFO <C Chain> core/blockchain.go:411  - Apricot Phase 1 Timestamp:        @1607144400 (https://github.com/ava-labs/avalanchego/releases/tag/v1.3.0)
[0;0m[0;37m[node3] [09-11|21:32:19.545] INFO <C Chain> core/blockchain.go:411  - Apricot Phase 2 Timestamp:        @1607144400 (https://github.com/ava-labs/avalanchego/releases/tag/v1.4.0)
[0;0m[0;37m[node3] [09-11|21:32:19.545] INFO <C Chain> core/blockchain.go:411  - Apricot Phase 3 Timestamp:        @1607144400 (https://github.com/ava-labs/avalanchego/releases/tag/v1.5.0)
[0;0m[0;37m[node3] [09-11|21:32:19.545] INFO <C Chain> core/blockchain.go:411  - Apricot Phase 4 Timestamp:        @1607144400 (https://github.com/ava-labs/avalanchego/releases/tag/v1.6.0)
[0;0m[0;37m[node3] [09-11|21:32:19.545] INFO <C Chain> core/blockchain.go:411  - Apricot Phase 5 Timestamp:        @1607144400 (https://github.com/ava-labs/avalanchego/releases/tag/v1.7.0)
[0;0m[0;37m[node3] [09-11|21:32:19.545] INFO <C Chain> core/blockchain.go:411  - Apricot Phase P6 Timestamp        @1607144400 (https://github.com/ava-labs/avalanchego/releases/tag/v1.8.0)
[0;0m[0;37m[node3] [09-11|21:32:19.545] INFO <C Chain> core/blockchain.go:411  - Apricot Phase 6 Timestamp:        @1607144400 (https://github.com/ava-labs/avalanchego/releases/tag/v1.8.0)
[0;0m[0;37m[node3] [09-11|21:32:19.545] INFO <C Chain> core/blockchain.go:411  - Apricot Phase Post-6 Timestamp:   @1607144400 (https://github.com/ava-labs/avalanchego/releases/tag/v1.8.0)
[0;0m[0;37m[node3] [09-11|21:32:19.545] INFO <C Chain> core/blockchain.go:411  - Banff Timestamp:                  @1607144400 (https://github.com/ava-labs/avalanchego/releases/tag/v1.9.0)
[0;0m[0;37m[node3] [09-11|21:32:19.545] INFO <C Chain> core/blockchain.go:411  - Cortina Timestamp:                @1607144400 (https://github.com/ava-labs/avalanchego/releases/tag/v1.10.0)
[0;0m[0;37m[node3] [09-11|21:32:19.545] INFO <C Chain> core/blockchain.go:411  - Durango Timestamp:                @1607144400 (https://github.com/ava-labs/avalanchego/releases/tag/v1.11.0)
[0;0m[0;37m[node3] [09-11|21:32:19.545] INFO <C Chain> core/blockchain.go:411  - Etna Timestamp:                   @1607144400 (https://github.com/ava-labs/avalanchego/releases/tag/v1.12.0)
[0;0m[0;37m[node3] [09-11|21:32:19.545] INFO <C Chain> core/blockchain.go:411  - Fortuna Timestamp:                @1607144400 (https://github.com/ava-labs/avalanchego/releases/tag/v1.13.0)
[0;0m[0;37m[node3] [09-11|21:32:19.545] INFO <C Chain> core/blockchain.go:411  - Granite Timestamp:                @1607144400 (https://github.com/ava-labs/avalanchego/releases/tag/v1.14.0)
[0;0m[0;37m[node3] [09-11|21:32:19.545] INFO <C Chain> core/blockchain.go:411  - Helicon Timestamp:                @253399622400 (Unscheduled)
[0;0m[0;37m[node3] [09-11|21:32:19.545] INFO <C Chain> core/blockchain.go:411 
[0;0m[0;37m[node3] [09-11|21:32:19.545] INFO <C Chain> core/blockchain.go:411 Upgrade Config: {"precompileUpgrades":[{"warpConfig":{"blockTimestamp":1607144400,"quorumNumerator":0,"requirePrimaryNetworkSigners":false}}]}
[0;0m[0;37m[node3] [09-11|21:32:19.545] INFO <C Chain> core/blockchain.go:411 
[0;0m[0;37m[node3] [09-11|21:32:19.545] INFO <C Chain> core/blockchain.go:413 ---------------------------------------------------------------------------------------------------------------------------------------------------------
[0;0m[0;37m[node3] [09-11|21:32:19.545] INFO <C Chain> core/blockchain.go:414 
[0;0m[0;37m[node3] [09-11|21:32:19.545] INFO <C Chain> core/blockchain.go:752 Loaded most recent local header          number=0 hash=608ddb..07b8b1 age=5y10mo6d
[0;0m[0;37m[node3] [09-11|21:32:19.545] INFO <C Chain> core/blockchain.go:753 Loaded most recent local full block      number=0 hash=608ddb..07b8b1 age=5y10mo6d
[0;0m[0;37m[node3] [09-11|21:32:19.545] INFO <C Chain> core/blockchain.go:1846 Loaded Acceptor tip                      hash=000000..000000
[0;0m[0;37m[node3] [09-11|21:32:19.545] INFO <C Chain> core/blockchain.go:1857 Skipping state reprocessing              root=328302..7a638f
[0;0m[0;37m[node3] [09-11|21:32:19.545] INFO <C Chain> core/blockchain.go:577 Not warming accepted cache because there are no accepted blocks
[0;0m[0;37m[node3] [09-11|21:32:19.545] INFO <C Chain> core/txpool/legacypool/legacypool.go:495 Legacy pool tip threshold updated        tip=0
[0;0m[0;37m[node3] [09-11|21:32:19.545] INFO <C Chain> core/blockchain.go:602 Starting Acceptor                        "queue length"=64
[0;0m[0;37m[node3] [09-11|21:32:19.545] INFO <C Chain> plugin/evm/atomic/state/atomic_repository.go:102 Initializing atomic transaction repository from scratch
[0;0m[0;37m[node3] [09-11|21:32:19.545] INFO <C Chain> plugin/evm/atomic/state/atomic_repository.go:178 Completed atomic transaction repository migration lastAcceptedHeight=0 duration="38.002µs"
[0;0m[0;37m[node3] [09-11|21:32:19.545] INFO <C Chain> plugin/evm/atomic/state/atomic_backend.go:86 initializing atomic trie                 lastCommittedHeight=0
[0;0m[0;37m[node3] [09-11|21:32:19.545] INFO <C Chain> plugin/evm/atomic/state/atomic_backend.go:167 finished initializing atomic trie        lastAcceptedHeight=0 lastAcceptedAtomicRoot=56e81f..63b421 heightsIndexed=0 lastCommittedRoot=56e81f..63b421 lastCommittedHeight=0 time="15.938µs"
[0;0m[0;37m[node3] [09-11|21:32:19.545] INFO <C Chain> proposervm/vm.go:208 initialized proposervm {"state": "before fork"}
[0;0m[0;37m[node3] [09-11|21:32:19.546] INFO <C Chain> snowman/engine.go:98 initializing consensus engine
[0;0m[0;37m[node3] [09-11|21:32:19.546] INFO health/worker.go:115 registered new check and initialized its state to failing {"name": "health", "name": "C", "tags": ["11111111111111111111111111111111LpoYY"]}
[0;0m[0;37m[node3] [09-11|21:32:19.546] INFO <C Chain> plugin/evm/vm.go:1067 enabling apis                            apis="[eth eth-filter net web3 internal-eth internal-blockchain internal-transaction internal-account]"
[0;0m[0;37m[node3] [09-11|21:32:19.546] INFO <C Chain> plugin/evm/atomic/vm/vm.go:340 AVAX API enabled
[0;0m[0;37m[node3] [09-11|21:32:19.546] INFO server/server.go:216 adding route {"url": "/ext/bc/NeA134STyTVwife7gYeNQ6Hwi5GPGC2X7aUFvWsnusnpM2do6", "endpoint": "/rpc"}
[0;0m[0;37m[node3] [09-11|21:32:19.546] INFO server/server.go:216 adding route {"url": "/ext/bc/NeA134STyTVwife7gYeNQ6Hwi5GPGC2X7aUFvWsnusnpM2do6", "endpoint": "/ws"}
[0;0m[0;37m[node3] [09-11|21:32:19.546] INFO server/server.go:216 adding route {"url": "/ext/bc/NeA134STyTVwife7gYeNQ6Hwi5GPGC2X7aUFvWsnusnpM2do6", "endpoint": "/avax"}
[0;0m[0;37m[node3] [09-11|21:32:19.546] INFO server/server.go:216 adding route {"url": "/ext/bc/NeA134STyTVwife7gYeNQ6Hwi5GPGC2X7aUFvWsnusnpM2do6", "endpoint": "/proposervm"}
[0;0m[0;37m[node3] [09-11|21:32:19.546] INFO indexer/index.go:92 created new index {"nextAcceptedIndex": 0}
[0;0m[0;37m[node3] [09-11|21:32:19.546] INFO server/server.go:245 adding route {"url": "/ext/index/C", "endpoint": "/block"}
[0;0m[0;37m[node3] [09-11|21:32:19.546] INFO <C Chain> syncer/state_syncer.go:113 starting state sync
[0;0m[0;37m[node3] [09-11|21:32:19.546] INFO chains/manager.go:376 creating chain {"subnetID": "11111111111111111111111111111111LpoYY", "chainID": "2NuxE6iXPyM9tknyHCVkTGQVM6Bj2rYMNW7tRd4aNiXXE3oPcB", "vmID": "jvYyfQTxGMJLuGWa55kdP2p2zSUYsQ5Raupu4TW34ZAUBAbtq"}
[0;0m[0;37m[node3] [09-11|21:32:19.547] INFO <X Chain> avm/vm.go:153 VM config initialized {"config": {"network":{"max-validator-set-staleness":60000000000,"target-gossip-size":20480,"push-gossip-percent-stake":0.9,"push-gossip-num-validators":100,"push-gossip-num-peers":0,"push-regossip-num-validators":10,"push-regossip-num-peers":0,"push-gossip-discarded-cache-size":16384,"push-gossip-max-regossip-frequency":30000000000,"push-gossip-frequency":500000000,"pull-gossip-frequency":1500000000,"pull-gossip-throttling-period":3600000000000,"pull-gossip-requests-per-validator":2400,"expected-bloom-filter-elements":8192,"expected-bloom-filter-false-positive-probability":0.01,"max-bloom-filter-false-positive-probability":0.05},"checksums-enabled":false}}
[0;0m[0;37m[node3] [09-11|21:32:19.547] INFO <X Chain> avm/vm.go:540 initializing genesis asset {"txID": "28VTWcsTZ55draGkmjdcS9CFFv4zC3PbvVjkyoqxzNC7Y5msRP"}
[0;0m[0;37m[node3] [09-11|21:32:19.547] INFO <X Chain> avm/vm.go:523 fee asset is established {"alias": "AVAX", "assetID": "28VTWcsTZ55draGkmjdcS9CFFv4zC3PbvVjkyoqxzNC7Y5msRP"}
[0;0m[0;37m[node3] [09-11|21:32:19.547] INFO chains/manager.go:756 creating proposervm wrapper {"activationTime": "[12-05|05:00:00.000]", "minPChainHeight": 0, "minBlockDelay": "1s", "numHistoricalBlocks": 0}
[0;0m[0;37m[node3] [09-11|21:32:19.547] INFO <X Chain> snowman/engine.go:98 initializing consensus engine
[0;0m[0;37m[node3] [09-11|21:32:19.547] INFO health/worker.go:115 registered new check and initialized its state to failing {"name": "health", "name": "X", "tags": ["11111111111111111111111111111111LpoYY"]}
[0;0m[0;37m[node3] [09-11|21:32:19.547] INFO server/server.go:216 adding route {"url": "/ext/bc/2NuxE6iXPyM9tknyHCVkTGQVM6Bj2rYMNW7tRd4aNiXXE3oPcB", "endpoint": ""}
[0;0m[0;37m[node3] [09-11|21:32:19.547] INFO server/server.go:216 adding route {"url": "/ext/bc/2NuxE6iXPyM9tknyHCVkTGQVM6Bj2rYMNW7tRd4aNiXXE3oPcB", "endpoint": "/wallet"}
[0;0m[0;37m[node3] [09-11|21:32:19.547] INFO indexer/index.go:92 created new index {"nextAcceptedIndex": 0}
[0;0m[0;37m[node3] [09-11|21:32:19.547] INFO server/server.go:245 adding route {"url": "/ext/index/X", "endpoint": "/block"}
[0;0m[0;37m[node3] [09-11|21:32:19.547] INFO indexer/index.go:92 created new index {"nextAcceptedIndex": 0}
[0;0m[0;37m[node3] [09-11|21:32:19.547] INFO server/server.go:245 adding route {"url": "/ext/index/X", "endpoint": "/vtx"}
[0;0m[0;37m[node3] [09-11|21:32:19.547] INFO indexer/index.go:92 created new index {"nextAcceptedIndex": 0}
[0;0m[0;37m[node3] [09-11|21:32:19.547] INFO server/server.go:245 adding route {"url": "/ext/index/X", "endpoint": "/tx"}
[0;0m[0;37m[node3] [09-11|21:32:19.547] INFO <X Chain> bootstrap/bootstrapper.go:320 starting bootstrap
[0;0m[0;37m[node3] [09-11|21:32:19.547] INFO <X Chain> bootstrap/bootstrapper.go:383 generated stop vertex {"vtxID": "CR6LXzHopW36h3tXzGneBCiR2qVfKGXoMtebyaRoj8PkQhNK6"}
[0;0m[0;37m[node3] [09-11|21:32:19.548] INFO <X Chain> bootstrap/bootstrapper.go:600 executing transactions
[0;0m[0;37m[node3] [09-11|21:32:19.548] INFO <X Chain> queue/jobs.go:223 executed operations {"numExecuted": 0}
[0;0m[0;37m[node3] [09-11|21:32:19.548] INFO <X Chain> bootstrap/bootstrapper.go:612 executing vertices
[0;0m[0;37m[node3] [09-11|21:32:19.548] INFO <X Chain> queue/jobs.go:223 executed operations {"numExecuted": 0}
[0;0m[0;37m[node3] [09-11|21:32:19.548] INFO <X Chain> proposervm/vm.go:208 initialized proposervm {"state": "before fork"}
[0;0m[0;37m[node3] [09-11|21:32:19.548] INFO <X Chain> bootstrap/bootstrapper.go:192 starting bootstrapper {"lastAcceptedID": "237MUBy5GzA7E67wBoPHQdSh2YL5s67GyUjjurmZvzn8UYgxSS", "lastAcceptedHeight": 0}
[0;0m[1;32m[node4] [09-11|21:32:19.624] INFO node/node.go:158 initializing node {"version": "avalanchego/1.14.2", "commit": "6e5acf909c7a16b991142d6b3979bac5699bdb68", "nodeID": "NodeID-GWPcbFJZFfZreETSoWjPimr846mXEKCtu", "stakingKeyType": "RSA", "nodePOP": {"publicKey":"0xb43f74196c2b9e9980f815a99288ef76166b42e93663dcbce3526f9652cdb58b31a3d68798b08fb9806024620ca1d6cd","proofOfPossession":"0x8880500af123806295355eadbb36084619de729e2c4ac057f73784eb806ae19b4738550617fa8d6820cf1a352e19af6d042e140b3c967b8573e063c1e5aabce50dc2156e9caa6428b58e06a3624ac8170793ff4b4095397c1c981fbb2383dae6"}, "providedFlags": {"api-admin-enabled":"true","bootstrap-ids":"NodeID-7Xhw2mDxuDS44j42TCB6U5579esbSt3Lg,NodeID-MFrZFVCXPv5iCn6M9K6XduxGTYp891xXZ,NodeID-NFBbbJ4qCmNaCzeW7sxErhvWqvEQMnYcN","bootstrap-ips":"127.0.0.1:45319,127.0.0.1:39243,127.0.0.1:40017","chain-config-dir":"/workspace/runs/native-04/network-data/node4/chainConfigs","config-file":"/workspace/runs/native-04/network-data/node4/configs/config.json","data-dir":"/workspace/runs/native-04/network-data/node4","db-dir":"/workspace/runs/native-04/network-data/node4/db","genesis-file":"/workspace/runs/native-04/network-data/node4/configs/genesis.json","health-check-frequency":"2s","http-host":"","http-port":"34387","index-enabled":"true","log-dir":"/workspace/runs/native-04/network-data/node4/logs","log-display-level":"INFO","log-level":"INFO","network-id":"1337","network-max-reconnect-delay":"1s","plugin-dir":"/workspace/runs/native-04/plugins","public-ip":"127.0.0.1","staking-port":"43359","subnet-config-dir":"/workspace/runs/native-04/network-data/node4/subnetConfigs"}, "config": {"httpConfig":{"readTimeout":30000000000,"readHeaderTimeout":30000000000,"writeHeaderTimeout":30000000000,"idleTimeout":120000000000,"apiConfig":{"indexerConfig":{"indexAPIEnabled":true,"indexAllowIncomplete":false},"adminAPIEnabled":true,"infoAPIEnabled":true,"metricsAPIEnabled":true,"healthAPIEnabled":true},"httpHost":"","httpPort":34387,"httpsEnabled":false,"httpAllowedOrigins":["*"],"httpAllowedHosts":["localhost"],"shutdownTimeout":10000000000,"shutdownWait":0},"ipConfig":{"publicIP":"127.0.0.1","publicIPResolutionService":"","publicIPResolutionFreq":300000000000,"listenHost":"","listenPort":43359},"stakingConfig":{"uptimeRequirement":0.8,"minValidatorStake":2000000000000,"maxValidatorStake":3000000000000000,"minDelegatorStake":25000000000,"minDelegationFee":20000,"minStakeDuration":86400000000000,"maxStakeDuration":31536000000000000,"rewardConfig":{"maxConsumptionRate":120000,"minConsumptionRate":100000,"mintingPeriod":31536000000000000,"supplyCap":720000000000000000},"sybilProtectionEnabled":true,"partialSyncPrimaryNetwork":false,"sybilProtectionDisabledWeight":100,"stakingTLSKeyPath":"/workspace/runs/native-04/network-data/node4/staking/staker.key","stakingTLSCertPath":"/workspace/runs/native-04/network-data/node4/staking/staker.crt","stakingSingerConfig":{"ephemeralSignerEnabled":false,"signerKeyContent":"","keyPath":"/workspace/runs/native-04/network-data/node4/staking/signer.key","RPCEndpoint":"","keyPathIsSet":false}},"txFeeConfig":{"createAssetTxFee":1000000,"txFee":1000000,"dynamicFeeConfig":{"weights":[1,1000,1000,4],"maxCapacity":1000000,"maxPerSecond":100000,"targetPerSecond":50000,"minPrice":1,"excessConversionConstant":2164043},"validatorFeeConfig":{"capacity":20000,"target":10000,"minPrice":1,"excessConversionConstant":865617}},"stateSyncConfig":{"stateSyncIDs":null,"stateSyncIPs":null},"bootstrapConfig":{"bootstrapBeaconConnectionTimeout":60000000000,"bootstrapAncestorsMaxContainersSent":2000,"bootstrapAncestorsMaxContainersReceived":2000,"bootstrapMaxTimeGetAncestors":50000000,"bootstrappers":[{"id":"NodeID-7Xhw2mDxuDS44j42TCB6U5579esbSt3Lg","ip":"127.0.0.1:45319"},{"id":"NodeID-MFrZFVCXPv5iCn6M9K6XduxGTYp891xXZ","ip":"127.0.0.1:39243"},{"id":"NodeID-NFBbbJ4qCmNaCzeW7sxErhvWqvEQMnYcN","ip":"127.0.0.1:40017"}]},"databaseConfig":{"readOnly":false,"path":"/workspace/runs/native-04/network-data/node4/db/network-1337","name":"leveldb"},"upgradeConfig":{"apricotPhase1Time":"2020-12-05T05:00:00Z","apricotPhase2Time":"2020-12-05T05:00:00Z","apricotPhase3Time":"2020-12-05T05:00:00Z","apricotPhase4Time":"2020-12-05T05:00:00Z","apricotPhase4MinPChainHeight":0,"apricotPhase5Time":"2020-12-05T05:00:00Z","apricotPhasePre6Time":"2020-12-05T05:00:00Z","apricotPhase6Time":"2020-12-05T05:00:00Z","apricotPhasePost6Time":"2020-12-05T05:00:00Z","banffTime":"2020-12-05T05:00:00Z","cortinaTime":"2020-12-05T05:00:00Z","cortinaXChainStopVertexID":"11111111111111111111111111111111LpoYY","durangoTime":"2020-12-05T05:00:00Z","etnaTime":"2020-12-05T05:00:00Z","fortunaTime":"2020-12-05T05:00:00Z","graniteTime":"2020-12-05T05:00:00Z","graniteEpochDuration":30000000000,"heliconTime":"9999-12-01T00:00:00Z"},"avaxAssetID":"28VTWcsTZ55draGkmjdcS9CFFv4zC3PbvVjkyoqxzNC7Y5msRP","networkID":1337,"healthCheckFreq":2000000000,"networkConfig":{"healthConfig":{"NoIngressValidatorConnectionGracePeriod":600000000000,"minConnectedPeers":1,"maxTimeSinceMsgReceived":60000000000,"maxTimeSinceMsgSent":60000000000,"maxPortionSendQueueBytesFull":0.9,"maxSendFailRate":0.9,"sendFailRateHalflife":10000000000},"peerListGossipConfig":{"peerListNumValidatorIPs":15,"peerListPullGossipFreq":2000000000,"peerListBloomResetFreq":60000000000},"timeoutConfigs":{"pingPongTimeout":30000000000,"readHandshakeTimeout":15000000000},"delayConfig":{"initialReconnectDelay":1000000000,"maxReconnectDelay":1000000000},"throttlerConfig":{"inboundConnUpgradeThrottlerConfig":{"upgradeCooldown":10000000000,"maxRecentConnsUpgraded":2560},"inboundMsgThrottlerConfig":{"byteThrottlerConfig":{"vdrAllocSize":33554432,"atLargeAllocSize":6291456,"nodeMaxAtLargeBytes":2097152},"bandwidthThrottlerConfig":{"bandwidthRefillRate":524288,"bandwidthMaxBurstRate":2097152},"cpuThrottlerConfig":{"maxRecheckDelay":5000000000},"diskThrottlerConfig":{"maxRecheckDelay":5000000000},"maxProcessingMsgsPerNode":1024},"outboundMsgThrottlerConfig":{"vdrAllocSize":33554432,"atLargeAllocSize":33554432,"nodeMaxAtLargeBytes":2097152},"maxInboundConnsPerSec":256},"proxyEnabled":false,"proxyReadHeaderTimeout":3000000000,"dialerConfig":{"throttleRps":50,"connectionTimeout":30000000000},"tlsKeyLogFile":"","myNodeID":"NodeID-111111111111111111116DBWJs","myIP":null,"networkID":0,"maxClockDifference":60000000000,"pingFrequency":22500000000,"allowPrivateIPs":true,"supportedACPs":[],"objectedACPs":[],"compressionType":"zstd","uptimeMetricFreq":30000000000,"requireValidatorToConnect":false,"maximumInboundMessageTimeout":10000000000,"peerReadBufferSize":8192,"peerWriteBufferSize":8192,"connectToAllValidators":false},"adaptiveTimeoutConfig":{"initialTimeout":5000000000,"minimumTimeout":2000000000,"maximumTimeout":10000000000,"timeoutCoefficient":2,"timeoutHalflife":300000000000},"benchlistConfig":{"halflife":60000000000,"unbenchProbability":0.2,"benchProbability":0.5,"benchDuration":300000000000,"maxPortion":0.08333333333333333},"profilerConfig":{"dir":"/workspace/runs/native-04/network-data/node4/profiles","enabled":false,"freq":900000000000,"maxNumFiles":5},"loggingConfig":{"maxSize":8,"maxFiles":7,"maxAge":0,"directory":"/workspace/runs/native-04/network-data/node4/logs","compress":false,"disableWriterDisplaying":false,"logLevel":"INFO","displayLevel":"INFO","logFormat":"plain"},"pluginDir":"/workspace/runs/native-04/plugins","fdLimit":32768,"meterVMEnabled":true,"routerHealthConfig":{"maxDropRate":1,"maxDropRateHalflife":10000000000,"maxOutstandingRequests":1024,"maxOutstandingDuration":300000000000,"maxRunTimeRequests":10000000000},"consensusShutdownTimeout":60000000000,"consensusGossipFreq":100000000,"consensusAppConcurrency":2,"trackedSubnets":[],"proposerMinBlockDelay":1000000000,"subnetConfigs":{"11111111111111111111111111111111LpoYY":{"validatorOnly":false,"allowedNodes":[],"consensusParameters":null,"snowParameters":{"k":20,"alphaPreference":15,"alphaConfidence":15,"beta":20,"concurrentRepolls":4,"optimalProcessing":10,"maxOutstandingItems":256,"maxItemProcessingTime":30000000000},"simplexParameters":null,"proposerNumHistoricalBlocks":0}},"chainAliases":null,"vmAliases":null,"systemTrackerProcessingHalflife":15000000000,"systemTrackerFrequency":500000000,"systemTrackerCPUHalflife":15000000000,"systemTrackerDiskHalflife":60000000000,"cpuTargeterConfig":{"vdrAlloc":64,"maxNonVdrUsage":51.2,"maxNonVdrNodeUsage":8},"diskTargeterConfig":{"vdrAlloc":1073741824000,"maxNonVdrUsage":1073741824000,"maxNonVdrNodeUsage":1073741824000},"requiredAvailableDiskSpacePercentage":3,"warningAvailableDiskSpacePercentage":10,"traceConfig":{"exporterConfig":{"type":"disabled","endpoint":"","headers":{},"insecure":true},"traceSampleRate":0.1,"appName":"avalanchego","version":"avalanchego/1.14.2"},"useCurrentHeight":false,"chainDataDir":"/workspace/runs/native-04/network-data/node4/chainData","processContextFilePath":"/workspace/runs/native-04/network-data/node4/process.json"}}
[0;0m[1;32m[node4] [09-11|21:32:19.624] INFO node/node.go:931 initializing NAT
[0;0m[1;32m[node4] [09-11|21:32:19.624] INFO node/node.go:949 initializing API server
[0;0m[1;32m[node4] [09-11|21:32:19.624] WARN node/node.go:986 HTTP server is binding to a potentially public host. You may be vulnerable to a DoS attack if your HTTP port is publicly accessible {"host": ""}
[0;0m[1;32m[node4] [09-11|21:32:19.624] INFO server/server.go:133 API created {"allowedOrigins": ["*"]}
[0;0m[1;32m[node4] [09-11|21:32:19.625] INFO node/node.go:1300 initializing metrics API
[0;0m[1;32m[node4] [09-11|21:32:19.625] INFO server/server.go:245 adding route {"url": "/ext/metrics", "endpoint": ""}
[0;0m[1;32m[node4] [09-11|21:32:19.625] INFO leveldb/db.go:205 creating leveldb {"config": {"blockCacheCapacity":12582912,"blockSize":0,"compactionExpandLimitFactor":0,"compactionGPOverlapsFactor":0,"compactionL0Trigger":0,"compactionSourceLimitFactor":0,"compactionTableSize":0,"compactionTableSizeMultiplier":0,"compactionTableSizeMultiplierPerLevel":null,"compactionTotalSize":0,"compactionTotalSizeMultiplier":0,"disableSeeksCompaction":true,"openFilesCacheCapacity":1024,"writeBuffer":6291456,"filterBitsPerKey":10,"maxManifestFileSize":9223372036854775807,"metricUpdateFrequency":10000000000}}
[0;0m[09-11|21:32:19.629] INFO local/network.go:620 adding node {"node-name": "node5", "node-dir": "/workspace/runs/native-04/network-data/node5", "log-dir": "/workspace/runs/native-04/network-data/node5/logs", "db-dir": "/workspace/runs/native-04/network-data/node5/db", "p2p-port": 33097, "api-port": 40121}
[09-11|21:32:19.629] INFO server/network.go:815 [0;36mprometheus conf file /workspace/runs/native-04/network-data/prometheus.yaml[0;0m
[09-11|21:32:19.630] INFO ux/output.go:13 [0;34m[;1mwaiting for all nodes to report healthy...[0;0m[0;0m
[09-11|21:32:19.630] INFO local/network.go:668 checking local network healthiness {"num-of-nodes": 5}
[0;36m[node1] [09-11|21:32:19.630] WARN health/health.go:110 failing check {"namespace": "health", "reason": {"C":{"error":"not yet run","timestamp":"0001-01-01T00:00:00Z","duration":0},"P":{"error":"not yet run","timestamp":"0001-01-01T00:00:00Z","duration":0},"X":{"error":"not yet run","timestamp":"0001-01-01T00:00:00Z","duration":0},"bls":{"message":"node is not a validator","timestamp":"2026-09-11T21:32:19.143814325Z","duration":1065},"bootstrapped":{"error":"not yet run","timestamp":"0001-01-01T00:00:00Z","duration":0},"database":{"timestamp":"2026-09-11T21:32:19.143810631Z","duration":13411},"diskspace":{"message":{"availableDiskBytes":1245014032384,"availableDiskPercentage":29},"timestamp":"2026-09-11T21:32:19.143796279Z","duration":7641},"futureupgrade":{"error":"no validators in the current validator set","timestamp":"2026-09-11T21:32:19.143730156Z","duration":6462,"contiguousFailures":1,"timeOfFirstFailure":"2026-09-11T21:32:19.143730156Z"},"network":{"message":{"connectedPeers":0,"sendFailRate":0},"error":"network layer is unhealthy reason: not connected to a minimum of 1 peer(s) only 0, no messages received from network, no messages sent to network","timestamp":"2026-09-11T21:32:19.143751701Z","duration":19168,"contiguousFailures":1,"timeOfFirstFailure":"2026-09-11T21:32:19.143751701Z"},"router":{"message":{"longestRunningRequest":"0s","outstandingRequests":0},"timestamp":"2026-09-11T21:32:19.143756806Z","duration":4626}}}
[0;0m[1;34m[node2] [09-11|21:32:19.630] WARN health/health.go:110 failing check {"namespace": "health", "reason": {"C":{"error":"not yet run","timestamp":"0001-01-01T00:00:00Z","duration":0},"P":{"error":"not yet run","timestamp":"0001-01-01T00:00:00Z","duration":0},"X":{"error":"not yet run","timestamp":"0001-01-01T00:00:00Z","duration":0},"bls":{"message":"node is not a validator","timestamp":"2026-09-11T21:32:19.323790918Z","duration":517},"bootstrapped":{"error":"not yet run","timestamp":"0001-01-01T00:00:00Z","duration":0},"database":{"timestamp":"2026-09-11T21:32:19.323774716Z","duration":15709},"diskspace":{"message":{"availableDiskBytes":1245013807104,"availableDiskPercentage":29},"timestamp":"2026-09-11T21:32:19.32379004Z","duration":5205},"futureupgrade":{"error":"no validators in the current validator set","timestamp":"2026-09-11T21:32:19.323797973Z","duration":2232,"contiguousFailures":1,"timeOfFirstFailure":"2026-09-11T21:32:19.323797973Z"},"network":{"message":{"connectedPeers":0,"sendFailRate":0},"error":"network layer is unhealthy reason: not connected to a minimum of 1 peer(s) only 0, no messages received from network, no messages sent to network","timestamp":"2026-09-11T21:32:19.323780146Z","duration":15953,"contiguousFailures":1,"timeOfFirstFailure":"2026-09-11T21:32:19.323780146Z"},"router":{"message":{"longestRunningRequest":"0s","outstandingRequests":0},"timestamp":"2026-09-11T21:32:19.32380512Z","duration":4662}}}
[0;0m[0;37m[node3] [09-11|21:32:19.630] WARN health/health.go:110 failing check {"namespace": "health", "reason": {"C":{"error":"not yet run","timestamp":"0001-01-01T00:00:00Z","duration":0},"P":{"error":"not yet run","timestamp":"0001-01-01T00:00:00Z","duration":0},"X":{"error":"not yet run","timestamp":"0001-01-01T00:00:00Z","duration":0},"bls":{"message":"node is not a validator","timestamp":"2026-09-11T21:32:19.501771211Z","duration":837},"bootstrapped":{"error":"not yet run","timestamp":"0001-01-01T00:00:00Z","duration":0},"database":{"timestamp":"2026-09-11T21:32:19.501783788Z","duration":13378},"diskspace":{"message":{"availableDiskBytes":1245013585920,"availableDiskPercentage":29},"timestamp":"2026-09-11T21:32:19.501758552Z","duration":9167},"futureupgrade":{"error":"no validators in the current validator set","timestamp":"2026-09-11T21:32:19.501760436Z","duration":5015,"contiguousFailures":1,"timeOfFirstFailure":"2026-09-11T21:32:19.501760436Z"},"network":{"message":{"connectedPeers":0,"sendFailRate":0},"error":"network layer is unhealthy reason: not connected to a minimum of 1 peer(s) only 0, no messages received from network, no messages sent to network","timestamp":"2026-09-11T21:32:19.501787714Z","duration":13814,"contiguousFailures":1,"timeOfFirstFailure":"2026-09-11T21:32:19.501787714Z"},"router":{"message":{"longestRunningRequest":"0s","outstandingRequests":0},"timestamp":"2026-09-11T21:32:19.501754158Z","duration":8954}}}
[0;0m[1;32m[node4] [09-11|21:32:19.657] INFO node/node.go:829 initializing database {"genesisHash": "2ed9HKxaGgRBm1Jca7UtD8yEhtxJGicEL5XYsbKf6R8oERZJ1X"}
[0;0m[1;32m[node4] [09-11|21:32:19.657] INFO node/node.go:1267 initializing SharedMemory
[0;0m[1;32m[node4] [09-11|21:32:19.658] WARN node/node.go:502 P2P IP is private, you will not be publicly discoverable {"ip": "127.0.0.1"}
[0;0m[1;32m[node4] [09-11|21:32:19.658] INFO node/node.go:517 initializing networking {"ip": "127.0.0.1:43359"}
[0;0m[1;32m[node4] [09-11|21:32:19.658] INFO node/node.go:1431 initializing Health API
[0;0m[1;32m[node4] [09-11|21:32:19.658] INFO health/worker.go:115 registered new check and initialized its state to failing {"name": "health", "name": "network", "tags": ["application"]}
[0;0m[1;32m[node4] [09-11|21:32:19.658] INFO health/worker.go:115 registered new check and initialized its state to failing {"name": "health", "name": "router", "tags": ["application"]}
[0;0m[1;32m[node4] [09-11|21:32:19.658] INFO health/worker.go:115 registered new check and initialized its state to failing {"name": "health", "name": "database", "tags": ["application"]}
[0;0m[1;32m[node4] [09-11|21:32:19.658] INFO health/worker.go:115 registered new check and initialized its state to failing {"name": "health", "name": "diskspace", "tags": ["application"]}
[0;0m[1;32m[node4] [09-11|21:32:19.658] INFO health/worker.go:115 registered new check and initialized its state to failing {"name": "health", "name": "bls", "tags": ["application"]}
[0;0m[1;32m[node4] [09-11|21:32:19.658] INFO health/worker.go:115 registered new check and initialized its state to failing {"name": "health", "name": "futureupgrade", "tags": ["application"]}
[0;0m[1;32m[node4] [09-11|21:32:19.658] INFO server/server.go:245 adding route {"url": "/ext/health", "endpoint": ""}
[0;0m[1;32m[node4] [09-11|21:32:19.658] INFO server/server.go:245 adding route {"url": "/ext/health", "endpoint": "/readiness"}
[0;0m[1;32m[node4] [09-11|21:32:19.658] INFO server/server.go:245 adding route {"url": "/ext/health", "endpoint": "/health"}
[0;0m[1;32m[node4] [09-11|21:32:19.658] INFO server/server.go:245 adding route {"url": "/ext/health", "endpoint": "/liveness"}
[0;0m[1;32m[node4] [09-11|21:32:19.659] INFO node/node.go:1041 adding the default VM aliases
[0;0m[1;32m[node4] [09-11|21:32:19.659] INFO node/node.go:1185 initializing VMs
[0;0m[1;32m[node4] [09-11|21:32:19.666] INFO subprocess/runtime.go:143 plugin handshake succeeded {"addr": "127.0.0.1:41949"}
[0;0m[1;32m[node4] [09-11|21:32:19.669] INFO node/node.go:1319 initializing admin API
[0;0m[1;32m[node4] [09-11|21:32:19.669] INFO server/server.go:245 adding route {"url": "/ext/admin", "endpoint": ""}
[0;0m[1;32m[node4] [09-11|21:32:19.669] INFO subprocess/runtime.go:111 stdout collector shutdown
[0;0m[1;32m[node4] [09-11|21:32:19.669] INFO node/node.go:1373 initializing info API
[0;0m[1;32m[node4] [09-11|21:32:19.669] INFO subprocess/runtime.go:124 stderr collector shutdown
[0;0m[1;32m[node4] [09-11|21:32:19.669] INFO server/server.go:245 adding route {"url": "/ext/info", "endpoint": ""}
[0;0m[1;32m[node4] [09-11|21:32:19.669] INFO node/node.go:1667 initializing chain aliases
[0;0m[1;32m[node4] [09-11|21:32:19.670] INFO node/node.go:1694 initializing API aliases
[0;0m[1;32m[node4] [09-11|21:32:19.670] INFO node/node.go:1346 skipping profiler initialization because it has been disabled
[0;0m[1;32m[node4] [09-11|21:32:19.670] INFO node/node.go:907 initializing chains
[0;0m[1;32m[node4] [09-11|21:32:19.670] INFO chains/manager.go:376 creating chain {"subnetID": "11111111111111111111111111111111LpoYY", "chainID": "11111111111111111111111111111111LpoYY", "vmID": "rWhpuQPF1kb72esV2momhMuTYGkEb1oL29pt2EBXWmSy4kxnT"}
[0;0m[1;32m[node4] [09-11|21:32:19.670] INFO health/worker.go:261 check started passing {"name": "health", "name": "router", "tags": ["application"]}
[0;0m[1;32m[node4] [09-11|21:32:19.670] INFO health/worker.go:261 check started passing {"name": "health", "name": "database", "tags": ["application"]}
[0;0m[1;32m[node4] [09-11|21:32:19.670] INFO health/worker.go:261 check started passing {"name": "health", "name": "bls", "tags": ["application"]}
[0;0m[1;32m[node4] [09-11|21:32:19.670] INFO health/worker.go:261 check started passing {"name": "health", "name": "diskspace", "tags": ["application"]}
[0;0m[1;32m[node4] [09-11|21:32:19.670] INFO chains/manager.go:1180 creating proposervm wrapper {"activationTime": "[12-05|05:00:00.000]", "minPChainHeight": 0, "minBlockDelay": "1s", "numHistoricalBlocks": 0}
[0;0m[1;32m[node4] [09-11|21:32:19.670] INFO <P Chain> platformvm/vm.go:113 using VM execution config {"config": {"network":{"max-validator-set-staleness":60000000000,"target-gossip-size":20480,"push-gossip-percent-stake":0.9,"push-gossip-num-validators":100,"push-gossip-num-peers":0,"push-regossip-num-validators":10,"push-regossip-num-peers":0,"push-gossip-discarded-cache-size":16384,"push-gossip-max-regossip-frequency":30000000000,"push-gossip-frequency":500000000,"pull-gossip-frequency":1500000000,"pull-gossip-throttling-period":3600000000000,"pull-gossip-requests-per-validator":2400,"expected-bloom-filter-elements":8192,"expected-bloom-filter-false-positive-probability":0.01,"max-bloom-filter-false-positive-probability":0.05},"block-cache-size":67108864,"tx-cache-size":134217728,"transformed-subnet-tx-cache-size":4194304,"reward-utxos-cache-size":2048,"chain-cache-size":2048,"chain-db-cache-size":2048,"block-id-cache-size":8192,"fx-owner-cache-size":4194304,"subnet-to-l1-conversion-cache-size":4194304,"l1-weights-cache-size":16384,"l1-inactive-validators-cache-size":262144,"l1-subnet-id-node-id-cache-size":16384,"checksums-enabled":false,"mempool-prune-frequency":1800000000000,"mempool-gas-capacity":1000000}}
[0;0m[1;32m[node4] [09-11|21:32:19.680] INFO <P Chain> platformvm/vm.go:233 initializing last accepted {"blkID": "2H5Kz4sMpZUus7cfzQzwZ5HHhuBKZEeWivHNkwAQezVdcW9vdC"}
[0;0m[1;32m[node4] [09-11|21:32:19.680] INFO <P Chain> proposervm/vm.go:208 initialized proposervm {"state": "before fork"}
[0;0m[1;32m[node4] [09-11|21:32:19.680] INFO <P Chain> snowman/engine.go:98 initializing consensus engine
[0;0m[1;32m[node4] [09-11|21:32:19.680] INFO <P Chain> state/state.go:3253 starting block reindexing
[0;0m[1;32m[node4] [09-11|21:32:19.681] INFO health/worker.go:115 registered new check and initialized its state to failing {"name": "health", "name": "P", "tags": ["11111111111111111111111111111111LpoYY"]}
[0;0m[1;32m[node4] [09-11|21:32:19.681] INFO server/server.go:216 adding route {"url": "/ext/bc/11111111111111111111111111111111LpoYY", "endpoint": ""}
[0;0m[1;32m[node4] [09-11|21:32:19.681] INFO server/server.go:216 adding route {"url": "/ext/bc/11111111111111111111111111111111LpoYY", "endpoint": "/proposervm"}
[0;0m[1;32m[node4] [09-11|21:32:19.681] INFO <P Chain> state/state.go:3358 finished block reindexing {"numIndicesUpdated": 0, "numIndicesChecked": 1, "duration": "262.482µs"}
[0;0m[1;32m[node4] [09-11|21:32:19.681] INFO indexer/index.go:92 created new index {"nextAcceptedIndex": 0}
[0;0m[1;32m[node4] [09-11|21:32:19.681] INFO server/server.go:245 adding route {"url": "/ext/index/P", "endpoint": "/block"}
[0;0m[1;32m[node4] [09-11|21:32:19.681] INFO health/worker.go:115 registered new check and initialized its state to failing {"name": "readiness", "name": "bootstrapped", "tags": ["application"]}
[0;0m[1;32m[node4] [09-11|21:32:19.681] INFO health/worker.go:115 registered new check and initialized its state to failing {"name": "health", "name": "bootstrapped", "tags": ["application"]}
[0;0m[1;32m[node4] [09-11|21:32:19.681] INFO <P Chain> bootstrap/bootstrapper.go:192 starting bootstrapper {"lastAcceptedID": "2H5Kz4sMpZUus7cfzQzwZ5HHhuBKZEeWivHNkwAQezVdcW9vdC", "lastAcceptedHeight": 0}
[0;0m[1;32m[node4] [09-11|21:32:19.681] INFO chains/manager.go:1512 starting chain creator
[0;0m[1;32m[node4] [09-11|21:32:19.681] INFO node/node.go:647 writing process context {"path": "/workspace/runs/native-04/network-data/node4/process.json"}
[0;0m[1;32m[node4] [09-11|21:32:19.688] INFO node/node.go:674 API server listening {"uri": "http://[::]:34387"}
[0;0m[1;32m[node4] [09-11|21:32:19.688] WARN health/health.go:110 failing check {"namespace": "health", "reason": {"P":{"error":"not yet run","timestamp":"0001-01-01T00:00:00Z","duration":0},"bls":{"message":"node is not a validator","timestamp":"2026-09-11T21:32:19.670332275Z","duration":872},"bootstrapped":{"error":"not yet run","timestamp":"0001-01-01T00:00:00Z","duration":0},"database":{"timestamp":"2026-09-11T21:32:19.670325388Z","duration":8755},"diskspace":{"message":{"availableDiskBytes":1245013356544,"availableDiskPercentage":29},"timestamp":"2026-09-11T21:32:19.670328198Z","duration":6943},"futureupgrade":{"error":"no validators in the current validator set","timestamp":"2026-09-11T21:32:19.67026297Z","duration":6467,"contiguousFailures":1,"timeOfFirstFailure":"2026-09-11T21:32:19.67026297Z"},"network":{"message":{"connectedPeers":0,"sendFailRate":0},"error":"network layer is unhealthy reason: not connected to a minimum of 1 peer(s) only 0, no messages received from network, no messages sent to network","timestamp":"2026-09-11T21:32:19.670276323Z","duration":11341,"contiguousFailures":1,"timeOfFirstFailure":"2026-09-11T21:32:19.670276323Z"},"router":{"message":{"longestRunningRequest":"0s","outstandingRequests":0},"timestamp":"2026-09-11T21:32:19.670280895Z","duration":3932}}}
[0;0m[0;36m[node1] [09-11|21:32:19.708] INFO <C Chain> syncer/state_syncer.go:469 starting state sync
[0;0m[0;37m[node3] [09-11|21:32:19.708] INFO <C Chain> syncer/state_syncer.go:469 starting state sync
[0;0m[1;34m[node2] [09-11|21:32:19.708] INFO <C Chain> syncer/state_syncer.go:469 starting state sync
[0;0m[1;32m[node4] [09-11|21:32:19.710] INFO <P Chain> bootstrap/bootstrapper.go:397 starting to fetch blocks {"numKnownBlocks": 0, "numAcceptedBlocks": 1, "numMissingBlocks": 1}
[0;0m[1;32m[node4] [09-11|21:32:19.710] INFO <P Chain> bootstrap/storage.go:195 executing blocks {"numToExecute": 0}
[0;0m[1;32m[node4] [09-11|21:32:19.710] INFO <P Chain> bootstrap/storage.go:187 executed blocks {"numExecuted": 0, "numToExecute": 0, "halted": false, "duration": "23.605µs"}
[0;0m[1;32m[node4] [09-11|21:32:19.710] INFO <P Chain> bootstrap/bootstrapper.go:738 waiting for the remaining chains in this subnet to finish syncing
[0;0m[1;32m[node4] [09-11|21:32:19.710] INFO chains/manager.go:376 creating chain {"subnetID": "11111111111111111111111111111111LpoYY", "chainID": "NeA134STyTVwife7gYeNQ6Hwi5GPGC2X7aUFvWsnusnpM2do6", "vmID": "mgj786NP7uDwBCcq6YwThhaN8FLyybkCa4zBWTQbNgmK6k9A6"}
[0;0m[1;32m[node4] [09-11|21:32:19.710] INFO chains/manager.go:1180 creating proposervm wrapper {"activationTime": "[12-05|05:00:00.000]", "minPChainHeight": 0, "minBlockDelay": "0s", "numHistoricalBlocks": 0}
[0;0m[1;32m[node4] [09-11|21:32:19.711] INFO <C Chain> plugin/evm/vm.go:299 Initializing Coreth VM                   Version=v1.14.2 "libevm version"=1.13.14-0.4.0.rc.2 Config="{GasTarget:<nil> MinDelayTarget:<nil> AdminAPIEnabled:false AdminAPIDir: WarpAPIEnabled:false EnabledEthAPIs:[eth eth-filter net web3 internal-eth internal-blockchain internal-transaction internal-account] ContinuousProfilerDir: ContinuousProfilerFrequency:15m0s ContinuousProfilerMaxFiles:5 RPCGasCap:50000000 RPCTxFeeCap:100 TrieCleanCache:512 TrieDirtyCache:512 TrieDirtyCommitTarget:20 TriePrefetcherParallelism:16 SnapshotCache:256 Preimages:false SnapshotWait:false SnapshotVerify:false Pruning:true AcceptorQueueLimit:64 CommitInterval:4096 AllowMissingTries:false PopulateMissingTries:<nil> PopulateMissingTriesParallelism:1024 PruneWarpDB:false HistoricalProofQueryWindow:43200 MetricsExpensiveEnabled:false LocalTxsEnabled:false PriceOptionSlowFeePercentage:95 PriceOptionFastFeePercentage:105 PriceOptionMaxTip:20000000000 TxPoolPriceLimit:1 TxPoolPriceBump:10 TxPoolAccountSlots:16 TxPoolGlobalSlots:5120 TxPoolAccountQueue:64 TxPoolGlobalQueue:1024 TxPoolLifetime:10m0s APIMaxDuration:0s WSCPURefillRate:0s WSCPUMaxStored:0s MaxBlocksPerRequest:0 AllowUnfinalizedQueries:false AllowUnprotectedTxs:false AllowUnprotectedTxHashes:[0xfefb2da535e927b85fe68eb81cb2e4a5827c905f78381a01ef2322aa9b0aee8e] KeystoreDirectory: KeystoreExternalSigner: KeystoreInsecureUnlockAllowed:false PushGossipPercentStake:0.9 PushGossipNumValidators:100 PushGossipNumPeers:0 PushRegossipNumValidators:10 PushRegossipNumPeers:0 PushGossipFrequency:100ms PullGossipFrequency:1s RegossipFrequency:30s LogLevel:info LogJSONFormat:false OfflinePruning:false OfflinePruningBloomFilterSize:512 OfflinePruningDataDirectory: MaxOutboundActiveRequests:16 StateSyncEnabled:<nil> StateSyncSkipResume:false StateSyncServerTrieCache:64 StateSyncIDs: StateSyncCommitInterval:16384 StateSyncMinBlocks:300000 StateSyncRequestSize:1024 InspectDatabase:false SkipUpgradeCheck:false AcceptedCacheSize:32 TransactionHistory:0 StateHistory:32 SkipTxIndexing:false WarpOffChainMessages:[] HTTPBodyLimit:0 BatchRequestLimit:1000 BatchResponseMaxSize:25000000 StateScheme:}"
[0;0m[1;32m[node4] [09-11|21:32:19.711] INFO <C Chain> core/state_processor_ext.go:55 Activating new precompile                name=warpConfig config="{\"blockTimestamp\":1607144400,\"quorumNumerator\":0,\"requirePrimaryNetworkSigners\":false}"
[0;0m[1;32m[node4] [09-11|21:32:19.711] INFO <C Chain> /home/runner/go/pkg/mod/github.com/ava-labs/libevm@v1.13.14-0.4.0.rc.2/triedb/hashdb/database.go:448 Persisted trie from memory database      nodes=3 size=406.00B time="13.136µs" gcnodes=0 gcsize=0.00B gctime=0s livenodes=0 livesize=0.00B
[0;0m[1;32m[node4] [09-11|21:32:19.711] INFO <C Chain> plugin/evm/vm.go:339 read last accepted                       hash=608ddb..07b8b1 height=0
[0;0m[1;32m[node4] [09-11|21:32:19.712] INFO <C Chain> eth/backend.go:150 Allocated memory caches                  "trie clean"=512.00MiB "trie dirty"=512.00MiB "snapshot clean"=256.00MiB
[0;0m[1;32m[node4] [09-11|21:32:19.712] INFO <C Chain> /home/runner/go/pkg/mod/github.com/ava-labs/libevm@v1.13.14-0.4.0.rc.2/core/rawdb/accessors_trie.go:334 State schema set to default              scheme=hash
[0;0m[1;32m[node4] [09-11|21:32:19.712] INFO <C Chain> eth/backend.go:198 Initialising Ethereum protocol           network=43112 dbversion=<nil>
[0;0m[1;32m[node4] [09-11|21:32:19.712] WARN <C Chain> eth/backend.go:204 Upgrade blockchain database version      from=<nil> to=8
[0;0m[1;32m[node4] [09-11|21:32:19.712] INFO <C Chain> core/genesis.go:145 Writing genesis to database
[0;0m[1;32m[node4] [09-11|21:32:19.712] INFO <C Chain> core/state_processor_ext.go:55 Activating new precompile                name=warpConfig config="{\"blockTimestamp\":1607144400,\"quorumNumerator\":0,\"requirePrimaryNetworkSigners\":false}"
[0;0m[1;32m[node4] [09-11|21:32:19.712] INFO <C Chain> /home/runner/work/avalanchego-internal/avalanchego-internal/graft/evm/triedb/hashdb/database.go:564 Persisted trie from memory database      nodes=3 size=406.00B time="58.071µs" gcnodes=0 gcsize=0.00B gctime=0s livenodes=0 livesize=0.00B
[0;0m[1;32m[node4] [09-11|21:32:19.712] INFO <C Chain> core/blockchain.go:408 
[0;0m[1;32m[node4] [09-11|21:32:19.712] INFO <C Chain> core/blockchain.go:409 ---------------------------------------------------------------------------------------------------------------------------------------------------------
[0;0m[1;32m[node4] [09-11|21:32:19.712] INFO <C Chain> core/blockchain.go:411 Chain ID:  43112 (unknown)
[0;0m[1;32m[node4] [09-11|21:32:19.712] INFO <C Chain> core/blockchain.go:411 Consensus: unknown
[0;0m[1;32m[node4] [09-11|21:32:19.712] INFO <C Chain> core/blockchain.go:411 
[0;0m[1;32m[node4] [09-11|21:32:19.712] INFO <C Chain> core/blockchain.go:411 Pre-Merge hard forks (block based):
[0;0m[1;32m[node4] [09-11|21:32:19.712] INFO <C Chain> core/blockchain.go:411  - Homestead:                   #0        (https://github.com/ethereum/execution-specs/blob/master/network-upgrades/mainnet-upgrades/homestead.md)
[0;0m[1;32m[node4] [09-11|21:32:19.712] INFO <C Chain> core/blockchain.go:411  - DAO Fork:                    #0        (https://github.com/ethereum/execution-specs/blob/master/network-upgrades/mainnet-upgrades/dao-fork.md)
[0;0m[1;32m[node4] [09-11|21:32:19.712] INFO <C Chain> core/blockchain.go:411  - Tangerine Whistle (EIP 150): #0        (https://github.com/ethereum/execution-specs/blob/master/network-upgrades/mainnet-upgrades/tangerine-whistle.md)
[0;0m[1;32m[node4] [09-11|21:32:19.712] INFO <C Chain> core/blockchain.go:411  - Spurious Dragon/1 (EIP 155): #0        (https://github.com/ethereum/execution-specs/blob/master/network-upgrades/mainnet-upgrades/spurious-dragon.md)
[0;0m[1;32m[node4] [09-11|21:32:19.712] INFO <C Chain> core/blockchain.go:411  - Spurious Dragon/2 (EIP 158): #0        (https://github.com/ethereum/execution-specs/blob/master/network-upgrades/mainnet-upgrades/spurious-dragon.md)
[0;0m[1;32m[node4] [09-11|21:32:19.712] INFO <C Chain> core/blockchain.go:411  - Byzantium:                   #0        (https://github.com/ethereum/execution-specs/blob/master/network-upgrades/mainnet-upgrades/byzantium.md)
[0;0m[1;32m[node4] [09-11|21:32:19.712] INFO <C Chain> core/blockchain.go:411  - Constantinople:              #0        (https://github.com/ethereum/execution-specs/blob/master/network-upgrades/mainnet-upgrades/constantinople.md)
[0;0m[1;32m[node4] [09-11|21:32:19.712] INFO <C Chain> core/blockchain.go:411  - Petersburg:                  #0        (https://github.com/ethereum/execution-specs/blob/master/network-upgrades/mainnet-upgrades/petersburg.md)
[0;0m[1;32m[node4] [09-11|21:32:19.712] INFO <C Chain> core/blockchain.go:411  - Istanbul:                    #0        (https://github.com/ethereum/execution-specs/blob/master/network-upgrades/mainnet-upgrades/istanbul.md)
[0;0m[1;32m[node4] [09-11|21:32:19.712] INFO <C Chain> core/blockchain.go:411  - Muir Glacier:                #0        (https://github.com/ethereum/execution-specs/blob/master/network-upgrades/mainnet-upgrades/muir-glacier.md)
[0;0m[1;32m[node4] [09-11|21:32:19.712] INFO <C Chain> core/blockchain.go:411  - Berlin:                      #0        (https://github.com/ethereum/execution-specs/blob/master/network-upgrades/mainnet-upgrades/berlin.md)
[0;0m[1;32m[node4] [09-11|21:32:19.712] INFO <C Chain> core/blockchain.go:411  - London:                      #0        (https://github.com/ethereum/execution-specs/blob/master/network-upgrades/mainnet-upgrades/london.md)
[0;0m[1;32m[node4] [09-11|21:32:19.712] INFO <C Chain> core/blockchain.go:411 
[0;0m[1;32m[node4] [09-11|21:32:19.712] INFO <C Chain> core/blockchain.go:411 The Merge is not yet available for this network!
[0;0m[1;32m[node4] [09-11|21:32:19.712] INFO <C Chain> core/blockchain.go:411  - Hard-fork specification: https://github.com/ethereum/execution-specs/blob/master/network-upgrades/mainnet-upgrades/paris.md
[0;0m[1;32m[node4] [09-11|21:32:19.712] INFO <C Chain> core/blockchain.go:411 
[0;0m[1;32m[node4] [09-11|21:32:19.712] INFO <C Chain> core/blockchain.go:411 Post-Merge hard forks (timestamp based):
[0;0m[1;32m[node4] [09-11|21:32:19.712] INFO <C Chain> core/blockchain.go:411  - Shanghai:                    @1607144400 (https://github.com/ethereum/execution-specs/blob/master/network-upgrades/mainnet-upgrades/shanghai.md)
[0;0m[1;32m[node4] [09-11|21:32:19.712] INFO <C Chain> core/blockchain.go:411  - Cancun:                      @1607144400 (https://github.com/ethereum/execution-specs/blob/master/network-upgrades/mainnet-upgrades/cancun.md)
[0;0m[1;32m[node4] [09-11|21:32:19.712] INFO <C Chain> core/blockchain.go:411 Avalanche Upgrades (timestamp based):
[0;0m[1;32m[node4] [09-11|21:32:19.712] INFO <C Chain> core/blockchain.go:411  - Apricot Phase 1 Timestamp:        @1607144400 (https://github.com/ava-labs/avalanchego/releases/tag/v1.3.0)
[0;0m[1;32m[node4] [09-11|21:32:19.712] INFO <C Chain> core/blockchain.go:411  - Apricot Phase 2 Timestamp:        @1607144400 (https://github.com/ava-labs/avalanchego/releases/tag/v1.4.0)
[0;0m[1;32m[node4] [09-11|21:32:19.712] INFO <C Chain> core/blockchain.go:411  - Apricot Phase 3 Timestamp:        @1607144400 (https://github.com/ava-labs/avalanchego/releases/tag/v1.5.0)
[0;0m[1;32m[node4] [09-11|21:32:19.712] INFO <C Chain> core/blockchain.go:411  - Apricot Phase 4 Timestamp:        @1607144400 (https://github.com/ava-labs/avalanchego/releases/tag/v1.6.0)
[0;0m[1;32m[node4] [09-11|21:32:19.712] INFO <C Chain> core/blockchain.go:411  - Apricot Phase 5 Timestamp:        @1607144400 (https://github.com/ava-labs/avalanchego/releases/tag/v1.7.0)
[0;0m[1;32m[node4] [09-11|21:32:19.712] INFO <C Chain> core/blockchain.go:411  - Apricot Phase P6 Timestamp        @1607144400 (https://github.com/ava-labs/avalanchego/releases/tag/v1.8.0)
[0;0m[1;32m[node4] [09-11|21:32:19.712] INFO <C Chain> core/blockchain.go:411  - Apricot Phase 6 Timestamp:        @1607144400 (https://github.com/ava-labs/avalanchego/releases/tag/v1.8.0)
[0;0m[1;32m[node4] [09-11|21:32:19.712] INFO <C Chain> core/blockchain.go:411  - Apricot Phase Post-6 Timestamp:   @1607144400 (https://github.com/ava-labs/avalanchego/releases/tag/v1.8.0)
[0;0m[1;32m[node4] [09-11|21:32:19.712] INFO <C Chain> core/blockchain.go:411  - Banff Timestamp:                  @1607144400 (https://github.com/ava-labs/avalanchego/releases/tag/v1.9.0)
[0;0m[1;32m[node4] [09-11|21:32:19.713] INFO <C Chain> core/blockchain.go:411  - Cortina Timestamp:                @1607144400 (https://github.com/ava-labs/avalanchego/releases/tag/v1.10.0)
[0;0m[1;32m[node4] [09-11|21:32:19.713] INFO <C Chain> core/blockchain.go:411  - Durango Timestamp:                @1607144400 (https://github.com/ava-labs/avalanchego/releases/tag/v1.11.0)
[0;0m[1;32m[node4] [09-11|21:32:19.713] INFO <C Chain> core/blockchain.go:411  - Etna Timestamp:                   @1607144400 (https://github.com/ava-labs/avalanchego/releases/tag/v1.12.0)
[0;0m[1;32m[node4] [09-11|21:32:19.713] INFO <C Chain> core/blockchain.go:411  - Fortuna Timestamp:                @1607144400 (https://github.com/ava-labs/avalanchego/releases/tag/v1.13.0)
[0;0m[1;32m[node4] [09-11|21:32:19.713] INFO <C Chain> core/blockchain.go:411  - Granite Timestamp:                @1607144400 (https://github.com/ava-labs/avalanchego/releases/tag/v1.14.0)
[0;0m[1;32m[node4] [09-11|21:32:19.713] INFO <C Chain> core/blockchain.go:411  - Helicon Timestamp:                @253399622400 (Unscheduled)
[0;0m[1;32m[node4] [09-11|21:32:19.713] INFO <C Chain> core/blockchain.go:411 
[0;0m[1;32m[node4] [09-11|21:32:19.713] INFO <C Chain> core/blockchain.go:411 Upgrade Config: {"precompileUpgrades":[{"warpConfig":{"blockTimestamp":1607144400,"quorumNumerator":0,"requirePrimaryNetworkSigners":false}}]}
[0;0m[1;32m[node4] [09-11|21:32:19.713] INFO <C Chain> core/blockchain.go:411 
[0;0m[1;32m[node4] [09-11|21:32:19.713] INFO <C Chain> core/blockchain.go:413 ---------------------------------------------------------------------------------------------------------------------------------------------------------
[0;0m[1;32m[node4] [09-11|21:32:19.713] INFO <C Chain> core/blockchain.go:414 
[0;0m[1;32m[node4] [09-11|21:32:19.713] INFO <C Chain> core/blockchain.go:752 Loaded most recent local header          number=0 hash=608ddb..07b8b1 age=5y10mo6d
[0;0m[1;32m[node4] [09-11|21:32:19.713] INFO <C Chain> core/blockchain.go:753 Loaded most recent local full block      number=0 hash=608ddb..07b8b1 age=5y10mo6d
[0;0m[1;32m[node4] [09-11|21:32:19.713] INFO <C Chain> core/blockchain.go:1846 Loaded Acceptor tip                      hash=000000..000000
[0;0m[1;32m[node4] [09-11|21:32:19.713] INFO <C Chain> core/blockchain.go:1857 Skipping state reprocessing              root=328302..7a638f
[0;0m[1;32m[node4] [09-11|21:32:19.713] INFO <C Chain> core/blockchain.go:577 Not warming accepted cache because there are no accepted blocks
[0;0m[1;32m[node4] [09-11|21:32:19.713] INFO <C Chain> core/txpool/legacypool/legacypool.go:495 Legacy pool tip threshold updated        tip=0
[0;0m[1;32m[node4] [09-11|21:32:19.713] INFO <C Chain> core/blockchain.go:602 Starting Acceptor                        "queue length"=64
[0;0m[1;32m[node4] [09-11|21:32:19.713] INFO <C Chain> plugin/evm/atomic/state/atomic_repository.go:102 Initializing atomic transaction repository from scratch
[0;0m[1;32m[node4] [09-11|21:32:19.713] INFO <C Chain> plugin/evm/atomic/state/atomic_repository.go:178 Completed atomic transaction repository migration lastAcceptedHeight=0 duration="50.18µs"
[0;0m[1;32m[node4] [09-11|21:32:19.713] INFO <C Chain> plugin/evm/atomic/state/atomic_backend.go:86 initializing atomic trie                 lastCommittedHeight=0
[0;0m[1;32m[node4] [09-11|21:32:19.713] INFO <C Chain> plugin/evm/atomic/state/atomic_backend.go:167 finished initializing atomic trie        lastAcceptedHeight=0 lastAcceptedAtomicRoot=56e81f..63b421 heightsIndexed=0 lastCommittedRoot=56e81f..63b421 lastCommittedHeight=0 time="18.59µs"
[0;0m[1;32m[node4] [09-11|21:32:19.713] INFO <C Chain> proposervm/vm.go:208 initialized proposervm {"state": "before fork"}
[0;0m[1;32m[node4] [09-11|21:32:19.714] INFO <C Chain> snowman/engine.go:98 initializing consensus engine
[0;0m[1;32m[node4] [09-11|21:32:19.714] INFO health/worker.go:115 registered new check and initialized its state to failing {"name": "health", "name": "C", "tags": ["11111111111111111111111111111111LpoYY"]}
[0;0m[1;32m[node4] [09-11|21:32:19.714] INFO <C Chain> plugin/evm/vm.go:1067 enabling apis                            apis="[eth eth-filter net web3 internal-eth internal-blockchain internal-transaction internal-account]"
[0;0m[1;32m[node4] [09-11|21:32:19.714] INFO <C Chain> plugin/evm/atomic/vm/vm.go:340 AVAX API enabled
[0;0m[1;32m[node4] [09-11|21:32:19.714] INFO server/server.go:216 adding route {"url": "/ext/bc/NeA134STyTVwife7gYeNQ6Hwi5GPGC2X7aUFvWsnusnpM2do6", "endpoint": "/rpc"}
[0;0m[1;32m[node4] [09-11|21:32:19.714] INFO server/server.go:216 adding route {"url": "/ext/bc/NeA134STyTVwife7gYeNQ6Hwi5GPGC2X7aUFvWsnusnpM2do6", "endpoint": "/ws"}
[0;0m[1;32m[node4] [09-11|21:32:19.714] INFO server/server.go:216 adding route {"url": "/ext/bc/NeA134STyTVwife7gYeNQ6Hwi5GPGC2X7aUFvWsnusnpM2do6", "endpoint": "/avax"}
[0;0m[1;32m[node4] [09-11|21:32:19.714] INFO server/server.go:216 adding route {"url": "/ext/bc/NeA134STyTVwife7gYeNQ6Hwi5GPGC2X7aUFvWsnusnpM2do6", "endpoint": "/proposervm"}
[0;0m[1;32m[node4] [09-11|21:32:19.715] INFO indexer/index.go:92 created new index {"nextAcceptedIndex": 0}
[0;0m[1;32m[node4] [09-11|21:32:19.715] INFO server/server.go:245 adding route {"url": "/ext/index/C", "endpoint": "/block"}
[0;0m[1;32m[node4] [09-11|21:32:19.715] INFO <C Chain> syncer/state_syncer.go:113 starting state sync
[0;0m[1;32m[node4] [09-11|21:32:19.715] INFO chains/manager.go:376 creating chain {"subnetID": "11111111111111111111111111111111LpoYY", "chainID": "2NuxE6iXPyM9tknyHCVkTGQVM6Bj2rYMNW7tRd4aNiXXE3oPcB", "vmID": "jvYyfQTxGMJLuGWa55kdP2p2zSUYsQ5Raupu4TW34ZAUBAbtq"}
[0;0m[1;32m[node4] [09-11|21:32:19.715] INFO <C Chain> syncer/state_syncer.go:469 starting state sync
[0;0m[1;32m[node4] [09-11|21:32:19.715] INFO <X Chain> avm/vm.go:153 VM config initialized {"config": {"network":{"max-validator-set-staleness":60000000000,"target-gossip-size":20480,"push-gossip-percent-stake":0.9,"push-gossip-num-validators":100,"push-gossip-num-peers":0,"push-regossip-num-validators":10,"push-regossip-num-peers":0,"push-gossip-discarded-cache-size":16384,"push-gossip-max-regossip-frequency":30000000000,"push-gossip-frequency":500000000,"pull-gossip-frequency":1500000000,"pull-gossip-throttling-period":3600000000000,"pull-gossip-requests-per-validator":2400,"expected-bloom-filter-elements":8192,"expected-bloom-filter-false-positive-probability":0.01,"max-bloom-filter-false-positive-probability":0.05},"checksums-enabled":false}}
[0;0m[1;32m[node4] [09-11|21:32:19.716] INFO <X Chain> avm/vm.go:540 initializing genesis asset {"txID": "28VTWcsTZ55draGkmjdcS9CFFv4zC3PbvVjkyoqxzNC7Y5msRP"}
[0;0m[1;32m[node4] [09-11|21:32:19.716] INFO <X Chain> avm/vm.go:523 fee asset is established {"alias": "AVAX", "assetID": "28VTWcsTZ55draGkmjdcS9CFFv4zC3PbvVjkyoqxzNC7Y5msRP"}
[0;0m[1;32m[node4] [09-11|21:32:19.716] INFO chains/manager.go:756 creating proposervm wrapper {"activationTime": "[12-05|05:00:00.000]", "minPChainHeight": 0, "minBlockDelay": "1s", "numHistoricalBlocks": 0}
[0;0m[1;32m[node4] [09-11|21:32:19.716] INFO <X Chain> snowman/engine.go:98 initializing consensus engine
[0;0m[1;32m[node4] [09-11|21:32:19.716] INFO health/worker.go:115 registered new check and initialized its state to failing {"name": "health", "name": "X", "tags": ["11111111111111111111111111111111LpoYY"]}
[0;0m[1;32m[node4] [09-11|21:32:19.716] INFO server/server.go:216 adding route {"url": "/ext/bc/2NuxE6iXPyM9tknyHCVkTGQVM6Bj2rYMNW7tRd4aNiXXE3oPcB", "endpoint": ""}
[0;0m[1;32m[node4] [09-11|21:32:19.716] INFO server/server.go:216 adding route {"url": "/ext/bc/2NuxE6iXPyM9tknyHCVkTGQVM6Bj2rYMNW7tRd4aNiXXE3oPcB", "endpoint": "/wallet"}
[0;0m[1;32m[node4] [09-11|21:32:19.716] INFO indexer/index.go:92 created new index {"nextAcceptedIndex": 0}
[0;0m[1;32m[node4] [09-11|21:32:19.716] INFO server/server.go:245 adding route {"url": "/ext/index/X", "endpoint": "/block"}
[0;0m[1;32m[node4] [09-11|21:32:19.716] INFO indexer/index.go:92 created new index {"nextAcceptedIndex": 0}
[0;0m[1;32m[node4] [09-11|21:32:19.716] INFO server/server.go:245 adding route {"url": "/ext/index/X", "endpoint": "/vtx"}
[0;0m[1;32m[node4] [09-11|21:32:19.716] INFO indexer/index.go:92 created new index {"nextAcceptedIndex": 0}
[0;0m[1;32m[node4] [09-11|21:32:19.716] INFO server/server.go:245 adding route {"url": "/ext/index/X", "endpoint": "/tx"}
[0;0m[1;32m[node4] [09-11|21:32:19.716] INFO <X Chain> bootstrap/bootstrapper.go:320 starting bootstrap
[0;0m[1;32m[node4] [09-11|21:32:19.717] INFO <X Chain> bootstrap/bootstrapper.go:383 generated stop vertex {"vtxID": "CR6LXzHopW36h3tXzGneBCiR2qVfKGXoMtebyaRoj8PkQhNK6"}
[0;0m[1;32m[node4] [09-11|21:32:19.717] INFO <X Chain> bootstrap/bootstrapper.go:600 executing transactions
[0;0m[1;32m[node4] [09-11|21:32:19.717] INFO <X Chain> queue/jobs.go:223 executed operations {"numExecuted": 0}
[0;0m[1;32m[node4] [09-11|21:32:19.717] INFO <X Chain> bootstrap/bootstrapper.go:612 executing vertices
[0;0m[1;32m[node4] [09-11|21:32:19.717] INFO <X Chain> queue/jobs.go:223 executed operations {"numExecuted": 0}
[0;0m[1;32m[node4] [09-11|21:32:19.717] INFO <X Chain> proposervm/vm.go:208 initialized proposervm {"state": "before fork"}
[0;0m[1;32m[node4] [09-11|21:32:19.717] INFO <X Chain> bootstrap/bootstrapper.go:192 starting bootstrapper {"lastAcceptedID": "237MUBy5GzA7E67wBoPHQdSh2YL5s67GyUjjurmZvzn8UYgxSS", "lastAcceptedHeight": 0}
[0;0m[1;35m[node5] [09-11|21:32:19.794] INFO node/node.go:158 initializing node {"version": "avalanchego/1.14.2", "commit": "6e5acf909c7a16b991142d6b3979bac5699bdb68", "nodeID": "NodeID-P7oB2McjBGgW2NXXWVYjV8JEDFoW9xDE5", "stakingKeyType": "RSA", "nodePOP": {"publicKey":"0xa37e938a8e1fb71286ae1a9dc81585bae5c63d8cae3b95160ce9acce621c8ee64afa0491a2c757ba24d8be2da1052090","proofOfPossession":"0x8e01fe13a6fa3ca5be4f78230b0d03ffff4741f186ddebf9a04819e8011eb9c1b81debad2e52a35ec89f4dfc517884b9075e46968d6c735f17cca3ab5c07a2cdc181233fcd8e9260d9fa7edc12572dff13972c9b3233f34258fb34d9e6b732ba"}, "providedFlags": {"api-admin-enabled":"true","bootstrap-ids":"NodeID-7Xhw2mDxuDS44j42TCB6U5579esbSt3Lg,NodeID-MFrZFVCXPv5iCn6M9K6XduxGTYp891xXZ,NodeID-NFBbbJ4qCmNaCzeW7sxErhvWqvEQMnYcN,NodeID-GWPcbFJZFfZreETSoWjPimr846mXEKCtu","bootstrap-ips":"127.0.0.1:45319,127.0.0.1:39243,127.0.0.1:40017,127.0.0.1:43359","chain-config-dir":"/workspace/runs/native-04/network-data/node5/chainConfigs","config-file":"/workspace/runs/native-04/network-data/node5/configs/config.json","data-dir":"/workspace/runs/native-04/network-data/node5","db-dir":"/workspace/runs/native-04/network-data/node5/db","genesis-file":"/workspace/runs/native-04/network-data/node5/configs/genesis.json","health-check-frequency":"2s","http-host":"","http-port":"40121","index-enabled":"true","log-dir":"/workspace/runs/native-04/network-data/node5/logs","log-display-level":"INFO","log-level":"INFO","network-id":"1337","network-max-reconnect-delay":"1s","plugin-dir":"/workspace/runs/native-04/plugins","public-ip":"127.0.0.1","staking-port":"33097","subnet-config-dir":"/workspace/runs/native-04/network-data/node5/subnetConfigs"}, "config": {"httpConfig":{"readTimeout":30000000000,"readHeaderTimeout":30000000000,"writeHeaderTimeout":30000000000,"idleTimeout":120000000000,"apiConfig":{"indexerConfig":{"indexAPIEnabled":true,"indexAllowIncomplete":false},"adminAPIEnabled":true,"infoAPIEnabled":true,"metricsAPIEnabled":true,"healthAPIEnabled":true},"httpHost":"","httpPort":40121,"httpsEnabled":false,"httpAllowedOrigins":["*"],"httpAllowedHosts":["localhost"],"shutdownTimeout":10000000000,"shutdownWait":0},"ipConfig":{"publicIP":"127.0.0.1","publicIPResolutionService":"","publicIPResolutionFreq":300000000000,"listenHost":"","listenPort":33097},"stakingConfig":{"uptimeRequirement":0.8,"minValidatorStake":2000000000000,"maxValidatorStake":3000000000000000,"minDelegatorStake":25000000000,"minDelegationFee":20000,"minStakeDuration":86400000000000,"maxStakeDuration":31536000000000000,"rewardConfig":{"maxConsumptionRate":120000,"minConsumptionRate":100000,"mintingPeriod":31536000000000000,"supplyCap":720000000000000000},"sybilProtectionEnabled":true,"partialSyncPrimaryNetwork":false,"sybilProtectionDisabledWeight":100,"stakingTLSKeyPath":"/workspace/runs/native-04/network-data/node5/staking/staker.key","stakingTLSCertPath":"/workspace/runs/native-04/network-data/node5/staking/staker.crt","stakingSingerConfig":{"ephemeralSignerEnabled":false,"signerKeyContent":"","keyPath":"/workspace/runs/native-04/network-data/node5/staking/signer.key","RPCEndpoint":"","keyPathIsSet":false}},"txFeeConfig":{"createAssetTxFee":1000000,"txFee":1000000,"dynamicFeeConfig":{"weights":[1,1000,1000,4],"maxCapacity":1000000,"maxPerSecond":100000,"targetPerSecond":50000,"minPrice":1,"excessConversionConstant":2164043},"validatorFeeConfig":{"capacity":20000,"target":10000,"minPrice":1,"excessConversionConstant":865617}},"stateSyncConfig":{"stateSyncIDs":null,"stateSyncIPs":null},"bootstrapConfig":{"bootstrapBeaconConnectionTimeout":60000000000,"bootstrapAncestorsMaxContainersSent":2000,"bootstrapAncestorsMaxContainersReceived":2000,"bootstrapMaxTimeGetAncestors":50000000,"bootstrappers":[{"id":"NodeID-7Xhw2mDxuDS44j42TCB6U5579esbSt3Lg","ip":"127.0.0.1:45319"},{"id":"NodeID-MFrZFVCXPv5iCn6M9K6XduxGTYp891xXZ","ip":"127.0.0.1:39243"},{"id":"NodeID-NFBbbJ4qCmNaCzeW7sxErhvWqvEQMnYcN","ip":"127.0.0.1:40017"},{"id":"NodeID-GWPcbFJZFfZreETSoWjPimr846mXEKCtu","ip":"127.0.0.1:43359"}]},"databaseConfig":{"readOnly":false,"path":"/workspace/runs/native-04/network-data/node5/db/network-1337","name":"leveldb"},"upgradeConfig":{"apricotPhase1Time":"2020-12-05T05:00:00Z","apricotPhase2Time":"2020-12-05T05:00:00Z","apricotPhase3Time":"2020-12-05T05:00:00Z","apricotPhase4Time":"2020-12-05T05:00:00Z","apricotPhase4MinPChainHeight":0,"apricotPhase5Time":"2020-12-05T05:00:00Z","apricotPhasePre6Time":"2020-12-05T05:00:00Z","apricotPhase6Time":"2020-12-05T05:00:00Z","apricotPhasePost6Time":"2020-12-05T05:00:00Z","banffTime":"2020-12-05T05:00:00Z","cortinaTime":"2020-12-05T05:00:00Z","cortinaXChainStopVertexID":"11111111111111111111111111111111LpoYY","durangoTime":"2020-12-05T05:00:00Z","etnaTime":"2020-12-05T05:00:00Z","fortunaTime":"2020-12-05T05:00:00Z","graniteTime":"2020-12-05T05:00:00Z","graniteEpochDuration":30000000000,"heliconTime":"9999-12-01T00:00:00Z"},"avaxAssetID":"28VTWcsTZ55draGkmjdcS9CFFv4zC3PbvVjkyoqxzNC7Y5msRP","networkID":1337,"healthCheckFreq":2000000000,"networkConfig":{"healthConfig":{"NoIngressValidatorConnectionGracePeriod":600000000000,"minConnectedPeers":1,"maxTimeSinceMsgReceived":60000000000,"maxTimeSinceMsgSent":60000000000,"maxPortionSendQueueBytesFull":0.9,"maxSendFailRate":0.9,"sendFailRateHalflife":10000000000},"peerListGossipConfig":{"peerListNumValidatorIPs":15,"peerListPullGossipFreq":2000000000,"peerListBloomResetFreq":60000000000},"timeoutConfigs":{"pingPongTimeout":30000000000,"readHandshakeTimeout":15000000000},"delayConfig":{"initialReconnectDelay":1000000000,"maxReconnectDelay":1000000000},"throttlerConfig":{"inboundConnUpgradeThrottlerConfig":{"upgradeCooldown":10000000000,"maxRecentConnsUpgraded":2560},"inboundMsgThrottlerConfig":{"byteThrottlerConfig":{"vdrAllocSize":33554432,"atLargeAllocSize":6291456,"nodeMaxAtLargeBytes":2097152},"bandwidthThrottlerConfig":{"bandwidthRefillRate":524288,"bandwidthMaxBurstRate":2097152},"cpuThrottlerConfig":{"maxRecheckDelay":5000000000},"diskThrottlerConfig":{"maxRecheckDelay":5000000000},"maxProcessingMsgsPerNode":1024},"outboundMsgThrottlerConfig":{"vdrAllocSize":33554432,"atLargeAllocSize":33554432,"nodeMaxAtLargeBytes":2097152},"maxInboundConnsPerSec":256},"proxyEnabled":false,"proxyReadHeaderTimeout":3000000000,"dialerConfig":{"throttleRps":50,"connectionTimeout":30000000000},"tlsKeyLogFile":"","myNodeID":"NodeID-111111111111111111116DBWJs","myIP":null,"networkID":0,"maxClockDifference":60000000000,"pingFrequency":22500000000,"allowPrivateIPs":true,"supportedACPs":[],"objectedACPs":[],"compressionType":"zstd","uptimeMetricFreq":30000000000,"requireValidatorToConnect":false,"maximumInboundMessageTimeout":10000000000,"peerReadBufferSize":8192,"peerWriteBufferSize":8192,"connectToAllValidators":false},"adaptiveTimeoutConfig":{"initialTimeout":5000000000,"minimumTimeout":2000000000,"maximumTimeout":10000000000,"timeoutCoefficient":2,"timeoutHalflife":300000000000},"benchlistConfig":{"halflife":60000000000,"unbenchProbability":0.2,"benchProbability":0.5,"benchDuration":300000000000,"maxPortion":0.08333333333333333},"profilerConfig":{"dir":"/workspace/runs/native-04/network-data/node5/profiles","enabled":false,"freq":900000000000,"maxNumFiles":5},"loggingConfig":{"maxSize":8,"maxFiles":7,"maxAge":0,"directory":"/workspace/runs/native-04/network-data/node5/logs","compress":false,"disableWriterDisplaying":false,"logLevel":"INFO","displayLevel":"INFO","logFormat":"plain"},"pluginDir":"/workspace/runs/native-04/plugins","fdLimit":32768,"meterVMEnabled":true,"routerHealthConfig":{"maxDropRate":1,"maxDropRateHalflife":10000000000,"maxOutstandingRequests":1024,"maxOutstandingDuration":300000000000,"maxRunTimeRequests":10000000000},"consensusShutdownTimeout":60000000000,"consensusGossipFreq":100000000,"consensusAppConcurrency":2,"trackedSubnets":[],"proposerMinBlockDelay":1000000000,"subnetConfigs":{"11111111111111111111111111111111LpoYY":{"validatorOnly":false,"allowedNodes":[],"consensusParameters":null,"snowParameters":{"k":20,"alphaPreference":15,"alphaConfidence":15,"beta":20,"concurrentRepolls":4,"optimalProcessing":10,"maxOutstandingItems":256,"maxItemProcessingTime":30000000000},"simplexParameters":null,"proposerNumHistoricalBlocks":0}},"chainAliases":null,"vmAliases":null,"systemTrackerProcessingHalflife":15000000000,"systemTrackerFrequency":500000000,"systemTrackerCPUHalflife":15000000000,"systemTrackerDiskHalflife":60000000000,"cpuTargeterConfig":{"vdrAlloc":64,"maxNonVdrUsage":51.2,"maxNonVdrNodeUsage":8},"diskTargeterConfig":{"vdrAlloc":1073741824000,"maxNonVdrUsage":1073741824000,"maxNonVdrNodeUsage":1073741824000},"requiredAvailableDiskSpacePercentage":3,"warningAvailableDiskSpacePercentage":10,"traceConfig":{"exporterConfig":{"type":"disabled","endpoint":"","headers":{},"insecure":true},"traceSampleRate":0.1,"appName":"avalanchego","version":"avalanchego/1.14.2"},"useCurrentHeight":false,"chainDataDir":"/workspace/runs/native-04/network-data/node5/chainData","processContextFilePath":"/workspace/runs/native-04/network-data/node5/process.json"}}
[0;0m[1;35m[node5] [09-11|21:32:19.794] INFO node/node.go:931 initializing NAT
[0;0m[1;35m[node5] [09-11|21:32:19.794] INFO node/node.go:949 initializing API server
[0;0m[1;35m[node5] [09-11|21:32:19.795] WARN node/node.go:986 HTTP server is binding to a potentially public host. You may be vulnerable to a DoS attack if your HTTP port is publicly accessible {"host": ""}
[0;0m[1;35m[node5] [09-11|21:32:19.795] INFO server/server.go:133 API created {"allowedOrigins": ["*"]}
[0;0m[1;35m[node5] [09-11|21:32:19.795] INFO node/node.go:1300 initializing metrics API
[0;0m[1;35m[node5] [09-11|21:32:19.795] INFO server/server.go:245 adding route {"url": "/ext/metrics", "endpoint": ""}
[0;0m[1;35m[node5] [09-11|21:32:19.795] INFO leveldb/db.go:205 creating leveldb {"config": {"blockCacheCapacity":12582912,"blockSize":0,"compactionExpandLimitFactor":0,"compactionGPOverlapsFactor":0,"compactionL0Trigger":0,"compactionSourceLimitFactor":0,"compactionTableSize":0,"compactionTableSizeMultiplier":0,"compactionTableSizeMultiplierPerLevel":null,"compactionTotalSize":0,"compactionTotalSizeMultiplier":0,"disableSeeksCompaction":true,"openFilesCacheCapacity":1024,"writeBuffer":6291456,"filterBitsPerKey":10,"maxManifestFileSize":9223372036854775807,"metricUpdateFrequency":10000000000}}
[0;0m[1;35m[node5] [09-11|21:32:19.822] INFO node/node.go:829 initializing database {"genesisHash": "2ed9HKxaGgRBm1Jca7UtD8yEhtxJGicEL5XYsbKf6R8oERZJ1X"}
[0;0m[1;35m[node5] [09-11|21:32:19.822] INFO node/node.go:1267 initializing SharedMemory
[0;0m[1;35m[node5] [09-11|21:32:19.823] WARN node/node.go:502 P2P IP is private, you will not be publicly discoverable {"ip": "127.0.0.1"}
[0;0m[1;35m[node5] [09-11|21:32:19.823] INFO node/node.go:517 initializing networking {"ip": "127.0.0.1:33097"}
[0;0m[1;35m[node5] [09-11|21:32:19.823] INFO node/node.go:1431 initializing Health API
[0;0m[1;35m[node5] [09-11|21:32:19.823] INFO health/worker.go:115 registered new check and initialized its state to failing {"name": "health", "name": "network", "tags": ["application"]}
[0;0m[1;35m[node5] [09-11|21:32:19.823] INFO health/worker.go:115 registered new check and initialized its state to failing {"name": "health", "name": "router", "tags": ["application"]}
[0;0m[1;35m[node5] [09-11|21:32:19.823] INFO health/worker.go:115 registered new check and initialized its state to failing {"name": "health", "name": "database", "tags": ["application"]}
[0;0m[1;35m[node5] [09-11|21:32:19.823] INFO health/worker.go:115 registered new check and initialized its state to failing {"name": "health", "name": "diskspace", "tags": ["application"]}
[0;0m[1;35m[node5] [09-11|21:32:19.823] INFO health/worker.go:115 registered new check and initialized its state to failing {"name": "health", "name": "bls", "tags": ["application"]}
[0;0m[1;35m[node5] [09-11|21:32:19.823] INFO health/worker.go:115 registered new check and initialized its state to failing {"name": "health", "name": "futureupgrade", "tags": ["application"]}
[0;0m[1;35m[node5] [09-11|21:32:19.824] INFO server/server.go:245 adding route {"url": "/ext/health", "endpoint": ""}
[0;0m[1;35m[node5] [09-11|21:32:19.824] INFO server/server.go:245 adding route {"url": "/ext/health", "endpoint": "/readiness"}
[0;0m[1;35m[node5] [09-11|21:32:19.824] INFO server/server.go:245 adding route {"url": "/ext/health", "endpoint": "/health"}
[0;0m[1;35m[node5] [09-11|21:32:19.824] INFO server/server.go:245 adding route {"url": "/ext/health", "endpoint": "/liveness"}
[0;0m[1;35m[node5] [09-11|21:32:19.824] INFO node/node.go:1041 adding the default VM aliases
[0;0m[1;35m[node5] [09-11|21:32:19.824] INFO node/node.go:1185 initializing VMs
[0;0m[1;35m[node5] [09-11|21:32:19.831] INFO subprocess/runtime.go:143 plugin handshake succeeded {"addr": "127.0.0.1:42923"}
[0;0m[1;35m[node5] [09-11|21:32:19.835] INFO subprocess/runtime.go:111 stdout collector shutdown
[0;0m[1;35m[node5] [09-11|21:32:19.835] INFO subprocess/runtime.go:124 stderr collector shutdown
[0;0m[1;35m[node5] [09-11|21:32:19.835] INFO node/node.go:1319 initializing admin API
[0;0m[1;35m[node5] [09-11|21:32:19.835] INFO server/server.go:245 adding route {"url": "/ext/admin", "endpoint": ""}
[0;0m[1;35m[node5] [09-11|21:32:19.835] INFO node/node.go:1373 initializing info API
[0;0m[1;35m[node5] [09-11|21:32:19.836] INFO server/server.go:245 adding route {"url": "/ext/info", "endpoint": ""}
[0;0m[1;35m[node5] [09-11|21:32:19.836] INFO node/node.go:1667 initializing chain aliases
[0;0m[1;35m[node5] [09-11|21:32:19.836] INFO node/node.go:1694 initializing API aliases
[0;0m[1;35m[node5] [09-11|21:32:19.836] INFO node/node.go:1346 skipping profiler initialization because it has been disabled
[0;0m[1;35m[node5] [09-11|21:32:19.836] INFO node/node.go:907 initializing chains
[0;0m[1;35m[node5] [09-11|21:32:19.836] INFO chains/manager.go:376 creating chain {"subnetID": "11111111111111111111111111111111LpoYY", "chainID": "11111111111111111111111111111111LpoYY", "vmID": "rWhpuQPF1kb72esV2momhMuTYGkEb1oL29pt2EBXWmSy4kxnT"}
[0;0m[1;35m[node5] [09-11|21:32:19.836] INFO health/worker.go:261 check started passing {"name": "health", "name": "diskspace", "tags": ["application"]}
[0;0m[1;35m[node5] [09-11|21:32:19.836] INFO health/worker.go:261 check started passing {"name": "health", "name": "bls", "tags": ["application"]}
[0;0m[1;35m[node5] [09-11|21:32:19.836] INFO health/worker.go:261 check started passing {"name": "health", "name": "router", "tags": ["application"]}
[0;0m[1;35m[node5] [09-11|21:32:19.836] INFO health/worker.go:261 check started passing {"name": "health", "name": "database", "tags": ["application"]}
[0;0m[1;35m[node5] [09-11|21:32:19.836] INFO chains/manager.go:1180 creating proposervm wrapper {"activationTime": "[12-05|05:00:00.000]", "minPChainHeight": 0, "minBlockDelay": "1s", "numHistoricalBlocks": 0}
[0;0m[1;35m[node5] [09-11|21:32:19.837] INFO <P Chain> platformvm/vm.go:113 using VM execution config {"config": {"network":{"max-validator-set-staleness":60000000000,"target-gossip-size":20480,"push-gossip-percent-stake":0.9,"push-gossip-num-validators":100,"push-gossip-num-peers":0,"push-regossip-num-validators":10,"push-regossip-num-peers":0,"push-gossip-discarded-cache-size":16384,"push-gossip-max-regossip-frequency":30000000000,"push-gossip-frequency":500000000,"pull-gossip-frequency":1500000000,"pull-gossip-throttling-period":3600000000000,"pull-gossip-requests-per-validator":2400,"expected-bloom-filter-elements":8192,"expected-bloom-filter-false-positive-probability":0.01,"max-bloom-filter-false-positive-probability":0.05},"block-cache-size":67108864,"tx-cache-size":134217728,"transformed-subnet-tx-cache-size":4194304,"reward-utxos-cache-size":2048,"chain-cache-size":2048,"chain-db-cache-size":2048,"block-id-cache-size":8192,"fx-owner-cache-size":4194304,"subnet-to-l1-conversion-cache-size":4194304,"l1-weights-cache-size":16384,"l1-inactive-validators-cache-size":262144,"l1-subnet-id-node-id-cache-size":16384,"checksums-enabled":false,"mempool-prune-frequency":1800000000000,"mempool-gas-capacity":1000000}}
[0;0m[1;35m[node5] [09-11|21:32:19.847] INFO <P Chain> platformvm/vm.go:233 initializing last accepted {"blkID": "2H5Kz4sMpZUus7cfzQzwZ5HHhuBKZEeWivHNkwAQezVdcW9vdC"}
[0;0m[1;35m[node5] [09-11|21:32:19.847] INFO <P Chain> proposervm/vm.go:208 initialized proposervm {"state": "before fork"}
[0;0m[1;35m[node5] [09-11|21:32:19.847] INFO <P Chain> snowman/engine.go:98 initializing consensus engine
[0;0m[1;35m[node5] [09-11|21:32:19.847] INFO <P Chain> state/state.go:3253 starting block reindexing
[0;0m[1;35m[node5] [09-11|21:32:19.847] INFO health/worker.go:115 registered new check and initialized its state to failing {"name": "health", "name": "P", "tags": ["11111111111111111111111111111111LpoYY"]}
[0;0m[1;35m[node5] [09-11|21:32:19.847] INFO <P Chain> state/state.go:3358 finished block reindexing {"numIndicesUpdated": 0, "numIndicesChecked": 1, "duration": "89.929µs"}
[0;0m[1;35m[node5] [09-11|21:32:19.847] INFO server/server.go:216 adding route {"url": "/ext/bc/11111111111111111111111111111111LpoYY", "endpoint": ""}
[0;0m[1;35m[node5] [09-11|21:32:19.847] INFO server/server.go:216 adding route {"url": "/ext/bc/11111111111111111111111111111111LpoYY", "endpoint": "/proposervm"}
[0;0m[1;35m[node5] [09-11|21:32:19.848] INFO indexer/index.go:92 created new index {"nextAcceptedIndex": 0}
[0;0m[1;35m[node5] [09-11|21:32:19.848] INFO server/server.go:245 adding route {"url": "/ext/index/P", "endpoint": "/block"}
[0;0m[1;35m[node5] [09-11|21:32:19.848] INFO health/worker.go:115 registered new check and initialized its state to failing {"name": "readiness", "name": "bootstrapped", "tags": ["application"]}
[0;0m[1;35m[node5] [09-11|21:32:19.848] INFO health/worker.go:115 registered new check and initialized its state to failing {"name": "health", "name": "bootstrapped", "tags": ["application"]}
[0;0m[1;35m[node5] [09-11|21:32:19.848] INFO <P Chain> bootstrap/bootstrapper.go:192 starting bootstrapper {"lastAcceptedID": "2H5Kz4sMpZUus7cfzQzwZ5HHhuBKZEeWivHNkwAQezVdcW9vdC", "lastAcceptedHeight": 0}
[0;0m[1;35m[node5] [09-11|21:32:19.848] INFO chains/manager.go:1512 starting chain creator
[0;0m[1;35m[node5] [09-11|21:32:19.848] INFO node/node.go:647 writing process context {"path": "/workspace/runs/native-04/network-data/node5/process.json"}
[0;0m[1;35m[node5] [09-11|21:32:19.855] INFO node/node.go:674 API server listening {"uri": "http://[::]:40121"}
[0;0m[1;35m[node5] [09-11|21:32:19.874] INFO <P Chain> bootstrap/bootstrapper.go:397 starting to fetch blocks {"numKnownBlocks": 0, "numAcceptedBlocks": 1, "numMissingBlocks": 1}
[0;0m[1;35m[node5] [09-11|21:32:19.875] INFO <P Chain> bootstrap/storage.go:195 executing blocks {"numToExecute": 0}
[0;0m[1;35m[node5] [09-11|21:32:19.875] INFO <P Chain> bootstrap/storage.go:187 executed blocks {"numExecuted": 0, "numToExecute": 0, "halted": false, "duration": "19.009µs"}
[0;0m[1;35m[node5] [09-11|21:32:19.875] INFO <P Chain> bootstrap/bootstrapper.go:738 waiting for the remaining chains in this subnet to finish syncing
[0;0m[1;35m[node5] [09-11|21:32:19.875] INFO chains/manager.go:376 creating chain {"subnetID": "11111111111111111111111111111111LpoYY", "chainID": "NeA134STyTVwife7gYeNQ6Hwi5GPGC2X7aUFvWsnusnpM2do6", "vmID": "mgj786NP7uDwBCcq6YwThhaN8FLyybkCa4zBWTQbNgmK6k9A6"}
[0;0m[1;35m[node5] [09-11|21:32:19.875] INFO chains/manager.go:1180 creating proposervm wrapper {"activationTime": "[12-05|05:00:00.000]", "minPChainHeight": 0, "minBlockDelay": "0s", "numHistoricalBlocks": 0}
[0;0m[1;35m[node5] [09-11|21:32:19.875] INFO <C Chain> plugin/evm/vm.go:299 Initializing Coreth VM                   Version=v1.14.2 "libevm version"=1.13.14-0.4.0.rc.2 Config="{GasTarget:<nil> MinDelayTarget:<nil> AdminAPIEnabled:false AdminAPIDir: WarpAPIEnabled:false EnabledEthAPIs:[eth eth-filter net web3 internal-eth internal-blockchain internal-transaction internal-account] ContinuousProfilerDir: ContinuousProfilerFrequency:15m0s ContinuousProfilerMaxFiles:5 RPCGasCap:50000000 RPCTxFeeCap:100 TrieCleanCache:512 TrieDirtyCache:512 TrieDirtyCommitTarget:20 TriePrefetcherParallelism:16 SnapshotCache:256 Preimages:false SnapshotWait:false SnapshotVerify:false Pruning:true AcceptorQueueLimit:64 CommitInterval:4096 AllowMissingTries:false PopulateMissingTries:<nil> PopulateMissingTriesParallelism:1024 PruneWarpDB:false HistoricalProofQueryWindow:43200 MetricsExpensiveEnabled:false LocalTxsEnabled:false PriceOptionSlowFeePercentage:95 PriceOptionFastFeePercentage:105 PriceOptionMaxTip:20000000000 TxPoolPriceLimit:1 TxPoolPriceBump:10 TxPoolAccountSlots:16 TxPoolGlobalSlots:5120 TxPoolAccountQueue:64 TxPoolGlobalQueue:1024 TxPoolLifetime:10m0s APIMaxDuration:0s WSCPURefillRate:0s WSCPUMaxStored:0s MaxBlocksPerRequest:0 AllowUnfinalizedQueries:false AllowUnprotectedTxs:false AllowUnprotectedTxHashes:[0xfefb2da535e927b85fe68eb81cb2e4a5827c905f78381a01ef2322aa9b0aee8e] KeystoreDirectory: KeystoreExternalSigner: KeystoreInsecureUnlockAllowed:false PushGossipPercentStake:0.9 PushGossipNumValidators:100 PushGossipNumPeers:0 PushRegossipNumValidators:10 PushRegossipNumPeers:0 PushGossipFrequency:100ms PullGossipFrequency:1s RegossipFrequency:30s LogLevel:info LogJSONFormat:false OfflinePruning:false OfflinePruningBloomFilterSize:512 OfflinePruningDataDirectory: MaxOutboundActiveRequests:16 StateSyncEnabled:<nil> StateSyncSkipResume:false StateSyncServerTrieCache:64 StateSyncIDs: StateSyncCommitInterval:16384 StateSyncMinBlocks:300000 StateSyncRequestSize:1024 InspectDatabase:false SkipUpgradeCheck:false AcceptedCacheSize:32 TransactionHistory:0 StateHistory:32 SkipTxIndexing:false WarpOffChainMessages:[] HTTPBodyLimit:0 BatchRequestLimit:1000 BatchResponseMaxSize:25000000 StateScheme:}"
[0;0m[1;35m[node5] [09-11|21:32:19.876] INFO <C Chain> core/state_processor_ext.go:55 Activating new precompile                name=warpConfig config="{\"blockTimestamp\":1607144400,\"quorumNumerator\":0,\"requirePrimaryNetworkSigners\":false}"
[0;0m[1;35m[node5] [09-11|21:32:19.876] INFO <C Chain> /home/runner/go/pkg/mod/github.com/ava-labs/libevm@v1.13.14-0.4.0.rc.2/triedb/hashdb/database.go:448 Persisted trie from memory database      nodes=3 size=406.00B time="9.147µs" gcnodes=0 gcsize=0.00B gctime=0s livenodes=0 livesize=0.00B
[0;0m[1;35m[node5] [09-11|21:32:19.876] INFO <C Chain> plugin/evm/vm.go:339 read last accepted                       hash=608ddb..07b8b1 height=0
[0;0m[1;35m[node5] [09-11|21:32:19.876] INFO <C Chain> eth/backend.go:150 Allocated memory caches                  "trie clean"=512.00MiB "trie dirty"=512.00MiB "snapshot clean"=256.00MiB
[0;0m[1;35m[node5] [09-11|21:32:19.876] INFO <C Chain> /home/runner/go/pkg/mod/github.com/ava-labs/libevm@v1.13.14-0.4.0.rc.2/core/rawdb/accessors_trie.go:334 State schema set to default              scheme=hash
[0;0m[1;35m[node5] [09-11|21:32:19.876] INFO <C Chain> eth/backend.go:198 Initialising Ethereum protocol           network=43112 dbversion=<nil>
[0;0m[1;35m[node5] [09-11|21:32:19.876] WARN <C Chain> eth/backend.go:204 Upgrade blockchain database version      from=<nil> to=8
[0;0m[1;35m[node5] [09-11|21:32:19.876] INFO <C Chain> core/genesis.go:145 Writing genesis to database
[0;0m[1;35m[node5] [09-11|21:32:19.876] INFO <C Chain> core/state_processor_ext.go:55 Activating new precompile                name=warpConfig config="{\"blockTimestamp\":1607144400,\"quorumNumerator\":0,\"requirePrimaryNetworkSigners\":false}"
[0;0m[1;35m[node5] [09-11|21:32:19.876] INFO <C Chain> /home/runner/work/avalanchego-internal/avalanchego-internal/graft/evm/triedb/hashdb/database.go:564 Persisted trie from memory database      nodes=3 size=406.00B time="54.437µs" gcnodes=0 gcsize=0.00B gctime=0s livenodes=0 livesize=0.00B
[0;0m[1;35m[node5] [09-11|21:32:19.876] INFO <C Chain> core/blockchain.go:408 
[0;0m[1;35m[node5] [09-11|21:32:19.877] INFO <C Chain> core/blockchain.go:409 ---------------------------------------------------------------------------------------------------------------------------------------------------------
[0;0m[1;35m[node5] [09-11|21:32:19.877] INFO <C Chain> core/blockchain.go:411 Chain ID:  43112 (unknown)
[0;0m[1;35m[node5] [09-11|21:32:19.877] INFO <C Chain> core/blockchain.go:411 Consensus: unknown
[0;0m[1;35m[node5] [09-11|21:32:19.877] INFO <C Chain> core/blockchain.go:411 
[0;0m[1;35m[node5] [09-11|21:32:19.877] INFO <C Chain> core/blockchain.go:411 Pre-Merge hard forks (block based):
[0;0m[1;35m[node5] [09-11|21:32:19.877] INFO <C Chain> core/blockchain.go:411  - Homestead:                   #0        (https://github.com/ethereum/execution-specs/blob/master/network-upgrades/mainnet-upgrades/homestead.md)
[0;0m[1;35m[node5] [09-11|21:32:19.877] INFO <C Chain> core/blockchain.go:411  - DAO Fork:                    #0        (https://github.com/ethereum/execution-specs/blob/master/network-upgrades/mainnet-upgrades/dao-fork.md)
[0;0m[1;35m[node5] [09-11|21:32:19.877] INFO <C Chain> core/blockchain.go:411  - Tangerine Whistle (EIP 150): #0        (https://github.com/ethereum/execution-specs/blob/master/network-upgrades/mainnet-upgrades/tangerine-whistle.md)
[0;0m[1;35m[node5] [09-11|21:32:19.877] INFO <C Chain> core/blockchain.go:411  - Spurious Dragon/1 (EIP 155): #0        (https://github.com/ethereum/execution-specs/blob/master/network-upgrades/mainnet-upgrades/spurious-dragon.md)
[0;0m[1;35m[node5] [09-11|21:32:19.877] INFO <C Chain> core/blockchain.go:411  - Spurious Dragon/2 (EIP 158): #0        (https://github.com/ethereum/execution-specs/blob/master/network-upgrades/mainnet-upgrades/spurious-dragon.md)
[0;0m[1;35m[node5] [09-11|21:32:19.877] INFO <C Chain> core/blockchain.go:411  - Byzantium:                   #0        (https://github.com/ethereum/execution-specs/blob/master/network-upgrades/mainnet-upgrades/byzantium.md)
[0;0m[1;35m[node5] [09-11|21:32:19.877] INFO <C Chain> core/blockchain.go:411  - Constantinople:              #0        (https://github.com/ethereum/execution-specs/blob/master/network-upgrades/mainnet-upgrades/constantinople.md)
[0;0m[1;35m[node5] [09-11|21:32:19.877] INFO <C Chain> core/blockchain.go:411  - Petersburg:                  #0        (https://github.com/ethereum/execution-specs/blob/master/network-upgrades/mainnet-upgrades/petersburg.md)
[0;0m[1;35m[node5] [09-11|21:32:19.877] INFO <C Chain> core/blockchain.go:411  - Istanbul:                    #0        (https://github.com/ethereum/execution-specs/blob/master/network-upgrades/mainnet-upgrades/istanbul.md)
[0;0m[1;35m[node5] [09-11|21:32:19.877] INFO <C Chain> core/blockchain.go:411  - Muir Glacier:                #0        (https://github.com/ethereum/execution-specs/blob/master/network-upgrades/mainnet-upgrades/muir-glacier.md)
[0;0m[1;35m[node5] [09-11|21:32:19.877] INFO <C Chain> core/blockchain.go:411  - Berlin:                      #0        (https://github.com/ethereum/execution-specs/blob/master/network-upgrades/mainnet-upgrades/berlin.md)
[0;0m[1;35m[node5] [09-11|21:32:19.877] INFO <C Chain> core/blockchain.go:411  - London:                      #0        (https://github.com/ethereum/execution-specs/blob/master/network-upgrades/mainnet-upgrades/london.md)
[0;0m[1;35m[node5] [09-11|21:32:19.877] INFO <C Chain> core/blockchain.go:411 
[0;0m[1;35m[node5] [09-11|21:32:19.877] INFO <C Chain> core/blockchain.go:411 The Merge is not yet available for this network!
[0;0m[1;35m[node5] [09-11|21:32:19.877] INFO <C Chain> core/blockchain.go:411  - Hard-fork specification: https://github.com/ethereum/execution-specs/blob/master/network-upgrades/mainnet-upgrades/paris.md
[0;0m[1;35m[node5] [09-11|21:32:19.877] INFO <C Chain> core/blockchain.go:411 
[0;0m[1;35m[node5] [09-11|21:32:19.877] INFO <C Chain> core/blockchain.go:411 Post-Merge hard forks (timestamp based):
[0;0m[1;35m[node5] [09-11|21:32:19.877] INFO <C Chain> core/blockchain.go:411  - Shanghai:                    @1607144400 (https://github.com/ethereum/execution-specs/blob/master/network-upgrades/mainnet-upgrades/shanghai.md)
[0;0m[1;35m[node5] [09-11|21:32:19.877] INFO <C Chain> core/blockchain.go:411  - Cancun:                      @1607144400 (https://github.com/ethereum/execution-specs/blob/master/network-upgrades/mainnet-upgrades/cancun.md)
[0;0m[1;35m[node5] [09-11|21:32:19.877] INFO <C Chain> core/blockchain.go:411 Avalanche Upgrades (timestamp based):
[0;0m[1;35m[node5] [09-11|21:32:19.877] INFO <C Chain> core/blockchain.go:411  - Apricot Phase 1 Timestamp:        @1607144400 (https://github.com/ava-labs/avalanchego/releases/tag/v1.3.0)
[0;0m[1;35m[node5] [09-11|21:32:19.877] INFO <C Chain> core/blockchain.go:411  - Apricot Phase 2 Timestamp:        @1607144400 (https://github.com/ava-labs/avalanchego/releases/tag/v1.4.0)
[0;0m[1;35m[node5] [09-11|21:32:19.877] INFO <C Chain> core/blockchain.go:411  - Apricot Phase 3 Timestamp:        @1607144400 (https://github.com/ava-labs/avalanchego/releases/tag/v1.5.0)
[0;0m[1;35m[node5] [09-11|21:32:19.877] INFO <C Chain> core/blockchain.go:411  - Apricot Phase 4 Timestamp:        @1607144400 (https://github.com/ava-labs/avalanchego/releases/tag/v1.6.0)
[0;0m[1;35m[node5] [09-11|21:32:19.877] INFO <C Chain> core/blockchain.go:411  - Apricot Phase 5 Timestamp:        @1607144400 (https://github.com/ava-labs/avalanchego/releases/tag/v1.7.0)
[0;0m[1;35m[node5] [09-11|21:32:19.877] INFO <C Chain> core/blockchain.go:411  - Apricot Phase P6 Timestamp        @1607144400 (https://github.com/ava-labs/avalanchego/releases/tag/v1.8.0)
[0;0m[1;35m[node5] [09-11|21:32:19.877] INFO <C Chain> core/blockchain.go:411  - Apricot Phase 6 Timestamp:        @1607144400 (https://github.com/ava-labs/avalanchego/releases/tag/v1.8.0)
[0;0m[1;35m[node5] [09-11|21:32:19.877] INFO <C Chain> core/blockchain.go:411  - Apricot Phase Post-6 Timestamp:   @1607144400 (https://github.com/ava-labs/avalanchego/releases/tag/v1.8.0)
[0;0m[1;35m[node5] [09-11|21:32:19.877] INFO <C Chain> core/blockchain.go:411  - Banff Timestamp:                  @1607144400 (https://github.com/ava-labs/avalanchego/releases/tag/v1.9.0)
[0;0m[1;35m[node5] [09-11|21:32:19.877] INFO <C Chain> core/blockchain.go:411  - Cortina Timestamp:                @1607144400 (https://github.com/ava-labs/avalanchego/releases/tag/v1.10.0)
[0;0m[1;35m[node5] [09-11|21:32:19.877] INFO <C Chain> core/blockchain.go:411  - Durango Timestamp:                @1607144400 (https://github.com/ava-labs/avalanchego/releases/tag/v1.11.0)
[0;0m[1;35m[node5] [09-11|21:32:19.877] INFO <C Chain> core/blockchain.go:411  - Etna Timestamp:                   @1607144400 (https://github.com/ava-labs/avalanchego/releases/tag/v1.12.0)
[0;0m[1;35m[node5] [09-11|21:32:19.877] INFO <C Chain> core/blockchain.go:411  - Fortuna Timestamp:                @1607144400 (https://github.com/ava-labs/avalanchego/releases/tag/v1.13.0)
[0;0m[1;35m[node5] [09-11|21:32:19.877] INFO <C Chain> core/blockchain.go:411  - Granite Timestamp:                @1607144400 (https://github.com/ava-labs/avalanchego/releases/tag/v1.14.0)
[0;0m[1;35m[node5] [09-11|21:32:19.877] INFO <C Chain> core/blockchain.go:411  - Helicon Timestamp:                @253399622400 (Unscheduled)
[0;0m[1;35m[node5] [09-11|21:32:19.877] INFO <C Chain> core/blockchain.go:411 
[0;0m[1;35m[node5] [09-11|21:32:19.877] INFO <C Chain> core/blockchain.go:411 Upgrade Config: {"precompileUpgrades":[{"warpConfig":{"blockTimestamp":1607144400,"quorumNumerator":0,"requirePrimaryNetworkSigners":false}}]}
[0;0m[1;35m[node5] [09-11|21:32:19.877] INFO <C Chain> core/blockchain.go:411 
[0;0m[1;35m[node5] [09-11|21:32:19.877] INFO <C Chain> core/blockchain.go:413 ---------------------------------------------------------------------------------------------------------------------------------------------------------
[0;0m[1;35m[node5] [09-11|21:32:19.877] INFO <C Chain> core/blockchain.go:414 
[0;0m[1;35m[node5] [09-11|21:32:19.877] INFO <C Chain> core/blockchain.go:752 Loaded most recent local header          number=0 hash=608ddb..07b8b1 age=5y10mo6d
[0;0m[1;35m[node5] [09-11|21:32:19.877] INFO <C Chain> core/blockchain.go:753 Loaded most recent local full block      number=0 hash=608ddb..07b8b1 age=5y10mo6d
[0;0m[1;35m[node5] [09-11|21:32:19.877] INFO <C Chain> core/blockchain.go:1846 Loaded Acceptor tip                      hash=000000..000000
[0;0m[1;35m[node5] [09-11|21:32:19.877] INFO <C Chain> core/blockchain.go:1857 Skipping state reprocessing              root=328302..7a638f
[0;0m[1;35m[node5] [09-11|21:32:19.877] INFO <C Chain> core/blockchain.go:577 Not warming accepted cache because there are no accepted blocks
[0;0m[1;35m[node5] [09-11|21:32:19.877] INFO <C Chain> core/txpool/legacypool/legacypool.go:495 Legacy pool tip threshold updated        tip=0
[0;0m[1;35m[node5] [09-11|21:32:19.877] INFO <C Chain> core/blockchain.go:602 Starting Acceptor                        "queue length"=64
[0;0m[1;35m[node5] [09-11|21:32:19.877] INFO <C Chain> plugin/evm/atomic/state/atomic_repository.go:102 Initializing atomic transaction repository from scratch
[0;0m[1;35m[node5] [09-11|21:32:19.877] INFO <C Chain> plugin/evm/atomic/state/atomic_repository.go:178 Completed atomic transaction repository migration lastAcceptedHeight=0 duration="54.958µs"
[0;0m[1;35m[node5] [09-11|21:32:19.877] INFO <C Chain> plugin/evm/atomic/state/atomic_backend.go:86 initializing atomic trie                 lastCommittedHeight=0
[0;0m[1;35m[node5] [09-11|21:32:19.878] INFO <C Chain> plugin/evm/atomic/state/atomic_backend.go:167 finished initializing atomic trie        lastAcceptedHeight=0 lastAcceptedAtomicRoot=56e81f..63b421 heightsIndexed=0 lastCommittedRoot=56e81f..63b421 lastCommittedHeight=0 time="23.621µs"
[0;0m[1;35m[node5] [09-11|21:32:19.878] INFO <C Chain> proposervm/vm.go:208 initialized proposervm {"state": "before fork"}
[0;0m[1;35m[node5] [09-11|21:32:19.878] INFO <C Chain> snowman/engine.go:98 initializing consensus engine
[0;0m[1;35m[node5] [09-11|21:32:19.878] INFO health/worker.go:115 registered new check and initialized its state to failing {"name": "health", "name": "C", "tags": ["11111111111111111111111111111111LpoYY"]}
[0;0m[1;35m[node5] [09-11|21:32:19.878] INFO <C Chain> plugin/evm/vm.go:1067 enabling apis                            apis="[eth eth-filter net web3 internal-eth internal-blockchain internal-transaction internal-account]"
[0;0m[1;35m[node5] [09-11|21:32:19.878] INFO <C Chain> plugin/evm/atomic/vm/vm.go:340 AVAX API enabled
[0;0m[1;35m[node5] [09-11|21:32:19.878] INFO server/server.go:216 adding route {"url": "/ext/bc/NeA134STyTVwife7gYeNQ6Hwi5GPGC2X7aUFvWsnusnpM2do6", "endpoint": "/rpc"}
[0;0m[1;35m[node5] [09-11|21:32:19.878] INFO server/server.go:216 adding route {"url": "/ext/bc/NeA134STyTVwife7gYeNQ6Hwi5GPGC2X7aUFvWsnusnpM2do6", "endpoint": "/ws"}
[0;0m[1;35m[node5] [09-11|21:32:19.878] INFO server/server.go:216 adding route {"url": "/ext/bc/NeA134STyTVwife7gYeNQ6Hwi5GPGC2X7aUFvWsnusnpM2do6", "endpoint": "/avax"}
[0;0m[1;35m[node5] [09-11|21:32:19.878] INFO server/server.go:216 adding route {"url": "/ext/bc/NeA134STyTVwife7gYeNQ6Hwi5GPGC2X7aUFvWsnusnpM2do6", "endpoint": "/proposervm"}
[0;0m[1;35m[node5] [09-11|21:32:19.878] INFO indexer/index.go:92 created new index {"nextAcceptedIndex": 0}
[0;0m[1;35m[node5] [09-11|21:32:19.878] INFO server/server.go:245 adding route {"url": "/ext/index/C", "endpoint": "/block"}
[0;0m[1;35m[node5] [09-11|21:32:19.878] INFO <C Chain> syncer/state_syncer.go:113 starting state sync
[0;0m[1;35m[node5] [09-11|21:32:19.879] INFO chains/manager.go:376 creating chain {"subnetID": "11111111111111111111111111111111LpoYY", "chainID": "2NuxE6iXPyM9tknyHCVkTGQVM6Bj2rYMNW7tRd4aNiXXE3oPcB", "vmID": "jvYyfQTxGMJLuGWa55kdP2p2zSUYsQ5Raupu4TW34ZAUBAbtq"}
[0;0m[1;35m[node5] [09-11|21:32:19.879] INFO <C Chain> syncer/state_syncer.go:469 starting state sync
[0;0m[1;35m[node5] [09-11|21:32:19.879] INFO <X Chain> avm/vm.go:153 VM config initialized {"config": {"network":{"max-validator-set-staleness":60000000000,"target-gossip-size":20480,"push-gossip-percent-stake":0.9,"push-gossip-num-validators":100,"push-gossip-num-peers":0,"push-regossip-num-validators":10,"push-regossip-num-peers":0,"push-gossip-discarded-cache-size":16384,"push-gossip-max-regossip-frequency":30000000000,"push-gossip-frequency":500000000,"pull-gossip-frequency":1500000000,"pull-gossip-throttling-period":3600000000000,"pull-gossip-requests-per-validator":2400,"expected-bloom-filter-elements":8192,"expected-bloom-filter-false-positive-probability":0.01,"max-bloom-filter-false-positive-probability":0.05},"checksums-enabled":false}}
[0;0m[1;35m[node5] [09-11|21:32:19.880] INFO <X Chain> avm/vm.go:540 initializing genesis asset {"txID": "28VTWcsTZ55draGkmjdcS9CFFv4zC3PbvVjkyoqxzNC7Y5msRP"}
[0;0m[1;35m[node5] [09-11|21:32:19.880] INFO <X Chain> avm/vm.go:523 fee asset is established {"alias": "AVAX", "assetID": "28VTWcsTZ55draGkmjdcS9CFFv4zC3PbvVjkyoqxzNC7Y5msRP"}
[0;0m[1;35m[node5] [09-11|21:32:19.880] INFO chains/manager.go:756 creating proposervm wrapper {"activationTime": "[12-05|05:00:00.000]", "minPChainHeight": 0, "minBlockDelay": "1s", "numHistoricalBlocks": 0}
[0;0m[1;35m[node5] [09-11|21:32:19.880] INFO <X Chain> snowman/engine.go:98 initializing consensus engine
[0;0m[1;35m[node5] [09-11|21:32:19.880] INFO health/worker.go:115 registered new check and initialized its state to failing {"name": "health", "name": "X", "tags": ["11111111111111111111111111111111LpoYY"]}
[0;0m[1;35m[node5] [09-11|21:32:19.880] INFO server/server.go:216 adding route {"url": "/ext/bc/2NuxE6iXPyM9tknyHCVkTGQVM6Bj2rYMNW7tRd4aNiXXE3oPcB", "endpoint": "/wallet"}
[0;0m[1;35m[node5] [09-11|21:32:19.880] INFO server/server.go:216 adding route {"url": "/ext/bc/2NuxE6iXPyM9tknyHCVkTGQVM6Bj2rYMNW7tRd4aNiXXE3oPcB", "endpoint": ""}
[0;0m[1;35m[node5] [09-11|21:32:19.880] INFO indexer/index.go:92 created new index {"nextAcceptedIndex": 0}
[0;0m[1;35m[node5] [09-11|21:32:19.880] INFO server/server.go:245 adding route {"url": "/ext/index/X", "endpoint": "/block"}
[0;0m[1;35m[node5] [09-11|21:32:19.880] INFO indexer/index.go:92 created new index {"nextAcceptedIndex": 0}
[0;0m[1;35m[node5] [09-11|21:32:19.880] INFO server/server.go:245 adding route {"url": "/ext/index/X", "endpoint": "/vtx"}
[0;0m[1;35m[node5] [09-11|21:32:19.880] INFO indexer/index.go:92 created new index {"nextAcceptedIndex": 0}
[0;0m[1;35m[node5] [09-11|21:32:19.880] INFO server/server.go:245 adding route {"url": "/ext/index/X", "endpoint": "/tx"}
[0;0m[1;35m[node5] [09-11|21:32:19.880] INFO <C Chain> /home/runner/work/avalanchego-internal/avalanchego-internal/graft/evm/sync/engine/client.go:227 last accepted too close to most recent syncable block, skipping state sync lastAccepted=0 syncableHeight=0
[0;0m[1;35m[node5] [09-11|21:32:19.880] INFO <X Chain> bootstrap/bootstrapper.go:320 starting bootstrap
[0;0m[1;35m[node5] [09-11|21:32:19.880] INFO <C Chain> syncer/state_syncer.go:391 accepted state summary {"summaryID": "hffnN9SXf6jsxQPxhMZjPJRvF9yeKpV9U4fQgfCWgUJomUPqe", "syncMode": "Skipped", "numTotalSummaries": 1}
[0;0m[1;35m[node5] [09-11|21:32:19.880] INFO <C Chain> core/blockchain.go:1818 Initializing snapshots                   async=false rebuild=true headHash=608ddb..07b8b1 headRoot=328302..7a638f
[0;0m[1;35m[node5] [09-11|21:32:19.880] WARN <C Chain> /home/runner/work/avalanchego-internal/avalanchego-internal/graft/evm/core/state/snapshot/snapshot.go:219 Failed to load snapshot, regenerating    err="missing or corrupted snapshot, no snapshot block hash: not found"
[0;0m[1;35m[node5] [09-11|21:32:19.880] INFO <C Chain> /home/runner/work/avalanchego-internal/avalanchego-internal/graft/evm/core/state/snapshot/snapshot.go:796 Rebuilding state snapshot
[0;0m[1;35m[node5] [09-11|21:32:19.881] INFO <C Chain> /home/runner/work/avalanchego-internal/avalanchego-internal/graft/evm/core/state/snapshot/wipe.go:135 Deleted state snapshot leftovers         kind=accounts wiped=0 elapsed="16.158µs"
[0;0m[1;35m[node5] [09-11|21:32:19.881] INFO <C Chain> /home/runner/work/avalanchego-internal/avalanchego-internal/graft/evm/core/state/snapshot/wipe.go:135 Deleted state snapshot leftovers         kind=storage  wiped=0 elapsed="9.276µs"
[0;0m[1;35m[node5] [09-11|21:32:19.881] INFO <X Chain> bootstrap/bootstrapper.go:383 generated stop vertex {"vtxID": "CR6LXzHopW36h3tXzGneBCiR2qVfKGXoMtebyaRoj8PkQhNK6"}
[0;0m[1;35m[node5] [09-11|21:32:19.881] INFO <X Chain> bootstrap/bootstrapper.go:600 executing transactions
[0;0m[1;35m[node5] [09-11|21:32:19.881] INFO <X Chain> queue/jobs.go:223 executed operations {"numExecuted": 0}
[0;0m[1;35m[node5] [09-11|21:32:19.881] INFO <X Chain> bootstrap/bootstrapper.go:612 executing vertices
[0;0m[1;35m[node5] [09-11|21:32:19.881] INFO <X Chain> queue/jobs.go:223 executed operations {"numExecuted": 0}
[0;0m[1;35m[node5] [09-11|21:32:19.881] INFO <C Chain> /home/runner/work/avalanchego-internal/avalanchego-internal/graft/evm/core/state/snapshot/snapshot.go:390 Waiting for snapshot generation          root=328302..7a638f
[0;0m[1;35m[node5] [09-11|21:32:19.881] INFO <C Chain> /home/runner/work/avalanchego-internal/avalanchego-internal/graft/evm/core/state/snapshot/context.go:107 Wiper running, state snapshotting paused accounts=0 slots=0 storage=0.00B elapsed="277.479µs"
[0;0m[1;35m[node5] [09-11|21:32:19.881] INFO <C Chain> /home/runner/work/avalanchego-internal/avalanchego-internal/graft/evm/core/state/snapshot/generate.go:307 Generated state snapshot                 accounts=2 slots=0 storage=121.00B elapsed="45.685µs"
[0;0m[1;35m[node5] [09-11|21:32:19.881] INFO <C Chain> bootstrap/bootstrapper.go:192 starting bootstrapper {"lastAcceptedID": "jXM4J36kLkSjgg1XgdrSPGtqAHxwok4NdcSx8j1hCmGUna9Ac", "lastAcceptedHeight": 0}
[0;0m[1;35m[node5] [09-11|21:32:19.881] INFO <X Chain> proposervm/vm.go:208 initialized proposervm {"state": "before fork"}
[0;0m[1;35m[node5] [09-11|21:32:19.881] INFO <X Chain> bootstrap/bootstrapper.go:192 starting bootstrapper {"lastAcceptedID": "237MUBy5GzA7E67wBoPHQdSh2YL5s67GyUjjurmZvzn8UYgxSS", "lastAcceptedHeight": 0}
[0;0m[1;35m[node5] [09-11|21:32:19.882] INFO <X Chain> bootstrap/bootstrapper.go:397 starting to fetch blocks {"numKnownBlocks": 0, "numAcceptedBlocks": 1, "numMissingBlocks": 1}
[0;0m[1;35m[node5] [09-11|21:32:19.882] INFO <C Chain> bootstrap/bootstrapper.go:397 starting to fetch blocks {"numKnownBlocks": 0, "numAcceptedBlocks": 1, "numMissingBlocks": 1}
[0;0m[1;35m[node5] [09-11|21:32:19.882] INFO <X Chain> bootstrap/storage.go:195 executing blocks {"numToExecute": 0}
[0;0m[1;35m[node5] [09-11|21:32:19.882] INFO <X Chain> bootstrap/storage.go:187 executed blocks {"numExecuted": 0, "numToExecute": 0, "halted": false, "duration": "17.04µs"}
[0;0m[1;35m[node5] [09-11|21:32:19.882] INFO <X Chain> bootstrap/bootstrapper.go:738 waiting for the remaining chains in this subnet to finish syncing
[0;0m[1;35m[node5] [09-11|21:32:19.882] INFO <C Chain> bootstrap/storage.go:195 executing blocks {"numToExecute": 0}
[0;0m[1;35m[node5] [09-11|21:32:19.882] INFO <C Chain> bootstrap/storage.go:187 executed blocks {"numExecuted": 0, "numToExecute": 0, "halted": false, "duration": "15.934µs"}
[0;0m[1;35m[node5] [09-11|21:32:19.882] INFO <C Chain> snowman/engine.go:511 starting consensus {"lastAcceptedID": "jXM4J36kLkSjgg1XgdrSPGtqAHxwok4NdcSx8j1hCmGUna9Ac", "lastAcceptedHeight": 0}
[0;0m[1;35m[node5] [09-11|21:32:19.882] INFO <X Chain> snowman/engine.go:511 starting consensus {"lastAcceptedID": "237MUBy5GzA7E67wBoPHQdSh2YL5s67GyUjjurmZvzn8UYgxSS", "lastAcceptedHeight": 0}
[0;0m[1;35m[node5] [09-11|21:32:19.882] INFO <P Chain> snowman/engine.go:511 starting consensus {"lastAcceptedID": "2H5Kz4sMpZUus7cfzQzwZ5HHhuBKZEeWivHNkwAQezVdcW9vdC", "lastAcceptedHeight": 0}
[0;0m[1;35m[node5] [09-11|21:32:19.882] INFO <P Chain> validators/logger.go:50 node added to validator set {"subnetID": "11111111111111111111111111111111LpoYY", "nodeID": "NodeID-P7oB2McjBGgW2NXXWVYjV8JEDFoW9xDE5", "publicKey": "0xa37e938a8e1fb71286ae1a9dc81585bae5c63d8cae3b95160ce9acce621c8ee64afa0491a2c757ba24d8be2da1052090", "txID": "Gj6q3cUZmsxtKFrbMtFWoYJHZ6Kpg9WjrEkA1Me7ur8NPMcPp", "weight": 2000000000000000}
[0;0m[0;36m[node1] [09-11|21:32:21.144] INFO health/worker.go:261 check started passing {"name": "health", "name": "P", "tags": ["11111111111111111111111111111111LpoYY"]}
[0;0m[0;36m[node1] [09-11|21:32:21.144] INFO health/worker.go:261 check started passing {"name": "health", "name": "X", "tags": ["11111111111111111111111111111111LpoYY"]}
[0;0m[0;36m[node1] [09-11|21:32:21.144] INFO health/worker.go:261 check started passing {"name": "health", "name": "network", "tags": ["application"]}
[0;0m[0;36m[node1] [09-11|21:32:21.144] INFO health/worker.go:261 check started passing {"name": "health", "name": "C", "tags": ["11111111111111111111111111111111LpoYY"]}
[0;0m[0;36m[node1] [09-11|21:32:21.144] INFO health/worker.go:261 check started passing {"name": "health", "name": "futureupgrade", "tags": ["application"]}
[0;0m[1;34m[node2] [09-11|21:32:21.324] INFO health/worker.go:261 check started passing {"name": "health", "name": "P", "tags": ["11111111111111111111111111111111LpoYY"]}
[0;0m[1;34m[node2] [09-11|21:32:21.324] INFO health/worker.go:261 check started passing {"name": "health", "name": "X", "tags": ["11111111111111111111111111111111LpoYY"]}
[0;0m[1;34m[node2] [09-11|21:32:21.324] INFO health/worker.go:261 check started passing {"name": "health", "name": "futureupgrade", "tags": ["application"]}
[0;0m[1;34m[node2] [09-11|21:32:21.324] INFO health/worker.go:261 check started passing {"name": "health", "name": "network", "tags": ["application"]}
[0;0m[1;34m[node2] [09-11|21:32:21.324] INFO health/worker.go:261 check started passing {"name": "health", "name": "C", "tags": ["11111111111111111111111111111111LpoYY"]}
[0;0m[0;37m[node3] [09-11|21:32:21.502] INFO health/worker.go:261 check started passing {"name": "health", "name": "C", "tags": ["11111111111111111111111111111111LpoYY"]}
[0;0m[0;37m[node3] [09-11|21:32:21.502] INFO health/worker.go:261 check started passing {"name": "health", "name": "network", "tags": ["application"]}
[0;0m[0;37m[node3] [09-11|21:32:21.502] INFO health/worker.go:261 check started passing {"name": "health", "name": "futureupgrade", "tags": ["application"]}
[0;0m[0;37m[node3] [09-11|21:32:21.502] INFO health/worker.go:261 check started passing {"name": "health", "name": "X", "tags": ["11111111111111111111111111111111LpoYY"]}
[0;0m[0;37m[node3] [09-11|21:32:21.502] INFO health/worker.go:261 check started passing {"name": "health", "name": "P", "tags": ["11111111111111111111111111111111LpoYY"]}
[0;0m[1;32m[node4] [09-11|21:32:21.670] INFO health/worker.go:261 check started passing {"name": "health", "name": "futureupgrade", "tags": ["application"]}
[0;0m[1;32m[node4] [09-11|21:32:21.670] INFO health/worker.go:261 check started passing {"name": "health", "name": "C", "tags": ["11111111111111111111111111111111LpoYY"]}
[0;0m[1;32m[node4] [09-11|21:32:21.670] INFO health/worker.go:261 check started passing {"name": "health", "name": "P", "tags": ["11111111111111111111111111111111LpoYY"]}
[0;0m[1;32m[node4] [09-11|21:32:21.670] INFO health/worker.go:261 check started passing {"name": "health", "name": "X", "tags": ["11111111111111111111111111111111LpoYY"]}
[0;0m[1;32m[node4] [09-11|21:32:21.670] INFO health/worker.go:261 check started passing {"name": "health", "name": "network", "tags": ["application"]}
[0;0m[0;37m[node3] [09-11|21:32:21.711] INFO <X Chain> bootstrap/bootstrapper.go:397 starting to fetch blocks {"numKnownBlocks": 0, "numAcceptedBlocks": 1, "numMissingBlocks": 1}
[0;0m[0;37m[node3] [09-11|21:32:21.711] INFO <X Chain> bootstrap/storage.go:195 executing blocks {"numToExecute": 0}
[0;0m[0;37m[node3] [09-11|21:32:21.711] INFO <X Chain> bootstrap/storage.go:187 executed blocks {"numExecuted": 0, "numToExecute": 0, "halted": false, "duration": "17.659µs"}
[0;0m[0;37m[node3] [09-11|21:32:21.711] INFO <X Chain> bootstrap/bootstrapper.go:738 waiting for the remaining chains in this subnet to finish syncing
[0;0m[0;37m[node3] [09-11|21:32:21.711] INFO <C Chain> /home/runner/work/avalanchego-internal/avalanchego-internal/graft/evm/sync/engine/client.go:227 last accepted too close to most recent syncable block, skipping state sync lastAccepted=0 syncableHeight=0
[0;0m[0;37m[node3] [09-11|21:32:21.711] INFO <C Chain> syncer/state_syncer.go:391 accepted state summary {"summaryID": "hffnN9SXf6jsxQPxhMZjPJRvF9yeKpV9U4fQgfCWgUJomUPqe", "syncMode": "Skipped", "numTotalSummaries": 1}
[0;0m[0;37m[node3] [09-11|21:32:21.711] INFO <C Chain> core/blockchain.go:1818 Initializing snapshots                   async=false rebuild=true headHash=608ddb..07b8b1 headRoot=328302..7a638f
[0;0m[0;37m[node3] [09-11|21:32:21.711] WARN <C Chain> /home/runner/work/avalanchego-internal/avalanchego-internal/graft/evm/core/state/snapshot/snapshot.go:219 Failed to load snapshot, regenerating    err="missing or corrupted snapshot, no snapshot block hash: not found"
[0;0m[0;37m[node3] [09-11|21:32:21.711] INFO <C Chain> /home/runner/work/avalanchego-internal/avalanchego-internal/graft/evm/core/state/snapshot/snapshot.go:796 Rebuilding state snapshot
[0;0m[0;37m[node3] [09-11|21:32:21.711] INFO <C Chain> /home/runner/work/avalanchego-internal/avalanchego-internal/graft/evm/core/state/snapshot/snapshot.go:390 Waiting for snapshot generation          root=328302..7a638f
[0;0m[0;37m[node3] [09-11|21:32:21.711] INFO <C Chain> /home/runner/work/avalanchego-internal/avalanchego-internal/graft/evm/core/state/snapshot/context.go:107 Wiper running, state snapshotting paused accounts=0 slots=0 storage=0.00B elapsed="162.881µs"
[0;0m[0;37m[node3] [09-11|21:32:21.711] INFO <C Chain> /home/runner/work/avalanchego-internal/avalanchego-internal/graft/evm/core/state/snapshot/wipe.go:135 Deleted state snapshot leftovers         kind=accounts wiped=0 elapsed="41.253µs"
[0;0m[0;37m[node3] [09-11|21:32:21.711] INFO <C Chain> /home/runner/work/avalanchego-internal/avalanchego-internal/graft/evm/core/state/snapshot/wipe.go:135 Deleted state snapshot leftovers         kind=storage  wiped=0 elapsed="8.19µs"
[0;0m[0;37m[node3] [09-11|21:32:21.711] INFO <C Chain> /home/runner/work/avalanchego-internal/avalanchego-internal/graft/evm/core/state/snapshot/generate.go:307 Generated state snapshot                 accounts=2 slots=0 storage=121.00B elapsed="70.678µs"
[0;0m[0;37m[node3] [09-11|21:32:21.711] INFO <C Chain> bootstrap/bootstrapper.go:192 starting bootstrapper {"lastAcceptedID": "jXM4J36kLkSjgg1XgdrSPGtqAHxwok4NdcSx8j1hCmGUna9Ac", "lastAcceptedHeight": 0}
[0;0m[0;37m[node3] [09-11|21:32:21.713] INFO <C Chain> bootstrap/bootstrapper.go:397 starting to fetch blocks {"numKnownBlocks": 0, "numAcceptedBlocks": 1, "numMissingBlocks": 1}
[0;0m[0;37m[node3] [09-11|21:32:21.713] INFO <C Chain> bootstrap/storage.go:195 executing blocks {"numToExecute": 0}
[0;0m[0;37m[node3] [09-11|21:32:21.713] INFO <C Chain> bootstrap/storage.go:187 executed blocks {"numExecuted": 0, "numToExecute": 0, "halted": false, "duration": "18.974µs"}
[0;0m[0;37m[node3] [09-11|21:32:21.713] INFO <C Chain> snowman/engine.go:511 starting consensus {"lastAcceptedID": "jXM4J36kLkSjgg1XgdrSPGtqAHxwok4NdcSx8j1hCmGUna9Ac", "lastAcceptedHeight": 0}
[0;0m[0;37m[node3] [09-11|21:32:21.713] INFO <P Chain> snowman/engine.go:511 starting consensus {"lastAcceptedID": "2H5Kz4sMpZUus7cfzQzwZ5HHhuBKZEeWivHNkwAQezVdcW9vdC", "lastAcceptedHeight": 0}
[0;0m[0;37m[node3] [09-11|21:32:21.713] INFO <X Chain> snowman/engine.go:511 starting consensus {"lastAcceptedID": "237MUBy5GzA7E67wBoPHQdSh2YL5s67GyUjjurmZvzn8UYgxSS", "lastAcceptedHeight": 0}
[0;0m[0;37m[node3] [09-11|21:32:21.713] INFO <P Chain> validators/logger.go:50 node added to validator set {"subnetID": "11111111111111111111111111111111LpoYY", "nodeID": "NodeID-NFBbbJ4qCmNaCzeW7sxErhvWqvEQMnYcN", "publicKey": "0xb20ab07ea5cf8b77ab50f2071a6f1d2aab693c8bd89761430cd29de9fa0dbae83a32c7697d59ff1b06995b1596c16fa6", "txID": "28JxZLJsEqTGuP9MK5vpb4DDzMpRkRXBGekNAj3skM8uzEw9p1", "weight": 2000000000000000}
[0;0m[1;32m[node4] [09-11|21:32:21.716] INFO <C Chain> /home/runner/work/avalanchego-internal/avalanchego-internal/graft/evm/sync/engine/client.go:227 last accepted too close to most recent syncable block, skipping state sync lastAccepted=0 syncableHeight=0
[0;0m[1;32m[node4] [09-11|21:32:21.716] INFO <C Chain> syncer/state_syncer.go:391 accepted state summary {"summaryID": "hffnN9SXf6jsxQPxhMZjPJRvF9yeKpV9U4fQgfCWgUJomUPqe", "syncMode": "Skipped", "numTotalSummaries": 1}
[0;0m[1;32m[node4] [09-11|21:32:21.717] INFO <C Chain> core/blockchain.go:1818 Initializing snapshots                   async=false rebuild=true headHash=608ddb..07b8b1 headRoot=328302..7a638f
[0;0m[1;32m[node4] [09-11|21:32:21.717] WARN <C Chain> /home/runner/work/avalanchego-internal/avalanchego-internal/graft/evm/core/state/snapshot/snapshot.go:219 Failed to load snapshot, regenerating    err="missing or corrupted snapshot, no snapshot block hash: not found"
[0;0m[1;32m[node4] [09-11|21:32:21.717] INFO <C Chain> /home/runner/work/avalanchego-internal/avalanchego-internal/graft/evm/core/state/snapshot/snapshot.go:796 Rebuilding state snapshot
[0;0m[1;32m[node4] [09-11|21:32:21.717] INFO <C Chain> /home/runner/work/avalanchego-internal/avalanchego-internal/graft/evm/core/state/snapshot/wipe.go:135 Deleted state snapshot leftovers         kind=accounts wiped=0 elapsed="36.56µs"
[0;0m[1;32m[node4] [09-11|21:32:21.717] INFO <C Chain> /home/runner/work/avalanchego-internal/avalanchego-internal/graft/evm/core/state/snapshot/snapshot.go:390 Waiting for snapshot generation          root=328302..7a638f
[0;0m[1;32m[node4] [09-11|21:32:21.717] INFO <C Chain> /home/runner/work/avalanchego-internal/avalanchego-internal/graft/evm/core/state/snapshot/wipe.go:135 Deleted state snapshot leftovers         kind=storage  wiped=0 elapsed="10.74µs"
[0;0m[1;32m[node4] [09-11|21:32:21.717] INFO <C Chain> /home/runner/work/avalanchego-internal/avalanchego-internal/graft/evm/core/state/snapshot/context.go:107 Wiper running, state snapshotting paused accounts=0 slots=0 storage=0.00B elapsed="306.176µs"
[0;0m[1;32m[node4] [09-11|21:32:21.717] INFO <C Chain> /home/runner/work/avalanchego-internal/avalanchego-internal/graft/evm/core/state/snapshot/generate.go:307 Generated state snapshot                 accounts=2 slots=0 storage=121.00B elapsed="46.995µs"
[0;0m[1;32m[node4] [09-11|21:32:21.717] INFO <C Chain> bootstrap/bootstrapper.go:192 starting bootstrapper {"lastAcceptedID": "jXM4J36kLkSjgg1XgdrSPGtqAHxwok4NdcSx8j1hCmGUna9Ac", "lastAcceptedHeight": 0}
[0;0m[1;32m[node4] [09-11|21:32:21.718] INFO <X Chain> bootstrap/bootstrapper.go:397 starting to fetch blocks {"numKnownBlocks": 0, "numAcceptedBlocks": 1, "numMissingBlocks": 1}
[0;0m[1;32m[node4] [09-11|21:32:21.718] INFO <X Chain> bootstrap/storage.go:195 executing blocks {"numToExecute": 0}
[0;0m[1;32m[node4] [09-11|21:32:21.718] INFO <X Chain> bootstrap/storage.go:187 executed blocks {"numExecuted": 0, "numToExecute": 0, "halted": false, "duration": "17.413µs"}
[0;0m[1;32m[node4] [09-11|21:32:21.718] INFO <X Chain> bootstrap/bootstrapper.go:738 waiting for the remaining chains in this subnet to finish syncing
[0;0m[1;32m[node4] [09-11|21:32:21.718] INFO <C Chain> bootstrap/bootstrapper.go:397 starting to fetch blocks {"numKnownBlocks": 0, "numAcceptedBlocks": 1, "numMissingBlocks": 1}
[0;0m[1;32m[node4] [09-11|21:32:21.718] INFO <C Chain> bootstrap/storage.go:195 executing blocks {"numToExecute": 0}
[0;0m[1;32m[node4] [09-11|21:32:21.718] INFO <C Chain> bootstrap/storage.go:187 executed blocks {"numExecuted": 0, "numToExecute": 0, "halted": false, "duration": "21.407µs"}
[0;0m[1;32m[node4] [09-11|21:32:21.718] INFO <C Chain> snowman/engine.go:511 starting consensus {"lastAcceptedID": "jXM4J36kLkSjgg1XgdrSPGtqAHxwok4NdcSx8j1hCmGUna9Ac", "lastAcceptedHeight": 0}
[0;0m[1;32m[node4] [09-11|21:32:21.718] INFO <X Chain> snowman/engine.go:511 starting consensus {"lastAcceptedID": "237MUBy5GzA7E67wBoPHQdSh2YL5s67GyUjjurmZvzn8UYgxSS", "lastAcceptedHeight": 0}
[0;0m[1;32m[node4] [09-11|21:32:21.719] INFO <P Chain> snowman/engine.go:511 starting consensus {"lastAcceptedID": "2H5Kz4sMpZUus7cfzQzwZ5HHhuBKZEeWivHNkwAQezVdcW9vdC", "lastAcceptedHeight": 0}
[0;0m[1;32m[node4] [09-11|21:32:21.719] INFO <P Chain> validators/logger.go:50 node added to validator set {"subnetID": "11111111111111111111111111111111LpoYY", "nodeID": "NodeID-GWPcbFJZFfZreETSoWjPimr846mXEKCtu", "publicKey": "0xb43f74196c2b9e9980f815a99288ef76166b42e93663dcbce3526f9652cdb58b31a3d68798b08fb9806024620ca1d6cd", "txID": "RnPq7DXzTwFhNWfhgJ7E4NKpEYJJWGLw2qJnH8ydvcXKGVKUR", "weight": 2000000000000000}
[0;0m[1;35m[node5] [09-11|21:32:21.837] INFO health/worker.go:261 check started passing {"name": "health", "name": "network", "tags": ["application"]}
[0;0m[1;35m[node5] [09-11|21:32:21.837] INFO health/worker.go:261 check started passing {"name": "health", "name": "futureupgrade", "tags": ["application"]}
[0;0m[1;35m[node5] [09-11|21:32:21.837] INFO health/worker.go:261 check started passing {"name": "health", "name": "P", "tags": ["11111111111111111111111111111111LpoYY"]}
[0;0m[1;35m[node5] [09-11|21:32:21.837] INFO health/worker.go:261 check started passing {"name": "health", "name": "bootstrapped", "tags": ["application"]}
[0;0m[1;35m[node5] [09-11|21:32:21.837] INFO health/worker.go:261 check started passing {"name": "health", "name": "C", "tags": ["11111111111111111111111111111111LpoYY"]}
[0;0m[1;35m[node5] [09-11|21:32:21.837] INFO health/worker.go:261 check started passing {"name": "readiness", "name": "bootstrapped", "tags": ["application"]}
[0;0m[1;35m[node5] [09-11|21:32:21.837] INFO health/worker.go:261 check started passing {"name": "health", "name": "X", "tags": ["11111111111111111111111111111111LpoYY"]}
[0;0m[0;36m[node1] [09-11|21:32:22.631] WARN health/health.go:110 failing check {"namespace": "health", "reason": {"C":{"message":{"engine":{"consensus":{},"vm":null},"networking":{"disconnectedValidators":[],"percentConnected":1}},"timestamp":"2026-09-11T21:32:21.144285579Z","duration":7218},"P":{"message":{"engine":{"consensus":{},"vm":null},"networking":{"disconnectedValidators":[],"percentConnected":1}},"timestamp":"2026-09-11T21:32:21.144194909Z","duration":18520},"X":{"message":{"engine":{"consensus":{},"vm":null},"networking":{"disconnectedValidators":[],"percentConnected":1}},"timestamp":"2026-09-11T21:32:21.144249485Z","duration":6678},"bls":{"message":"node has the correct BLS key","timestamp":"2026-09-11T21:32:21.144301266Z","duration":4683},"bootstrapped":{"message":["11111111111111111111111111111111LpoYY"],"error":"subnets not bootstrapped","timestamp":"2026-09-11T21:32:21.14424206Z","duration":4667,"contiguousFailures":1,"timeOfFirstFailure":"2026-09-11T21:32:21.14424206Z"},"database":{"timestamp":"2026-09-11T21:32:21.144273543Z","duration":5243},"diskspace":{"message":{"availableDiskBytes":1245013078016,"availableDiskPercentage":29},"timestamp":"2026-09-11T21:32:21.144277904Z","duration":3888},"futureupgrade":{"message":{"localUpgradeTime":"2020-12-05T05:00:00Z","modeUpgradeTime":"2020-12-05T05:00:00Z","modeUpgradeWeightPercentage":80,"numUpgradeTimes":1},"timestamp":"2026-09-11T21:32:21.144319296Z","duration":17687},"network":{"message":{"connectedPeers":4,"sendFailRate":0,"timeSinceLastMsgReceived":"1.144259906s","timeSinceLastMsgSent":"1.144259906s"},"timestamp":"2026-09-11T21:32:21.144261825Z","duration":5523},"router":{"message":{"longestRunningRequest":"1.435742559s","outstandingRequests":4},"timestamp":"2026-09-11T21:32:21.144296221Z","duration":2963}}}
[0;0m[0;37m[node3] [09-11|21:32:22.631] WARN health/health.go:110 failing check {"namespace": "health", "reason": {"C":{"message":{"engine":{"consensus":{},"vm":null},"networking":{"disconnectedValidators":[],"percentConnected":1}},"timestamp":"2026-09-11T21:32:21.502534296Z","duration":15512},"P":{"message":{"engine":{"consensus":{},"vm":null},"networking":{"disconnectedValidators":[],"percentConnected":1}},"timestamp":"2026-09-11T21:32:21.502663047Z","duration":10727},"X":{"message":{"engine":{"consensus":{},"vm":null},"networking":{"disconnectedValidators":[],"percentConnected":1}},"timestamp":"2026-09-11T21:32:21.502645649Z","duration":9787},"bls":{"message":"node has the correct BLS key","timestamp":"2026-09-11T21:32:21.50260955Z","duration":5214},"bootstrapped":{"message":["11111111111111111111111111111111LpoYY"],"error":"subnets not bootstrapped","timestamp":"2026-09-11T21:32:21.502674025Z","duration":3517,"contiguousFailures":1,"timeOfFirstFailure":"2026-09-11T21:32:21.502674025Z"},"database":{"timestamp":"2026-09-11T21:32:21.502664394Z","duration":12790},"diskspace":{"message":{"availableDiskBytes":1245013073920,"availableDiskPercentage":29},"timestamp":"2026-09-11T21:32:21.502604Z","duration":4257},"futureupgrade":{"message":{"localUpgradeTime":"2020-12-05T05:00:00Z","modeUpgradeTime":"2020-12-05T05:00:00Z","modeUpgradeWeightPercentage":80,"numUpgradeTimes":1},"timestamp":"2026-09-11T21:32:21.502628831Z","duration":18905},"network":{"message":{"connectedPeers":4,"sendFailRate":0,"timeSinceLastMsgReceived":"502.589672ms","timeSinceLastMsgSent":"502.589672ms"},"timestamp":"2026-09-11T21:32:21.502591656Z","duration":5495},"router":{"message":{"longestRunningRequest":"1.793965369s","outstandingRequests":4},"timestamp":"2026-09-11T21:32:21.50267139Z","duration":5588}}}
[0;0m[1;34m[node2] [09-11|21:32:22.631] WARN health/health.go:110 failing check {"namespace": "health", "reason": {"C":{"message":{"engine":{"consensus":{},"vm":null},"networking":{"disconnectedValidators":[],"percentConnected":1}},"timestamp":"2026-09-11T21:32:21.324830985Z","duration":18305},"P":{"message":{"engine":{"consensus":{},"vm":null},"networking":{"disconnectedValidators":[],"percentConnected":1}},"timestamp":"2026-09-11T21:32:21.324696711Z","duration":11999},"X":{"message":{"engine":{"consensus":{},"vm":null},"networking":{"disconnectedValidators":[],"percentConnected":1}},"timestamp":"2026-09-11T21:32:21.324749065Z","duration":5314},"bls":{"message":"node has the correct BLS key","timestamp":"2026-09-11T21:32:21.324770258Z","duration":4434},"bootstrapped":{"message":["11111111111111111111111111111111LpoYY"],"error":"subnets not bootstrapped","timestamp":"2026-09-11T21:32:21.324809679Z","duration":3397,"contiguousFailures":1,"timeOfFirstFailure":"2026-09-11T21:32:21.324809679Z"},"database":{"timestamp":"2026-09-11T21:32:21.324760862Z","duration":5609},"diskspace":{"message":{"availableDiskBytes":1245013078016,"availableDiskPercentage":29},"timestamp":"2026-09-11T21:32:21.324765472Z","duration":4118},"futureupgrade":{"message":{"localUpgradeTime":"2020-12-05T05:00:00Z","modeUpgradeTime":"2020-12-05T05:00:00Z","modeUpgradeWeightPercentage":80,"numUpgradeTimes":1},"timestamp":"2026-09-11T21:32:21.324797279Z","duration":26742},"network":{"message":{"connectedPeers":4,"sendFailRate":0,"timeSinceLastMsgReceived":"324.812835ms","timeSinceLastMsgSent":"324.812835ms"},"timestamp":"2026-09-11T21:32:21.324814039Z","duration":3744},"router":{"message":{"longestRunningRequest":"1.616177598s","outstandingRequests":4},"timestamp":"2026-09-11T21:32:21.324683381Z","duration":7939}}}
[0;0m[1;32m[node4] [09-11|21:32:22.690] WARN health/health.go:110 failing check {"namespace": "health", "reason": {"C":{"message":{"engine":{"consensus":{},"vm":null},"networking":{"disconnectedValidators":[],"percentConnected":1}},"timestamp":"2026-09-11T21:32:21.67045658Z","duration":12291},"P":{"message":{"engine":{"consensus":{},"vm":null},"networking":{"disconnectedValidators":[],"percentConnected":1}},"timestamp":"2026-09-11T21:32:21.670485833Z","duration":7657},"X":{"message":{"engine":{"consensus":{},"vm":null},"networking":{"disconnectedValidators":[],"percentConnected":1}},"timestamp":"2026-09-11T21:32:21.670500303Z","duration":6272},"bls":{"message":"node has the correct BLS key","timestamp":"2026-09-11T21:32:21.670477664Z","duration":5576},"bootstrapped":{"message":["11111111111111111111111111111111LpoYY"],"error":"subnets not bootstrapped","timestamp":"2026-09-11T21:32:21.67044348Z","duration":5708,"contiguousFailures":1,"timeOfFirstFailure":"2026-09-11T21:32:21.67044348Z"},"database":{"timestamp":"2026-09-11T21:32:21.670342907Z","duration":13021},"diskspace":{"message":{"availableDiskBytes":1245013073920,"availableDiskPercentage":29},"timestamp":"2026-09-11T21:32:21.670471507Z","duration":4816},"futureupgrade":{"message":{"localUpgradeTime":"2020-12-05T05:00:00Z","modeUpgradeTime":"2020-12-05T05:00:00Z","modeUpgradeWeightPercentage":80,"numUpgradeTimes":1},"timestamp":"2026-09-11T21:32:21.670375173Z","duration":30406},"network":{"message":{"connectedPeers":4,"sendFailRate":0,"timeSinceLastMsgReceived":"670.52468ms","timeSinceLastMsgSent":"670.52468ms"},"timestamp":"2026-09-11T21:32:21.670527903Z","duration":13663},"router":{"message":{"longestRunningRequest":"1.954840494s","outstandingRequests":2},"timestamp":"2026-09-11T21:32:21.67051308Z","duration":4167}}}
[0;0m[1;34m[node2] [09-11|21:32:23.043] INFO <C Chain> /home/runner/work/avalanchego-internal/avalanchego-internal/graft/evm/sync/engine/client.go:227 last accepted too close to most recent syncable block, skipping state sync lastAccepted=0 syncableHeight=0
[0;0m[1;34m[node2] [09-11|21:32:23.043] INFO <X Chain> bootstrap/bootstrapper.go:397 starting to fetch blocks {"numKnownBlocks": 0, "numAcceptedBlocks": 1, "numMissingBlocks": 1}
[0;0m[1;34m[node2] [09-11|21:32:23.043] INFO <C Chain> syncer/state_syncer.go:391 accepted state summary {"summaryID": "hffnN9SXf6jsxQPxhMZjPJRvF9yeKpV9U4fQgfCWgUJomUPqe", "syncMode": "Skipped", "numTotalSummaries": 1}
[0;0m[1;34m[node2] [09-11|21:32:23.043] INFO <C Chain> core/blockchain.go:1818 Initializing snapshots                   async=false rebuild=true headHash=608ddb..07b8b1 headRoot=328302..7a638f
[0;0m[1;34m[node2] [09-11|21:32:23.043] INFO <X Chain> bootstrap/storage.go:195 executing blocks {"numToExecute": 0}
[0;0m[1;34m[node2] [09-11|21:32:23.043] WARN <C Chain> /home/runner/work/avalanchego-internal/avalanchego-internal/graft/evm/core/state/snapshot/snapshot.go:219 Failed to load snapshot, regenerating    err="missing or corrupted snapshot, no snapshot block hash: not found"
[0;0m[1;34m[node2] [09-11|21:32:23.043] INFO <C Chain> /home/runner/work/avalanchego-internal/avalanchego-internal/graft/evm/core/state/snapshot/snapshot.go:796 Rebuilding state snapshot
[0;0m[1;34m[node2] [09-11|21:32:23.043] INFO <X Chain> bootstrap/storage.go:187 executed blocks {"numExecuted": 0, "numToExecute": 0, "halted": false, "duration": "21.361µs"}
[0;0m[1;34m[node2] [09-11|21:32:23.043] INFO <X Chain> bootstrap/bootstrapper.go:738 waiting for the remaining chains in this subnet to finish syncing
[0;0m[1;34m[node2] [09-11|21:32:23.044] INFO <C Chain> /home/runner/work/avalanchego-internal/avalanchego-internal/graft/evm/core/state/snapshot/wipe.go:135 Deleted state snapshot leftovers         kind=accounts wiped=0 elapsed="44.309µs"
[0;0m[1;34m[node2] [09-11|21:32:23.044] INFO <C Chain> /home/runner/work/avalanchego-internal/avalanchego-internal/graft/evm/core/state/snapshot/wipe.go:135 Deleted state snapshot leftovers         kind=storage  wiped=0 elapsed="11.142µs"
[0;0m[1;34m[node2] [09-11|21:32:23.044] INFO <C Chain> /home/runner/work/avalanchego-internal/avalanchego-internal/graft/evm/core/state/snapshot/snapshot.go:390 Waiting for snapshot generation          root=328302..7a638f
[0;0m[1;34m[node2] [09-11|21:32:23.044] INFO <C Chain> /home/runner/work/avalanchego-internal/avalanchego-internal/graft/evm/core/state/snapshot/context.go:107 Wiper running, state snapshotting paused accounts=0 slots=0 storage=0.00B elapsed="257.553µs"
[0;0m[1;34m[node2] [09-11|21:32:23.044] INFO <C Chain> /home/runner/work/avalanchego-internal/avalanchego-internal/graft/evm/core/state/snapshot/generate.go:307 Generated state snapshot                 accounts=2 slots=0 storage=121.00B elapsed="53.561µs"
[0;0m[1;34m[node2] [09-11|21:32:23.044] INFO <C Chain> bootstrap/bootstrapper.go:192 starting bootstrapper {"lastAcceptedID": "jXM4J36kLkSjgg1XgdrSPGtqAHxwok4NdcSx8j1hCmGUna9Ac", "lastAcceptedHeight": 0}
[0;0m[1;34m[node2] [09-11|21:32:23.045] INFO <C Chain> bootstrap/bootstrapper.go:397 starting to fetch blocks {"numKnownBlocks": 0, "numAcceptedBlocks": 1, "numMissingBlocks": 1}
[0;0m[1;34m[node2] [09-11|21:32:23.045] INFO <C Chain> bootstrap/storage.go:195 executing blocks {"numToExecute": 0}
[0;0m[1;34m[node2] [09-11|21:32:23.045] INFO <C Chain> bootstrap/storage.go:187 executed blocks {"numExecuted": 0, "numToExecute": 0, "halted": false, "duration": "17.138µs"}
[0;0m[1;34m[node2] [09-11|21:32:23.045] INFO <C Chain> snowman/engine.go:511 starting consensus {"lastAcceptedID": "jXM4J36kLkSjgg1XgdrSPGtqAHxwok4NdcSx8j1hCmGUna9Ac", "lastAcceptedHeight": 0}
[0;0m[1;34m[node2] [09-11|21:32:23.045] INFO <X Chain> snowman/engine.go:511 starting consensus {"lastAcceptedID": "237MUBy5GzA7E67wBoPHQdSh2YL5s67GyUjjurmZvzn8UYgxSS", "lastAcceptedHeight": 0}
[0;0m[1;34m[node2] [09-11|21:32:23.045] INFO <P Chain> snowman/engine.go:511 starting consensus {"lastAcceptedID": "2H5Kz4sMpZUus7cfzQzwZ5HHhuBKZEeWivHNkwAQezVdcW9vdC", "lastAcceptedHeight": 0}
[0;0m[1;34m[node2] [09-11|21:32:23.045] INFO <P Chain> validators/logger.go:50 node added to validator set {"subnetID": "11111111111111111111111111111111LpoYY", "nodeID": "NodeID-MFrZFVCXPv5iCn6M9K6XduxGTYp891xXZ", "publicKey": "0x8b49c4259529a801cc961c72248773b550379ff718a49f4ccc0e1f2ac338fe204432329aa1712f408f97eee12b22dd05", "txID": "Z6fouvT2SR1s3yRFSydwLgfMjwp41rW1pmD3eJwhUrdWr9T6q", "weight": 2000000000000000}
[0;0m[1;34m[node2] [09-11|21:32:23.324] INFO health/worker.go:261 check started passing {"name": "health", "name": "bootstrapped", "tags": ["application"]}
[0;0m[1;34m[node2] [09-11|21:32:23.324] INFO health/worker.go:261 check started passing {"name": "readiness", "name": "bootstrapped", "tags": ["application"]}
[0;0m[0;37m[node3] [09-11|21:32:23.502] INFO health/worker.go:261 check started passing {"name": "health", "name": "bootstrapped", "tags": ["application"]}
[0;0m[0;37m[node3] [09-11|21:32:23.502] INFO health/worker.go:261 check started passing {"name": "readiness", "name": "bootstrapped", "tags": ["application"]}
[0;0m[1;32m[node4] [09-11|21:32:23.671] INFO health/worker.go:261 check started passing {"name": "readiness", "name": "bootstrapped", "tags": ["application"]}
[0;0m[1;32m[node4] [09-11|21:32:23.671] INFO health/worker.go:261 check started passing {"name": "health", "name": "bootstrapped", "tags": ["application"]}
[0;0m[0;36m[node1] [09-11|21:32:24.710] INFO <X Chain> bootstrap/bootstrapper.go:397 starting to fetch blocks {"numKnownBlocks": 0, "numAcceptedBlocks": 1, "numMissingBlocks": 1}
[0;0m[0;36m[node1] [09-11|21:32:24.710] INFO <C Chain> /home/runner/work/avalanchego-internal/avalanchego-internal/graft/evm/sync/engine/client.go:227 last accepted too close to most recent syncable block, skipping state sync lastAccepted=0 syncableHeight=0
[0;0m[0;36m[node1] [09-11|21:32:24.710] INFO <X Chain> bootstrap/storage.go:195 executing blocks {"numToExecute": 0}
[0;0m[0;36m[node1] [09-11|21:32:24.710] INFO <X Chain> bootstrap/storage.go:187 executed blocks {"numExecuted": 0, "numToExecute": 0, "halted": false, "duration": "23.986µs"}
[0;0m[0;36m[node1] [09-11|21:32:24.710] INFO <X Chain> bootstrap/bootstrapper.go:738 waiting for the remaining chains in this subnet to finish syncing
[0;0m[0;36m[node1] [09-11|21:32:24.711] INFO <C Chain> syncer/state_syncer.go:391 accepted state summary {"summaryID": "hffnN9SXf6jsxQPxhMZjPJRvF9yeKpV9U4fQgfCWgUJomUPqe", "syncMode": "Skipped", "numTotalSummaries": 1}
[0;0m[0;36m[node1] [09-11|21:32:24.711] INFO <C Chain> core/blockchain.go:1818 Initializing snapshots                   async=false rebuild=true headHash=608ddb..07b8b1 headRoot=328302..7a638f
[0;0m[0;36m[node1] [09-11|21:32:24.711] WARN <C Chain> /home/runner/work/avalanchego-internal/avalanchego-internal/graft/evm/core/state/snapshot/snapshot.go:219 Failed to load snapshot, regenerating    err="missing or corrupted snapshot, no snapshot block hash: not found"
[0;0m[0;36m[node1] [09-11|21:32:24.711] INFO <C Chain> /home/runner/work/avalanchego-internal/avalanchego-internal/graft/evm/core/state/snapshot/snapshot.go:796 Rebuilding state snapshot
[0;0m[0;36m[node1] [09-11|21:32:24.711] INFO <C Chain> /home/runner/work/avalanchego-internal/avalanchego-internal/graft/evm/core/state/snapshot/snapshot.go:390 Waiting for snapshot generation          root=328302..7a638f
[0;0m[0;36m[node1] [09-11|21:32:24.711] INFO <C Chain> /home/runner/work/avalanchego-internal/avalanchego-internal/graft/evm/core/state/snapshot/context.go:107 Wiper running, state snapshotting paused accounts=0 slots=0 storage=0.00B elapsed="218.074µs"
[0;0m[0;36m[node1] [09-11|21:32:24.711] INFO <C Chain> /home/runner/work/avalanchego-internal/avalanchego-internal/graft/evm/core/state/snapshot/wipe.go:135 Deleted state snapshot leftovers         kind=accounts wiped=0 elapsed="21.895µs"
[0;0m[0;36m[node1] [09-11|21:32:24.711] INFO <C Chain> /home/runner/work/avalanchego-internal/avalanchego-internal/graft/evm/core/state/snapshot/wipe.go:135 Deleted state snapshot leftovers         kind=storage  wiped=0 elapsed="7.512µs"
[0;0m[0;36m[node1] [09-11|21:32:24.711] INFO <C Chain> /home/runner/work/avalanchego-internal/avalanchego-internal/graft/evm/core/state/snapshot/generate.go:307 Generated state snapshot                 accounts=2 slots=0 storage=121.00B elapsed="74.61µs"
[0;0m[0;36m[node1] [09-11|21:32:24.711] INFO <C Chain> bootstrap/bootstrapper.go:192 starting bootstrapper {"lastAcceptedID": "jXM4J36kLkSjgg1XgdrSPGtqAHxwok4NdcSx8j1hCmGUna9Ac", "lastAcceptedHeight": 0}
[0;0m[0;36m[node1] [09-11|21:32:24.712] INFO <C Chain> bootstrap/bootstrapper.go:397 starting to fetch blocks {"numKnownBlocks": 0, "numAcceptedBlocks": 1, "numMissingBlocks": 1}
[0;0m[0;36m[node1] [09-11|21:32:24.712] INFO <C Chain> bootstrap/storage.go:195 executing blocks {"numToExecute": 0}
[0;0m[0;36m[node1] [09-11|21:32:24.713] INFO <C Chain> bootstrap/storage.go:187 executed blocks {"numExecuted": 0, "numToExecute": 0, "halted": false, "duration": "22.127µs"}
[0;0m[0;36m[node1] [09-11|21:32:24.713] INFO <C Chain> snowman/engine.go:511 starting consensus {"lastAcceptedID": "jXM4J36kLkSjgg1XgdrSPGtqAHxwok4NdcSx8j1hCmGUna9Ac", "lastAcceptedHeight": 0}
[0;0m[0;36m[node1] [09-11|21:32:24.713] INFO <X Chain> snowman/engine.go:511 starting consensus {"lastAcceptedID": "237MUBy5GzA7E67wBoPHQdSh2YL5s67GyUjjurmZvzn8UYgxSS", "lastAcceptedHeight": 0}
[0;0m[0;36m[node1] [09-11|21:32:24.713] INFO <P Chain> snowman/engine.go:511 starting consensus {"lastAcceptedID": "2H5Kz4sMpZUus7cfzQzwZ5HHhuBKZEeWivHNkwAQezVdcW9vdC", "lastAcceptedHeight": 0}
[0;0m[0;36m[node1] [09-11|21:32:24.713] INFO <P Chain> validators/logger.go:50 node added to validator set {"subnetID": "11111111111111111111111111111111LpoYY", "nodeID": "NodeID-7Xhw2mDxuDS44j42TCB6U5579esbSt3Lg", "publicKey": "0xb3ebbe748a1f06d19ee25d4e345ba8d6b5a426498a140c2519b518e3e6224abd7895075892f361acf24c10af968bc7de", "txID": "SGaJpi43SqJKFMU7fG75jjxPjoJkur158bqJBH5PYG4RGuRpR", "weight": 2000000000000000}
[0;0m[0;36m[node1] [09-11|21:32:25.144] INFO health/worker.go:261 check started passing {"name": "health", "name": "bootstrapped", "tags": ["application"]}
[0;0m[0;36m[node1] [09-11|21:32:25.144] INFO health/worker.go:261 check started passing {"name": "readiness", "name": "bootstrapped", "tags": ["application"]}
[0;0m[09-11|21:32:25.693] INFO ux/output.go:13 [0;34m[;1mwaiting for all nodes to report healthy...[0;0m[0;0m
[09-11|21:32:25.693] INFO local/network.go:668 checking local network healthiness {"num-of-nodes": 5}
[09-11|21:32:25.695] INFO local/blockchain.go:277 [0;34m[;1mcreate and install custom chains[0;0m[0;0m
[09-11|21:32:25.695] INFO local/blockchain.go:115 getClientURI {"nodeName": "node2", "uri": "http://127.0.0.1:34133"}
[1;34m[node2] [09-11|21:32:25.704] WARN info/service.go:437 deprecated API called {"service": "info", "method": "getTxFee"}
[0;0m[09-11|21:32:25.706] INFO local/network.go:668 checking local network healthiness {"num-of-nodes": 5}
[09-11|21:32:25.707] INFO local/blockchain.go:910 [0;32madding the nodes as primary network validators[0;0m
[09-11|21:32:25.708] INFO local/blockchain.go:1450 [0;32mcreating subnets[0;0m {"num-subnets": 1}
[09-11|21:32:25.708] INFO local/blockchain.go:1453 creating subnet tx
[1;34m[node2] [09-11|21:32:25.716] INFO <P Chain> proposervm/pre_fork_block.go:238 built block {"blkID": "2rr9GhBrwAkWbzhZB5NgpBC3FEDvrZH3NBTMxVtDPqJD5n8E77", "innerBlkID": "2jB3YgrH5Tafei74acwowqFbt9LDQSHxEQFcGTMxm9i743ZYuk", "height": 1, "pChainHeight": 0, "parentTimestamp": "[09-11|21:32:18.000]", "blockTimestamp": "[09-11|21:32:25.000]"}
[0;0m[09-11|21:32:25.817] INFO local/blockchain.go:1467 created subnet tx {"subnet-ID": "99qx6GvmNDqvtLVdVkzBJs2qrjVJ94gZKmauAUWJGJDMdHA41"}
[09-11|21:32:25.817] INFO local/blockchain.go:1550 [0;32mwaiting for the nodes to become primary validators[0;0m
[09-11|21:32:25.819] INFO local/blockchain.go:1483 [0;32madding the nodes as subnet validators[0;0m
[0;37m[node3] [09-11|21:32:26.005] INFO <P Chain> proposervm/block.go:313 built block {"blkID": "2du7bsG6bNex2dxiEiadis99VHjsHynrB8oYKxjKvYJeQ5z4mh", "innerBlkID": "2kLs78wwYwHDUYEcMhYAGDBc6VerGoeFAn7sfHNcvzNtN3fT1m", "height": 2, "pChainHeight": 0, "parentTimestamp": "[09-11|21:32:25.000]", "blockTimestamp": "[09-11|21:32:26.000]", "epoch": {"pChainHeight":0,"number":1,"startTime":1789162345}}
[0;0m[09-11|21:32:26.022] INFO local/blockchain.go:1534 added node as a subnet validator to subnet {"node-name": "node1", "node-ID": "NodeID-7Xhw2mDxuDS44j42TCB6U5579esbSt3Lg", "subnet-ID": "99qx6GvmNDqvtLVdVkzBJs2qrjVJ94gZKmauAUWJGJDMdHA41", "tx-ID": "2ivXGQhJt7SEMwFqeypbS7U4GPRmPK66Vg4fPbNBNeURKVXcA"}
[0;37m[node3] [09-11|21:32:27.005] INFO <P Chain> proposervm/block.go:313 built block {"blkID": "2KoPFoNhHFEvXnBRGJdMpC3yTFiiXpGhYkHyDrZMQzMdd3VqSF", "innerBlkID": "9p8ZCoszJD38RsTyKXtyNmcTZ7Fv9gczQzGhYMaDrAKvVFgDK", "height": 3, "pChainHeight": 0, "parentTimestamp": "[09-11|21:32:26.000]", "blockTimestamp": "[09-11|21:32:27.000]", "epoch": {"pChainHeight":0,"number":1,"startTime":1789162345}}
[0;0m[09-11|21:32:27.024] INFO local/blockchain.go:1534 added node as a subnet validator to subnet {"node-name": "node2", "node-ID": "NodeID-MFrZFVCXPv5iCn6M9K6XduxGTYp891xXZ", "subnet-ID": "99qx6GvmNDqvtLVdVkzBJs2qrjVJ94gZKmauAUWJGJDMdHA41", "tx-ID": "qLS8pxKGQehJoheS6R5RBt7SGa6emTWsJV6NTdBCwNsVeFqLe"}
[1;35m[node5] [09-11|21:32:28.006] INFO <P Chain> proposervm/block.go:313 built block {"blkID": "iPYsHREnVrHfE4nAmqqkebamF1qmUDUdm7qB5K5bV9Zhi6fSX", "innerBlkID": "2gtqFgN5SV78Uj3eb6FSt8FCpCpQ4Ms4ShSWPApRV4NMGPcSvZ", "height": 4, "pChainHeight": 0, "parentTimestamp": "[09-11|21:32:27.000]", "blockTimestamp": "[09-11|21:32:28.000]", "epoch": {"pChainHeight":0,"number":1,"startTime":1789162345}}
[0;0m[09-11|21:32:28.027] INFO local/blockchain.go:1534 added node as a subnet validator to subnet {"node-name": "node3", "node-ID": "NodeID-NFBbbJ4qCmNaCzeW7sxErhvWqvEQMnYcN", "subnet-ID": "99qx6GvmNDqvtLVdVkzBJs2qrjVJ94gZKmauAUWJGJDMdHA41", "tx-ID": "NczvSQZo7nUFh5kar5hd8tDHtzM8iAs2g4Sva2Srhek4pKBKx"}
[1;32m[node4] [09-11|21:32:29.006] INFO <P Chain> proposervm/block.go:313 built block {"blkID": "4VEJr6MwW6thsE6N7aTCTfnYcwxpWspWWBXnFoAcJ3BoeAedf", "innerBlkID": "2Lw2ztM961fJGvgRY6H188f6o9wCSzPdzmSTxtgRZ1yQ6HDMVT", "height": 5, "pChainHeight": 0, "parentTimestamp": "[09-11|21:32:28.000]", "blockTimestamp": "[09-11|21:32:29.000]", "epoch": {"pChainHeight":0,"number":1,"startTime":1789162345}}
[0;0m[09-11|21:32:29.028] INFO local/blockchain.go:1534 added node as a subnet validator to subnet {"node-name": "node4", "node-ID": "NodeID-GWPcbFJZFfZreETSoWjPimr846mXEKCtu", "subnet-ID": "99qx6GvmNDqvtLVdVkzBJs2qrjVJ94gZKmauAUWJGJDMdHA41", "tx-ID": "u3Z9KSk8QdiSZskECxtbRYSRbUPeWw9kVeos7pJefdhE4xJSK"}
[1;32m[node4] [09-11|21:32:30.005] INFO <P Chain> proposervm/block.go:313 built block {"blkID": "2YDe9WGVREm2ajmzCAC7rsheELRrAdjyCMNyQt12Dp6r9HQau", "innerBlkID": "2NQfPGGZqDKGvNgUVJJSQ5Gt4Rdr4VHuDGCxi6m24qmEGsZpQY", "height": 6, "pChainHeight": 0, "parentTimestamp": "[09-11|21:32:29.000]", "blockTimestamp": "[09-11|21:32:30.000]", "epoch": {"pChainHeight":0,"number":1,"startTime":1789162345}}
[0;0m[09-11|21:32:30.031] INFO local/blockchain.go:1534 added node as a subnet validator to subnet {"node-name": "node5", "node-ID": "NodeID-P7oB2McjBGgW2NXXWVYjV8JEDFoW9xDE5", "subnet-ID": "99qx6GvmNDqvtLVdVkzBJs2qrjVJ94gZKmauAUWJGJDMdHA41", "tx-ID": "2pauisGhMLZ2Ru8LvyJ2ZxQ3zdPMyMBtYx3tqToWKngVHYzHcs"}
[09-11|21:32:30.031] INFO local/blockchain.go:1659 [0;32mcreating tx for each custom chain[0;0m
[09-11|21:32:30.031] INFO local/blockchain.go:1669 creating blockchain tx {"vm-name": "defmivm", "vm-ID": "mDV3RhDBqCL8Vt7msBmMzNP2gAMjFXUktxEZsD66p7GGMiqa8", "bytes length of genesis": 37289}
[09-11|21:32:30.031] INFO local/blockchain.go:1713 [0;32mcreating config files for each custom chain[0;0m
[09-11|21:32:30.031] INFO local/blockchain.go:739 [0;34m[;1mrestarting network[0;0m[0;0m
[09-11|21:32:30.031] INFO local/blockchain.go:814 [0;32mrestarting node node1 to track subnets 99qx6GvmNDqvtLVdVkzBJs2qrjVJ94gZKmauAUWJGJDMdHA41[0;0m
[0;36m[node1] [09-11|21:32:30.031] INFO node/node.go:1828 shutting down node {"exitCode": 0}
[0;0m[0;36m[node1] [09-11|21:32:30.031] INFO health/worker.go:115 registered new check and initialized its state to failing {"name": "health", "name": "shuttingDown", "tags": ["application"]}
[0;0m[0;36m[node1] [09-11|21:32:30.032] INFO chains/manager.go:1543 shutting down chain manager
[0;0m[0;36m[node1] [09-11|21:32:30.032] INFO router/chain_router.go:421 shutting down chain router
[0;0m[0;36m[node1] [09-11|21:32:30.032] INFO <P Chain> snowman/engine.go:435 shutting down consensus engine
[0;0m[0;36m[node1] [09-11|21:32:30.032] INFO <P Chain> router/chain_router.go:445 chain shutdown {"shutdownDuration": "158.871µs"}
[0;0m[0;36m[node1] [09-11|21:32:30.032] INFO <X Chain> snowman/engine.go:435 shutting down consensus engine
[0;0m[0;36m[node1] [09-11|21:32:30.032] INFO <C Chain> snowman/engine.go:435 shutting down consensus engine
[0;0m[0;36m[node1] [09-11|21:32:30.032] INFO <C Chain> core/txpool/legacypool/legacypool.go:454 Transaction pool stopped
[0;0m[0;36m[node1] [09-11|21:32:30.032] INFO <C Chain> core/blockchain.go:975 Closing quit channel
[0;0m[0;36m[node1] [09-11|21:32:30.032] INFO <C Chain> core/blockchain.go:978 Stopping Acceptor
[0;0m[0;36m[node1] [09-11|21:32:30.032] INFO <C Chain> core/blockchain.go:981 Acceptor queue drained                   t=886ns
[0;0m[0;36m[node1] [09-11|21:32:30.032] INFO <C Chain> core/blockchain.go:984 Shutting down sender cacher
[0;0m[0;36m[node1] [09-11|21:32:30.032] INFO <C Chain> core/blockchain.go:988 Closing scope
[0;0m[0;36m[node1] [09-11|21:32:30.032] INFO <C Chain> core/blockchain.go:992 Waiting for background processes to complete
[0;0m[0;36m[node1] [09-11|21:32:30.032] INFO <C Chain> core/blockchain.go:1011 Shutting down state manager
[0;0m[0;36m[node1] [09-11|21:32:30.032] INFO <C Chain> core/blockchain.go:1016 State manager shut down                  t=396ns
[0;0m[0;36m[node1] [09-11|21:32:30.032] INFO <C Chain> core/blockchain.go:1021 Blockchain stopped
[0;0m[0;36m[node1] [09-11|21:32:30.032] INFO <C Chain> eth/backend.go:407 Stopped shutdownTracker
[0;0m[0;36m[node1] [09-11|21:32:30.032] INFO <C Chain> eth/backend.go:410 Closed chaindb
[0;0m[0;36m[node1] [09-11|21:32:30.032] INFO <C Chain> eth/backend.go:412 Stopped EventMux
[0;0m[0;36m[node1] [09-11|21:32:30.032] INFO <C Chain> router/chain_router.go:445 chain shutdown {"shutdownDuration": "644.657µs"}
[0;0m[0;36m[node1] [09-11|21:32:30.032] INFO <X Chain> router/chain_router.go:445 chain shutdown {"shutdownDuration": "203.462µs"}
[0;0m[0;36m[node1] [09-11|21:32:30.032] INFO network/network.go:1142 shutting down the p2p networking
[0;0m[0;36m[node1] [09-11|21:32:30.032] INFO nat/nat.go:193 Unmapped all ports
[0;0m[0;36m[node1] [09-11|21:32:30.032] INFO node/node.go:1885 cleaning up plugin runtimes
[0;0m[0;36m[node1] [09-11|21:32:30.033] INFO node/node.go:1913 finished node shutdown
[0;0m[09-11|21:32:30.211] INFO local/network.go:620 adding node {"node-name": "node1", "node-dir": "/workspace/runs/native-04/network-data/node1", "log-dir": "/workspace/runs/native-04/network-data/node1/logs", "db-dir": "/workspace/runs/native-04/network-data/node1/db", "p2p-port": 45319, "api-port": 46207}
[09-11|21:32:30.211] INFO local/blockchain.go:814 [0;32mrestarting node node2 to track subnets 99qx6GvmNDqvtLVdVkzBJs2qrjVJ94gZKmauAUWJGJDMdHA41[0;0m
[1;34m[node2] [09-11|21:32:30.212] INFO node/node.go:1828 shutting down node {"exitCode": 0}
[0;0m[1;34m[node2] [09-11|21:32:30.212] INFO health/worker.go:115 registered new check and initialized its state to failing {"name": "health", "name": "shuttingDown", "tags": ["application"]}
[0;0m[1;34m[node2] [09-11|21:32:30.212] INFO chains/manager.go:1543 shutting down chain manager
[0;0m[1;34m[node2] [09-11|21:32:30.212] INFO router/chain_router.go:421 shutting down chain router
[0;0m[1;34m[node2] [09-11|21:32:30.212] INFO <X Chain> snowman/engine.go:435 shutting down consensus engine
[0;0m[1;34m[node2] [09-11|21:32:30.212] INFO <C Chain> snowman/engine.go:435 shutting down consensus engine
[0;0m[1;34m[node2] [09-11|21:32:30.212] INFO <P Chain> snowman/engine.go:435 shutting down consensus engine
[0;0m[1;34m[node2] [09-11|21:32:30.212] INFO <C Chain> core/txpool/legacypool/legacypool.go:454 Transaction pool stopped
[0;0m[1;34m[node2] [09-11|21:32:30.212] INFO <C Chain> core/blockchain.go:975 Closing quit channel
[0;0m[1;34m[node2] [09-11|21:32:30.212] INFO <C Chain> core/blockchain.go:978 Stopping Acceptor
[0;0m[1;34m[node2] [09-11|21:32:30.212] INFO <P Chain> router/chain_router.go:445 chain shutdown {"shutdownDuration": "272.174µs"}
[0;0m[1;34m[node2] [09-11|21:32:30.212] INFO <C Chain> core/blockchain.go:981 Acceptor queue drained                   t="1.143µs"
[0;0m[1;34m[node2] [09-11|21:32:30.212] INFO <C Chain> core/blockchain.go:984 Shutting down sender cacher
[0;0m[1;34m[node2] [09-11|21:32:30.212] INFO <C Chain> core/blockchain.go:988 Closing scope
[0;0m[1;34m[node2] [09-11|21:32:30.212] INFO <C Chain> core/blockchain.go:992 Waiting for background processes to complete
[0;0m[1;34m[node2] [09-11|21:32:30.212] INFO <C Chain> core/blockchain.go:1011 Shutting down state manager
[0;0m[1;34m[node2] [09-11|21:32:30.212] INFO <C Chain> core/blockchain.go:1016 State manager shut down                  t=463ns
[0;0m[1;34m[node2] [09-11|21:32:30.212] INFO <C Chain> core/blockchain.go:1021 Blockchain stopped
[0;0m[1;34m[node2] [09-11|21:32:30.212] INFO <C Chain> eth/backend.go:407 Stopped shutdownTracker
[0;0m[1;34m[node2] [09-11|21:32:30.212] INFO <C Chain> eth/backend.go:410 Closed chaindb
[0;0m[1;34m[node2] [09-11|21:32:30.212] INFO <C Chain> eth/backend.go:412 Stopped EventMux
[0;0m[1;34m[node2] [09-11|21:32:30.212] INFO <C Chain> router/chain_router.go:445 chain shutdown {"shutdownDuration": "639.324µs"}
[0;0m[1;34m[node2] [09-11|21:32:30.212] INFO <X Chain> router/chain_router.go:445 chain shutdown {"shutdownDuration": "48.645µs"}
[0;0m[1;34m[node2] [09-11|21:32:30.212] INFO network/network.go:1142 shutting down the p2p networking
[0;0m[1;34m[node2] [09-11|21:32:30.213] INFO nat/nat.go:193 Unmapped all ports
[0;0m[1;34m[node2] [09-11|21:32:30.213] INFO node/node.go:1885 cleaning up plugin runtimes
[0;0m[1;34m[node2] [09-11|21:32:30.213] INFO node/node.go:1913 finished node shutdown
[0;0m[09-11|21:32:30.395] INFO local/network.go:620 adding node {"node-name": "node2", "node-dir": "/workspace/runs/native-04/network-data/node2", "log-dir": "/workspace/runs/native-04/network-data/node2/logs", "db-dir": "/workspace/runs/native-04/network-data/node2/db", "p2p-port": 39243, "api-port": 34133}
[09-11|21:32:30.396] INFO local/blockchain.go:814 [0;32mrestarting node node3 to track subnets 99qx6GvmNDqvtLVdVkzBJs2qrjVJ94gZKmauAUWJGJDMdHA41[0;0m
[1;36m[node1] [09-11|21:32:30.395] INFO node/node.go:158 initializing node {"version": "avalanchego/1.14.2", "commit": "6e5acf909c7a16b991142d6b3979bac5699bdb68", "nodeID": "NodeID-7Xhw2mDxuDS44j42TCB6U5579esbSt3Lg", "stakingKeyType": "RSA", "nodePOP": {"publicKey":"0xb3ebbe748a1f06d19ee25d4e345ba8d6b5a426498a140c2519b518e3e6224abd7895075892f361acf24c10af968bc7de","proofOfPossession":"0xa2569a137e65d3a507c4f1f7ffac74ec05916ba44dfbbb84d42c2736a2bc1e8be14038d3aeeeac7c78e19ecdde69d830051959f22559641a3f9e42377d7f64580acdc383c5c9e22f7f1114712a543c6997d6dc59c88555423497d9fff41fa79a"}, "providedFlags": {"api-admin-enabled":"true","bootstrap-ids":"NodeID-P7oB2McjBGgW2NXXWVYjV8JEDFoW9xDE5,NodeID-MFrZFVCXPv5iCn6M9K6XduxGTYp891xXZ,NodeID-NFBbbJ4qCmNaCzeW7sxErhvWqvEQMnYcN,NodeID-GWPcbFJZFfZreETSoWjPimr846mXEKCtu","bootstrap-ips":"127.0.0.1:33097,127.0.0.1:39243,127.0.0.1:40017,127.0.0.1:43359","chain-config-dir":"/workspace/runs/native-04/network-data/node1/chainConfigs","config-file":"/workspace/runs/native-04/network-data/node1/configs/config.json","data-dir":"/workspace/runs/native-04/network-data/node1","db-dir":"/workspace/runs/native-04/network-data/node1/db","genesis-file":"/workspace/runs/native-04/network-data/node1/configs/genesis.json","health-check-frequency":"2s","http-host":"","http-port":"46207","index-enabled":"true","log-dir":"/workspace/runs/native-04/network-data/node1/logs","log-display-level":"INFO","log-level":"INFO","network-id":"1337","network-max-reconnect-delay":"1s","plugin-dir":"/workspace/runs/native-04/plugins","public-ip":"127.0.0.1","staking-port":"45319","subnet-config-dir":"/workspace/runs/native-04/network-data/node1/subnetConfigs","track-subnets":"99qx6GvmNDqvtLVdVkzBJs2qrjVJ94gZKmauAUWJGJDMdHA41"}, "config": {"httpConfig":{"readTimeout":30000000000,"readHeaderTimeout":30000000000,"writeHeaderTimeout":30000000000,"idleTimeout":120000000000,"apiConfig":{"indexerConfig":{"indexAPIEnabled":true,"indexAllowIncomplete":false},"adminAPIEnabled":true,"infoAPIEnabled":true,"metricsAPIEnabled":true,"healthAPIEnabled":true},"httpHost":"","httpPort":46207,"httpsEnabled":false,"httpAllowedOrigins":["*"],"httpAllowedHosts":["localhost"],"shutdownTimeout":10000000000,"shutdownWait":0},"ipConfig":{"publicIP":"127.0.0.1","publicIPResolutionService":"","publicIPResolutionFreq":300000000000,"listenHost":"","listenPort":45319},"stakingConfig":{"uptimeRequirement":0.8,"minValidatorStake":2000000000000,"maxValidatorStake":3000000000000000,"minDelegatorStake":25000000000,"minDelegationFee":20000,"minStakeDuration":86400000000000,"maxStakeDuration":31536000000000000,"rewardConfig":{"maxConsumptionRate":120000,"minConsumptionRate":100000,"mintingPeriod":31536000000000000,"supplyCap":720000000000000000},"sybilProtectionEnabled":true,"partialSyncPrimaryNetwork":false,"sybilProtectionDisabledWeight":100,"stakingTLSKeyPath":"/workspace/runs/native-04/network-data/node1/staking/staker.key","stakingTLSCertPath":"/workspace/runs/native-04/network-data/node1/staking/staker.crt","stakingSingerConfig":{"ephemeralSignerEnabled":false,"signerKeyContent":"","keyPath":"/workspace/runs/native-04/network-data/node1/staking/signer.key","RPCEndpoint":"","keyPathIsSet":false}},"txFeeConfig":{"createAssetTxFee":1000000,"txFee":1000000,"dynamicFeeConfig":{"weights":[1,1000,1000,4],"maxCapacity":1000000,"maxPerSecond":100000,"targetPerSecond":50000,"minPrice":1,"excessConversionConstant":2164043},"validatorFeeConfig":{"capacity":20000,"target":10000,"minPrice":1,"excessConversionConstant":865617}},"stateSyncConfig":{"stateSyncIDs":null,"stateSyncIPs":null},"bootstrapConfig":{"bootstrapBeaconConnectionTimeout":60000000000,"bootstrapAncestorsMaxContainersSent":2000,"bootstrapAncestorsMaxContainersReceived":2000,"bootstrapMaxTimeGetAncestors":50000000,"bootstrappers":[{"id":"NodeID-P7oB2McjBGgW2NXXWVYjV8JEDFoW9xDE5","ip":"127.0.0.1:33097"},{"id":"NodeID-MFrZFVCXPv5iCn6M9K6XduxGTYp891xXZ","ip":"127.0.0.1:39243"},{"id":"NodeID-NFBbbJ4qCmNaCzeW7sxErhvWqvEQMnYcN","ip":"127.0.0.1:40017"},{"id":"NodeID-GWPcbFJZFfZreETSoWjPimr846mXEKCtu","ip":"127.0.0.1:43359"}]},"databaseConfig":{"readOnly":false,"path":"/workspace/runs/native-04/network-data/node1/db/network-1337","name":"leveldb"},"upgradeConfig":{"apricotPhase1Time":"2020-12-05T05:00:00Z","apricotPhase2Time":"2020-12-05T05:00:00Z","apricotPhase3Time":"2020-12-05T05:00:00Z","apricotPhase4Time":"2020-12-05T05:00:00Z","apricotPhase4MinPChainHeight":0,"apricotPhase5Time":"2020-12-05T05:00:00Z","apricotPhasePre6Time":"2020-12-05T05:00:00Z","apricotPhase6Time":"2020-12-05T05:00:00Z","apricotPhasePost6Time":"2020-12-05T05:00:00Z","banffTime":"2020-12-05T05:00:00Z","cortinaTime":"2020-12-05T05:00:00Z","cortinaXChainStopVertexID":"11111111111111111111111111111111LpoYY","durangoTime":"2020-12-05T05:00:00Z","etnaTime":"2020-12-05T05:00:00Z","fortunaTime":"2020-12-05T05:00:00Z","graniteTime":"2020-12-05T05:00:00Z","graniteEpochDuration":30000000000,"heliconTime":"9999-12-01T00:00:00Z"},"avaxAssetID":"28VTWcsTZ55draGkmjdcS9CFFv4zC3PbvVjkyoqxzNC7Y5msRP","networkID":1337,"healthCheckFreq":2000000000,"networkConfig":{"healthConfig":{"NoIngressValidatorConnectionGracePeriod":600000000000,"minConnectedPeers":1,"maxTimeSinceMsgReceived":60000000000,"maxTimeSinceMsgSent":60000000000,"maxPortionSendQueueBytesFull":0.9,"maxSendFailRate":0.9,"sendFailRateHalflife":10000000000},"peerListGossipConfig":{"peerListNumValidatorIPs":15,"peerListPullGossipFreq":2000000000,"peerListBloomResetFreq":60000000000},"timeoutConfigs":{"pingPongTimeout":30000000000,"readHandshakeTimeout":15000000000},"delayConfig":{"initialReconnectDelay":1000000000,"maxReconnectDelay":1000000000},"throttlerConfig":{"inboundConnUpgradeThrottlerConfig":{"upgradeCooldown":10000000000,"maxRecentConnsUpgraded":2560},"inboundMsgThrottlerConfig":{"byteThrottlerConfig":{"vdrAllocSize":33554432,"atLargeAllocSize":6291456,"nodeMaxAtLargeBytes":2097152},"bandwidthThrottlerConfig":{"bandwidthRefillRate":524288,"bandwidthMaxBurstRate":2097152},"cpuThrottlerConfig":{"maxRecheckDelay":5000000000},"diskThrottlerConfig":{"maxRecheckDelay":5000000000},"maxProcessingMsgsPerNode":1024},"outboundMsgThrottlerConfig":{"vdrAllocSize":33554432,"atLargeAllocSize":33554432,"nodeMaxAtLargeBytes":2097152},"maxInboundConnsPerSec":256},"proxyEnabled":false,"proxyReadHeaderTimeout":3000000000,"dialerConfig":{"throttleRps":50,"connectionTimeout":30000000000},"tlsKeyLogFile":"","myNodeID":"NodeID-111111111111111111116DBWJs","myIP":null,"networkID":0,"maxClockDifference":60000000000,"pingFrequency":22500000000,"allowPrivateIPs":true,"supportedACPs":[],"objectedACPs":[],"compressionType":"zstd","uptimeMetricFreq":30000000000,"requireValidatorToConnect":false,"maximumInboundMessageTimeout":10000000000,"peerReadBufferSize":8192,"peerWriteBufferSize":8192,"connectToAllValidators":false},"adaptiveTimeoutConfig":{"initialTimeout":5000000000,"minimumTimeout":2000000000,"maximumTimeout":10000000000,"timeoutCoefficient":2,"timeoutHalflife":300000000000},"benchlistConfig":{"halflife":60000000000,"unbenchProbability":0.2,"benchProbability":0.5,"benchDuration":300000000000,"maxPortion":0.08333333333333333},"profilerConfig":{"dir":"/workspace/runs/native-04/network-data/node1/profiles","enabled":false,"freq":900000000000,"maxNumFiles":5},"loggingConfig":{"maxSize":8,"maxFiles":7,"maxAge":0,"directory":"/workspace/runs/native-04/network-data/node1/logs","compress":false,"disableWriterDisplaying":false,"logLevel":"INFO","displayLevel":"INFO","logFormat":"plain"},"pluginDir":"/workspace/runs/native-04/plugins","fdLimit":32768,"meterVMEnabled":true,"routerHealthConfig":{"maxDropRate":1,"maxDropRateHalflife":10000000000,"maxOutstandingRequests":1024,"maxOutstandingDuration":300000000000,"maxRunTimeRequests":10000000000},"consensusShutdownTimeout":60000000000,"consensusGossipFreq":100000000,"consensusAppConcurrency":2,"trackedSubnets":["99qx6GvmNDqvtLVdVkzBJs2qrjVJ94gZKmauAUWJGJDMdHA41"],"proposerMinBlockDelay":1000000000,"subnetConfigs":{"11111111111111111111111111111111LpoYY":{"validatorOnly":false,"allowedNodes":[],"consensusParameters":null,"snowParameters":{"k":20,"alphaPreference":15,"alphaConfidence":15,"beta":20,"concurrentRepolls":4,"optimalProcessing":10,"maxOutstandingItems":256,"maxItemProcessingTime":30000000000},"simplexParameters":null,"proposerNumHistoricalBlocks":0},"99qx6GvmNDqvtLVdVkzBJs2qrjVJ94gZKmauAUWJGJDMdHA41":{"validatorOnly":false,"allowedNodes":[],"consensusParameters":null,"snowParameters":{"k":20,"alphaPreference":15,"alphaConfidence":15,"beta":20,"concurrentRepolls":4,"optimalProcessing":10,"maxOutstandingItems":256,"maxItemProcessingTime":30000000000},"simplexParameters":null,"proposerNumHistoricalBlocks":0}},"chainAliases":null,"vmAliases":null,"systemTrackerProcessingHalflife":15000000000,"systemTrackerFrequency":500000000,"systemTrackerCPUHalflife":15000000000,"systemTrackerDiskHalflife":60000000000,"cpuTargeterConfig":{"vdrAlloc":64,"maxNonVdrUsage":51.2,"maxNonVdrNodeUsage":8},"diskTargeterConfig":{"vdrAlloc":1073741824000,"maxNonVdrUsage":1073741824000,"maxNonVdrNodeUsage":1073741824000},"requiredAvailableDiskSpacePercentage":3,"warningAvailableDiskSpacePercentage":10,"traceConfig":{"exporterConfig":{"type":"disabled","endpoint":"","headers":{},"insecure":true},"traceSampleRate":0.1,"appName":"avalanchego","version":"avalanchego/1.14.2"},"useCurrentHeight":false,"chainDataDir":"/workspace/runs/native-04/network-data/node1/chainData","processContextFilePath":"/workspace/runs/native-04/network-data/node1/process.json"}}
[0;0m[1;36m[node1] [09-11|21:32:30.396] INFO node/node.go:931 initializing NAT
[0;0m[1;36m[node1] [09-11|21:32:30.396] INFO node/node.go:949 initializing API server
[0;0m[1;36m[node1] [09-11|21:32:30.396] WARN node/node.go:986 HTTP server is binding to a potentially public host. You may be vulnerable to a DoS attack if your HTTP port is publicly accessible {"host": ""}
[0;0m[1;36m[node1] [09-11|21:32:30.396] INFO server/server.go:133 API created {"allowedOrigins": ["*"]}
[0;0m[1;36m[node1] [09-11|21:32:30.396] INFO node/node.go:1300 initializing metrics API
[0;0m[1;36m[node1] [09-11|21:32:30.396] INFO server/server.go:245 adding route {"url": "/ext/metrics", "endpoint": ""}
[0;0m[1;36m[node1] [09-11|21:32:30.396] INFO leveldb/db.go:205 creating leveldb {"config": {"blockCacheCapacity":12582912,"blockSize":0,"compactionExpandLimitFactor":0,"compactionGPOverlapsFactor":0,"compactionL0Trigger":0,"compactionSourceLimitFactor":0,"compactionTableSize":0,"compactionTableSizeMultiplier":0,"compactionTableSizeMultiplierPerLevel":null,"compactionTotalSize":0,"compactionTotalSizeMultiplier":0,"disableSeeksCompaction":true,"openFilesCacheCapacity":1024,"writeBuffer":6291456,"filterBitsPerKey":10,"maxManifestFileSize":9223372036854775807,"metricUpdateFrequency":10000000000}}
[0;0m[0;37m[node3] [09-11|21:32:30.396] INFO node/node.go:1828 shutting down node {"exitCode": 0}
[0;0m[0;37m[node3] [09-11|21:32:30.396] INFO health/worker.go:115 registered new check and initialized its state to failing {"name": "health", "name": "shuttingDown", "tags": ["application"]}
[0;0m[0;37m[node3] [09-11|21:32:30.396] INFO chains/manager.go:1543 shutting down chain manager
[0;0m[0;37m[node3] [09-11|21:32:30.396] INFO router/chain_router.go:421 shutting down chain router
[0;0m[0;37m[node3] [09-11|21:32:30.396] INFO <P Chain> snowman/engine.go:435 shutting down consensus engine
[0;0m[0;37m[node3] [09-11|21:32:30.396] INFO <C Chain> snowman/engine.go:435 shutting down consensus engine
[0;0m[0;37m[node3] [09-11|21:32:30.396] INFO <X Chain> snowman/engine.go:435 shutting down consensus engine
[0;0m[0;37m[node3] [09-11|21:32:30.397] INFO <P Chain> router/chain_router.go:445 chain shutdown {"shutdownDuration": "131.134µs"}
[0;0m[0;37m[node3] [09-11|21:32:30.397] INFO <C Chain> core/txpool/legacypool/legacypool.go:454 Transaction pool stopped
[0;0m[0;37m[node3] [09-11|21:32:30.397] INFO <C Chain> core/blockchain.go:975 Closing quit channel
[0;0m[0;37m[node3] [09-11|21:32:30.397] INFO <C Chain> core/blockchain.go:978 Stopping Acceptor
[0;0m[0;37m[node3] [09-11|21:32:30.397] INFO <C Chain> core/blockchain.go:981 Acceptor queue drained                   t=851ns
[0;0m[0;37m[node3] [09-11|21:32:30.397] INFO <C Chain> core/blockchain.go:984 Shutting down sender cacher
[0;0m[0;37m[node3] [09-11|21:32:30.397] INFO <C Chain> core/blockchain.go:988 Closing scope
[0;0m[0;37m[node3] [09-11|21:32:30.397] INFO <C Chain> core/blockchain.go:992 Waiting for background processes to complete
[0;0m[0;37m[node3] [09-11|21:32:30.397] INFO <C Chain> core/blockchain.go:1011 Shutting down state manager
[0;0m[0;37m[node3] [09-11|21:32:30.397] INFO <C Chain> core/blockchain.go:1016 State manager shut down                  t=468ns
[0;0m[0;37m[node3] [09-11|21:32:30.397] INFO <C Chain> core/blockchain.go:1021 Blockchain stopped
[0;0m[0;37m[node3] [09-11|21:32:30.397] INFO <C Chain> eth/backend.go:407 Stopped shutdownTracker
[0;0m[0;37m[node3] [09-11|21:32:30.397] INFO <C Chain> eth/backend.go:410 Closed chaindb
[0;0m[0;37m[node3] [09-11|21:32:30.397] INFO <C Chain> eth/backend.go:412 Stopped EventMux
[0;0m[0;37m[node3] [09-11|21:32:30.397] INFO <C Chain> router/chain_router.go:445 chain shutdown {"shutdownDuration": "558.129µs"}
[0;0m[0;37m[node3] [09-11|21:32:30.397] INFO <X Chain> router/chain_router.go:445 chain shutdown {"shutdownDuration": "109.764µs"}
[0;0m[0;37m[node3] [09-11|21:32:30.397] INFO network/network.go:1142 shutting down the p2p networking
[0;0m[0;37m[node3] [09-11|21:32:30.397] INFO nat/nat.go:193 Unmapped all ports
[0;0m[0;37m[node3] [09-11|21:32:30.397] INFO node/node.go:1885 cleaning up plugin runtimes
[0;0m[0;37m[node3] [09-11|21:32:30.397] INFO node/node.go:1913 finished node shutdown
[0;0m[1;36m[node1] [09-11|21:32:30.422] INFO node/node.go:829 initializing database {"genesisHash": "2ed9HKxaGgRBm1Jca7UtD8yEhtxJGicEL5XYsbKf6R8oERZJ1X"}
[0;0m[1;36m[node1] [09-11|21:32:30.422] INFO node/node.go:1267 initializing SharedMemory
[0;0m[1;36m[node1] [09-11|21:32:30.423] WARN node/node.go:502 P2P IP is private, you will not be publicly discoverable {"ip": "127.0.0.1"}
[0;0m[1;36m[node1] [09-11|21:32:30.423] INFO node/node.go:517 initializing networking {"ip": "127.0.0.1:45319"}
[0;0m[1;36m[node1] [09-11|21:32:30.424] INFO node/node.go:1431 initializing Health API
[0;0m[1;36m[node1] [09-11|21:32:30.424] INFO health/worker.go:115 registered new check and initialized its state to failing {"name": "health", "name": "network", "tags": ["application"]}
[0;0m[1;36m[node1] [09-11|21:32:30.424] INFO health/worker.go:115 registered new check and initialized its state to failing {"name": "health", "name": "router", "tags": ["application"]}
[0;0m[1;36m[node1] [09-11|21:32:30.424] INFO health/worker.go:115 registered new check and initialized its state to failing {"name": "health", "name": "database", "tags": ["application"]}
[0;0m[1;36m[node1] [09-11|21:32:30.424] INFO health/worker.go:115 registered new check and initialized its state to failing {"name": "health", "name": "diskspace", "tags": ["application"]}
[0;0m[1;36m[node1] [09-11|21:32:30.424] INFO health/worker.go:115 registered new check and initialized its state to failing {"name": "health", "name": "bls", "tags": ["application"]}
[0;0m[1;36m[node1] [09-11|21:32:30.424] INFO health/worker.go:115 registered new check and initialized its state to failing {"name": "health", "name": "futureupgrade", "tags": ["application"]}
[0;0m[1;36m[node1] [09-11|21:32:30.424] INFO server/server.go:245 adding route {"url": "/ext/health", "endpoint": ""}
[0;0m[1;36m[node1] [09-11|21:32:30.424] INFO server/server.go:245 adding route {"url": "/ext/health", "endpoint": "/readiness"}
[0;0m[1;36m[node1] [09-11|21:32:30.424] INFO server/server.go:245 adding route {"url": "/ext/health", "endpoint": "/health"}
[0;0m[1;36m[node1] [09-11|21:32:30.424] INFO server/server.go:245 adding route {"url": "/ext/health", "endpoint": "/liveness"}
[0;0m[1;36m[node1] [09-11|21:32:30.424] INFO node/node.go:1041 adding the default VM aliases
[0;0m[1;36m[node1] [09-11|21:32:30.424] INFO node/node.go:1185 initializing VMs
[0;0m[1;36m[node1] [09-11|21:32:30.431] INFO subprocess/runtime.go:143 plugin handshake succeeded {"addr": "127.0.0.1:37655"}
[0;0m[1;36m[node1] [09-11|21:32:30.434] INFO node/node.go:1319 initializing admin API
[0;0m[1;36m[node1] [09-11|21:32:30.434] INFO server/server.go:245 adding route {"url": "/ext/admin", "endpoint": ""}
[0;0m[1;36m[node1] [09-11|21:32:30.434] INFO subprocess/runtime.go:124 stderr collector shutdown
[0;0m[1;36m[node1] [09-11|21:32:30.435] INFO node/node.go:1373 initializing info API
[0;0m[1;36m[node1] [09-11|21:32:30.435] INFO subprocess/runtime.go:111 stdout collector shutdown
[0;0m[1;36m[node1] [09-11|21:32:30.435] INFO server/server.go:245 adding route {"url": "/ext/info", "endpoint": ""}
[0;0m[1;36m[node1] [09-11|21:32:30.435] INFO node/node.go:1667 initializing chain aliases
[0;0m[1;36m[node1] [09-11|21:32:30.435] INFO node/node.go:1694 initializing API aliases
[0;0m[1;36m[node1] [09-11|21:32:30.435] INFO node/node.go:1346 skipping profiler initialization because it has been disabled
[0;0m[1;36m[node1] [09-11|21:32:30.435] INFO node/node.go:907 initializing chains
[0;0m[1;36m[node1] [09-11|21:32:30.435] INFO chains/manager.go:376 creating chain {"subnetID": "11111111111111111111111111111111LpoYY", "chainID": "11111111111111111111111111111111LpoYY", "vmID": "rWhpuQPF1kb72esV2momhMuTYGkEb1oL29pt2EBXWmSy4kxnT"}
[0;0m[1;36m[node1] [09-11|21:32:30.435] INFO health/worker.go:261 check started passing {"name": "health", "name": "diskspace", "tags": ["application"]}
[0;0m[1;36m[node1] [09-11|21:32:30.435] INFO health/worker.go:261 check started passing {"name": "health", "name": "database", "tags": ["application"]}
[0;0m[1;36m[node1] [09-11|21:32:30.435] INFO health/worker.go:261 check started passing {"name": "health", "name": "router", "tags": ["application"]}
[0;0m[1;36m[node1] [09-11|21:32:30.435] INFO health/worker.go:261 check started passing {"name": "health", "name": "bls", "tags": ["application"]}
[0;0m[1;36m[node1] [09-11|21:32:30.435] INFO chains/manager.go:1180 creating proposervm wrapper {"activationTime": "[12-05|05:00:00.000]", "minPChainHeight": 0, "minBlockDelay": "1s", "numHistoricalBlocks": 0}
[0;0m[1;36m[node1] [09-11|21:32:30.436] INFO <P Chain> platformvm/vm.go:113 using VM execution config {"config": {"network":{"max-validator-set-staleness":60000000000,"target-gossip-size":20480,"push-gossip-percent-stake":0.9,"push-gossip-num-validators":100,"push-gossip-num-peers":0,"push-regossip-num-validators":10,"push-regossip-num-peers":0,"push-gossip-discarded-cache-size":16384,"push-gossip-max-regossip-frequency":30000000000,"push-gossip-frequency":500000000,"pull-gossip-frequency":1500000000,"pull-gossip-throttling-period":3600000000000,"pull-gossip-requests-per-validator":2400,"expected-bloom-filter-elements":8192,"expected-bloom-filter-false-positive-probability":0.01,"max-bloom-filter-false-positive-probability":0.05},"block-cache-size":67108864,"tx-cache-size":134217728,"transformed-subnet-tx-cache-size":4194304,"reward-utxos-cache-size":2048,"chain-cache-size":2048,"chain-db-cache-size":2048,"block-id-cache-size":8192,"fx-owner-cache-size":4194304,"subnet-to-l1-conversion-cache-size":4194304,"l1-weights-cache-size":16384,"l1-inactive-validators-cache-size":262144,"l1-subnet-id-node-id-cache-size":16384,"checksums-enabled":false,"mempool-prune-frequency":1800000000000,"mempool-gas-capacity":1000000}}
[0;0m[1;36m[node1] [09-11|21:32:30.442] INFO <P Chain> platformvm/vm.go:233 initializing last accepted {"blkID": "2NQfPGGZqDKGvNgUVJJSQ5Gt4Rdr4VHuDGCxi6m24qmEGsZpQY"}
[0;0m[1;36m[node1] [09-11|21:32:30.443] INFO <P Chain> state/state.go:3238 blocks already reindexed
[0;0m[1;36m[node1] [09-11|21:32:30.443] INFO <P Chain> proposervm/vm.go:202 initialized proposervm {"state": "after fork", "forkHeight": 1, "lastAcceptedHeight": 6}
[0;0m[1;36m[node1] [09-11|21:32:30.443] INFO <P Chain> snowman/engine.go:98 initializing consensus engine
[0;0m[1;36m[node1] [09-11|21:32:30.443] INFO health/worker.go:115 registered new check and initialized its state to failing {"name": "health", "name": "P", "tags": ["11111111111111111111111111111111LpoYY"]}
[0;0m[1;36m[node1] [09-11|21:32:30.443] INFO server/server.go:216 adding route {"url": "/ext/bc/11111111111111111111111111111111LpoYY", "endpoint": "/proposervm"}
[0;0m[1;36m[node1] [09-11|21:32:30.443] INFO server/server.go:216 adding route {"url": "/ext/bc/11111111111111111111111111111111LpoYY", "endpoint": ""}
[0;0m[1;36m[node1] [09-11|21:32:30.443] INFO indexer/index.go:92 created new index {"nextAcceptedIndex": 6}
[0;0m[1;36m[node1] [09-11|21:32:30.444] INFO server/server.go:245 adding route {"url": "/ext/index/P", "endpoint": "/block"}
[0;0m[1;36m[node1] [09-11|21:32:30.444] INFO health/worker.go:115 registered new check and initialized its state to failing {"name": "readiness", "name": "bootstrapped", "tags": ["application"]}
[0;0m[1;36m[node1] [09-11|21:32:30.444] INFO health/worker.go:115 registered new check and initialized its state to failing {"name": "health", "name": "bootstrapped", "tags": ["application"]}
[0;0m[1;36m[node1] [09-11|21:32:30.444] INFO <P Chain> bootstrap/bootstrapper.go:192 starting bootstrapper {"lastAcceptedID": "2YDe9WGVREm2ajmzCAC7rsheELRrAdjyCMNyQt12Dp6r9HQau", "lastAcceptedHeight": 6}
[0;0m[1;36m[node1] [09-11|21:32:30.444] INFO chains/manager.go:1512 starting chain creator
[0;0m[1;36m[node1] [09-11|21:32:30.444] INFO node/node.go:647 writing process context {"path": "/workspace/runs/native-04/network-data/node1/process.json"}
[0;0m[1;36m[node1] [09-11|21:32:30.451] INFO node/node.go:674 API server listening {"uri": "http://[::]:46207"}
[0;0m[0;35m[node2] [09-11|21:32:30.582] INFO node/node.go:158 initializing node {"version": "avalanchego/1.14.2", "commit": "6e5acf909c7a16b991142d6b3979bac5699bdb68", "nodeID": "NodeID-MFrZFVCXPv5iCn6M9K6XduxGTYp891xXZ", "stakingKeyType": "RSA", "nodePOP": {"publicKey":"0x8b49c4259529a801cc961c72248773b550379ff718a49f4ccc0e1f2ac338fe204432329aa1712f408f97eee12b22dd05","proofOfPossession":"0xaf92674c3615d462527675da121b06023b116ddebc6e163919e562ab7cbe6adf20515cd2fc17c3e2d2d59953f285229e15f04302187bef5a4aa3ebdea1d18bf34047be654dd12491e882fb90b17b3cbde99ad43fc5cd0c26828bbe49a4b9456c"}, "providedFlags": {"api-admin-enabled":"true","bootstrap-ids":"NodeID-P7oB2McjBGgW2NXXWVYjV8JEDFoW9xDE5,NodeID-7Xhw2mDxuDS44j42TCB6U5579esbSt3Lg,NodeID-NFBbbJ4qCmNaCzeW7sxErhvWqvEQMnYcN,NodeID-GWPcbFJZFfZreETSoWjPimr846mXEKCtu","bootstrap-ips":"127.0.0.1:33097,127.0.0.1:45319,127.0.0.1:40017,127.0.0.1:43359","chain-config-dir":"/workspace/runs/native-04/network-data/node2/chainConfigs","config-file":"/workspace/runs/native-04/network-data/node2/configs/config.json","data-dir":"/workspace/runs/native-04/network-data/node2","db-dir":"/workspace/runs/native-04/network-data/node2/db","genesis-file":"/workspace/runs/native-04/network-data/node2/configs/genesis.json","health-check-frequency":"2s","http-host":"","http-port":"34133","index-enabled":"true","log-dir":"/workspace/runs/native-04/network-data/node2/logs","log-display-level":"INFO","log-level":"INFO","network-id":"1337","network-max-reconnect-delay":"1s","plugin-dir":"/workspace/runs/native-04/plugins","public-ip":"127.0.0.1","staking-port":"39243","subnet-config-dir":"/workspace/runs/native-04/network-data/node2/subnetConfigs","track-subnets":"99qx6GvmNDqvtLVdVkzBJs2qrjVJ94gZKmauAUWJGJDMdHA41"}, "config": {"httpConfig":{"readTimeout":30000000000,"readHeaderTimeout":30000000000,"writeHeaderTimeout":30000000000,"idleTimeout":120000000000,"apiConfig":{"indexerConfig":{"indexAPIEnabled":true,"indexAllowIncomplete":false},"adminAPIEnabled":true,"infoAPIEnabled":true,"metricsAPIEnabled":true,"healthAPIEnabled":true},"httpHost":"","httpPort":34133,"httpsEnabled":false,"httpAllowedOrigins":["*"],"httpAllowedHosts":["localhost"],"shutdownTimeout":10000000000,"shutdownWait":0},"ipConfig":{"publicIP":"127.0.0.1","publicIPResolutionService":"","publicIPResolutionFreq":300000000000,"listenHost":"","listenPort":39243},"stakingConfig":{"uptimeRequirement":0.8,"minValidatorStake":2000000000000,"maxValidatorStake":3000000000000000,"minDelegatorStake":25000000000,"minDelegationFee":20000,"minStakeDuration":86400000000000,"maxStakeDuration":31536000000000000,"rewardConfig":{"maxConsumptionRate":120000,"minConsumptionRate":100000,"mintingPeriod":31536000000000000,"supplyCap":720000000000000000},"sybilProtectionEnabled":true,"partialSyncPrimaryNetwork":false,"sybilProtectionDisabledWeight":100,"stakingTLSKeyPath":"/workspace/runs/native-04/network-data/node2/staking/staker.key","stakingTLSCertPath":"/workspace/runs/native-04/network-data/node2/staking/staker.crt","stakingSingerConfig":{"ephemeralSignerEnabled":false,"signerKeyContent":"","keyPath":"/workspace/runs/native-04/network-data/node2/staking/signer.key","RPCEndpoint":"","keyPathIsSet":false}},"txFeeConfig":{"createAssetTxFee":1000000,"txFee":1000000,"dynamicFeeConfig":{"weights":[1,1000,1000,4],"maxCapacity":1000000,"maxPerSecond":100000,"targetPerSecond":50000,"minPrice":1,"excessConversionConstant":2164043},"validatorFeeConfig":{"capacity":20000,"target":10000,"minPrice":1,"excessConversionConstant":865617}},"stateSyncConfig":{"stateSyncIDs":null,"stateSyncIPs":null},"bootstrapConfig":{"bootstrapBeaconConnectionTimeout":60000000000,"bootstrapAncestorsMaxContainersSent":2000,"bootstrapAncestorsMaxContainersReceived":2000,"bootstrapMaxTimeGetAncestors":50000000,"bootstrappers":[{"id":"NodeID-P7oB2McjBGgW2NXXWVYjV8JEDFoW9xDE5","ip":"127.0.0.1:33097"},{"id":"NodeID-7Xhw2mDxuDS44j42TCB6U5579esbSt3Lg","ip":"127.0.0.1:45319"},{"id":"NodeID-NFBbbJ4qCmNaCzeW7sxErhvWqvEQMnYcN","ip":"127.0.0.1:40017"},{"id":"NodeID-GWPcbFJZFfZreETSoWjPimr846mXEKCtu","ip":"127.0.0.1:43359"}]},"databaseConfig":{"readOnly":false,"path":"/workspace/runs/native-04/network-data/node2/db/network-1337","name":"leveldb"},"upgradeConfig":{"apricotPhase1Time":"2020-12-05T05:00:00Z","apricotPhase2Time":"2020-12-05T05:00:00Z","apricotPhase3Time":"2020-12-05T05:00:00Z","apricotPhase4Time":"2020-12-05T05:00:00Z","apricotPhase4MinPChainHeight":0,"apricotPhase5Time":"2020-12-05T05:00:00Z","apricotPhasePre6Time":"2020-12-05T05:00:00Z","apricotPhase6Time":"2020-12-05T05:00:00Z","apricotPhasePost6Time":"2020-12-05T05:00:00Z","banffTime":"2020-12-05T05:00:00Z","cortinaTime":"2020-12-05T05:00:00Z","cortinaXChainStopVertexID":"11111111111111111111111111111111LpoYY","durangoTime":"2020-12-05T05:00:00Z","etnaTime":"2020-12-05T05:00:00Z","fortunaTime":"2020-12-05T05:00:00Z","graniteTime":"2020-12-05T05:00:00Z","graniteEpochDuration":30000000000,"heliconTime":"9999-12-01T00:00:00Z"},"avaxAssetID":"28VTWcsTZ55draGkmjdcS9CFFv4zC3PbvVjkyoqxzNC7Y5msRP","networkID":1337,"healthCheckFreq":2000000000,"networkConfig":{"healthConfig":{"NoIngressValidatorConnectionGracePeriod":600000000000,"minConnectedPeers":1,"maxTimeSinceMsgReceived":60000000000,"maxTimeSinceMsgSent":60000000000,"maxPortionSendQueueBytesFull":0.9,"maxSendFailRate":0.9,"sendFailRateHalflife":10000000000},"peerListGossipConfig":{"peerListNumValidatorIPs":15,"peerListPullGossipFreq":2000000000,"peerListBloomResetFreq":60000000000},"timeoutConfigs":{"pingPongTimeout":30000000000,"readHandshakeTimeout":15000000000},"delayConfig":{"initialReconnectDelay":1000000000,"maxReconnectDelay":1000000000},"throttlerConfig":{"inboundConnUpgradeThrottlerConfig":{"upgradeCooldown":10000000000,"maxRecentConnsUpgraded":2560},"inboundMsgThrottlerConfig":{"byteThrottlerConfig":{"vdrAllocSize":33554432,"atLargeAllocSize":6291456,"nodeMaxAtLargeBytes":2097152},"bandwidthThrottlerConfig":{"bandwidthRefillRate":524288,"bandwidthMaxBurstRate":2097152},"cpuThrottlerConfig":{"maxRecheckDelay":5000000000},"diskThrottlerConfig":{"maxRecheckDelay":5000000000},"maxProcessingMsgsPerNode":1024},"outboundMsgThrottlerConfig":{"vdrAllocSize":33554432,"atLargeAllocSize":33554432,"nodeMaxAtLargeBytes":2097152},"maxInboundConnsPerSec":256},"proxyEnabled":false,"proxyReadHeaderTimeout":3000000000,"dialerConfig":{"throttleRps":50,"connectionTimeout":30000000000},"tlsKeyLogFile":"","myNodeID":"NodeID-111111111111111111116DBWJs","myIP":null,"networkID":0,"maxClockDifference":60000000000,"pingFrequency":22500000000,"allowPrivateIPs":true,"supportedACPs":[],"objectedACPs":[],"compressionType":"zstd","uptimeMetricFreq":30000000000,"requireValidatorToConnect":false,"maximumInboundMessageTimeout":10000000000,"peerReadBufferSize":8192,"peerWriteBufferSize":8192,"connectToAllValidators":false},"adaptiveTimeoutConfig":{"initialTimeout":5000000000,"minimumTimeout":2000000000,"maximumTimeout":10000000000,"timeoutCoefficient":2,"timeoutHalflife":300000000000},"benchlistConfig":{"halflife":60000000000,"unbenchProbability":0.2,"benchProbability":0.5,"benchDuration":300000000000,"maxPortion":0.08333333333333333},"profilerConfig":{"dir":"/workspace/runs/native-04/network-data/node2/profiles","enabled":false,"freq":900000000000,"maxNumFiles":5},"loggingConfig":{"maxSize":8,"maxFiles":7,"maxAge":0,"directory":"/workspace/runs/native-04/network-data/node2/logs","compress":false,"disableWriterDisplaying":false,"logLevel":"INFO","displayLevel":"INFO","logFormat":"plain"},"pluginDir":"/workspace/runs/native-04/plugins","fdLimit":32768,"meterVMEnabled":true,"routerHealthConfig":{"maxDropRate":1,"maxDropRateHalflife":10000000000,"maxOutstandingRequests":1024,"maxOutstandingDuration":300000000000,"maxRunTimeRequests":10000000000},"consensusShutdownTimeout":60000000000,"consensusGossipFreq":100000000,"consensusAppConcurrency":2,"trackedSubnets":["99qx6GvmNDqvtLVdVkzBJs2qrjVJ94gZKmauAUWJGJDMdHA41"],"proposerMinBlockDelay":1000000000,"subnetConfigs":{"11111111111111111111111111111111LpoYY":{"validatorOnly":false,"allowedNodes":[],"consensusParameters":null,"snowParameters":{"k":20,"alphaPreference":15,"alphaConfidence":15,"beta":20,"concurrentRepolls":4,"optimalProcessing":10,"maxOutstandingItems":256,"maxItemProcessingTime":30000000000},"simplexParameters":null,"proposerNumHistoricalBlocks":0},"99qx6GvmNDqvtLVdVkzBJs2qrjVJ94gZKmauAUWJGJDMdHA41":{"validatorOnly":false,"allowedNodes":[],"consensusParameters":null,"snowParameters":{"k":20,"alphaPreference":15,"alphaConfidence":15,"beta":20,"concurrentRepolls":4,"optimalProcessing":10,"maxOutstandingItems":256,"maxItemProcessingTime":30000000000},"simplexParameters":null,"proposerNumHistoricalBlocks":0}},"chainAliases":null,"vmAliases":null,"systemTrackerProcessingHalflife":15000000000,"systemTrackerFrequency":500000000,"systemTrackerCPUHalflife":15000000000,"systemTrackerDiskHalflife":60000000000,"cpuTargeterConfig":{"vdrAlloc":64,"maxNonVdrUsage":51.2,"maxNonVdrNodeUsage":8},"diskTargeterConfig":{"vdrAlloc":1073741824000,"maxNonVdrUsage":1073741824000,"maxNonVdrNodeUsage":1073741824000},"requiredAvailableDiskSpacePercentage":3,"warningAvailableDiskSpacePercentage":10,"traceConfig":{"exporterConfig":{"type":"disabled","endpoint":"","headers":{},"insecure":true},"traceSampleRate":0.1,"appName":"avalanchego","version":"avalanchego/1.14.2"},"useCurrentHeight":false,"chainDataDir":"/workspace/runs/native-04/network-data/node2/chainData","processContextFilePath":"/workspace/runs/native-04/network-data/node2/process.json"}}
[0;0m[0;35m[node2] [09-11|21:32:30.583] INFO node/node.go:931 initializing NAT
[0;0m[0;35m[node2] [09-11|21:32:30.583] INFO node/node.go:949 initializing API server
[0;0m[0;35m[node2] [09-11|21:32:30.583] WARN node/node.go:986 HTTP server is binding to a potentially public host. You may be vulnerable to a DoS attack if your HTTP port is publicly accessible {"host": ""}
[0;0m[0;35m[node2] [09-11|21:32:30.583] INFO server/server.go:133 API created {"allowedOrigins": ["*"]}
[0;0m[0;35m[node2] [09-11|21:32:30.583] INFO node/node.go:1300 initializing metrics API
[0;0m[0;35m[node2] [09-11|21:32:30.583] INFO server/server.go:245 adding route {"url": "/ext/metrics", "endpoint": ""}
[0;0m[0;35m[node2] [09-11|21:32:30.583] INFO leveldb/db.go:205 creating leveldb {"config": {"blockCacheCapacity":12582912,"blockSize":0,"compactionExpandLimitFactor":0,"compactionGPOverlapsFactor":0,"compactionL0Trigger":0,"compactionSourceLimitFactor":0,"compactionTableSize":0,"compactionTableSizeMultiplier":0,"compactionTableSizeMultiplierPerLevel":null,"compactionTotalSize":0,"compactionTotalSizeMultiplier":0,"disableSeeksCompaction":true,"openFilesCacheCapacity":1024,"writeBuffer":6291456,"filterBitsPerKey":10,"maxManifestFileSize":9223372036854775807,"metricUpdateFrequency":10000000000}}
[0;0m[09-11|21:32:30.588] INFO local/network.go:620 adding node {"node-name": "node3", "node-dir": "/workspace/runs/native-04/network-data/node3", "log-dir": "/workspace/runs/native-04/network-data/node3/logs", "db-dir": "/workspace/runs/native-04/network-data/node3/db", "p2p-port": 40017, "api-port": 42647}
[09-11|21:32:30.590] INFO local/blockchain.go:814 [0;32mrestarting node node4 to track subnets 99qx6GvmNDqvtLVdVkzBJs2qrjVJ94gZKmauAUWJGJDMdHA41[0;0m
[1;32m[node4] [09-11|21:32:30.591] INFO node/node.go:1828 shutting down node {"exitCode": 0}
[0;0m[1;32m[node4] [09-11|21:32:30.591] INFO health/worker.go:115 registered new check and initialized its state to failing {"name": "health", "name": "shuttingDown", "tags": ["application"]}
[0;0m[1;32m[node4] [09-11|21:32:30.591] INFO chains/manager.go:1543 shutting down chain manager
[0;0m[1;32m[node4] [09-11|21:32:30.591] INFO router/chain_router.go:421 shutting down chain router
[0;0m[1;32m[node4] [09-11|21:32:30.591] INFO <C Chain> snowman/engine.go:435 shutting down consensus engine
[0;0m[1;32m[node4] [09-11|21:32:30.591] INFO <X Chain> snowman/engine.go:435 shutting down consensus engine
[0;0m[1;32m[node4] [09-11|21:32:30.591] INFO <P Chain> snowman/engine.go:435 shutting down consensus engine
[0;0m[1;32m[node4] [09-11|21:32:30.591] INFO <C Chain> core/txpool/legacypool/legacypool.go:454 Transaction pool stopped
[0;0m[1;32m[node4] [09-11|21:32:30.591] INFO <C Chain> core/blockchain.go:975 Closing quit channel
[0;0m[1;32m[node4] [09-11|21:32:30.591] INFO <C Chain> core/blockchain.go:978 Stopping Acceptor
[0;0m[1;32m[node4] [09-11|21:32:30.591] INFO <C Chain> core/blockchain.go:981 Acceptor queue drained                   t=679ns
[0;0m[1;32m[node4] [09-11|21:32:30.591] INFO <C Chain> core/blockchain.go:984 Shutting down sender cacher
[0;0m[1;32m[node4] [09-11|21:32:30.591] INFO <P Chain> router/chain_router.go:445 chain shutdown {"shutdownDuration": "234.482µs"}
[0;0m[1;32m[node4] [09-11|21:32:30.591] INFO <C Chain> core/blockchain.go:988 Closing scope
[0;0m[1;32m[node4] [09-11|21:32:30.591] INFO <C Chain> core/blockchain.go:992 Waiting for background processes to complete
[0;0m[1;32m[node4] [09-11|21:32:30.591] INFO <C Chain> core/blockchain.go:1011 Shutting down state manager
[0;0m[1;32m[node4] [09-11|21:32:30.591] INFO <C Chain> core/blockchain.go:1016 State manager shut down                  t=530ns
[0;0m[1;32m[node4] [09-11|21:32:30.591] INFO <C Chain> core/blockchain.go:1021 Blockchain stopped
[0;0m[1;32m[node4] [09-11|21:32:30.591] INFO <C Chain> eth/backend.go:407 Stopped shutdownTracker
[0;0m[1;32m[node4] [09-11|21:32:30.591] INFO <C Chain> eth/backend.go:410 Closed chaindb
[0;0m[1;32m[node4] [09-11|21:32:30.591] INFO <C Chain> eth/backend.go:412 Stopped EventMux
[0;0m[1;32m[node4] [09-11|21:32:30.591] INFO <C Chain> router/chain_router.go:445 chain shutdown {"shutdownDuration": "546.261µs"}
[0;0m[1;32m[node4] [09-11|21:32:30.591] INFO <X Chain> router/chain_router.go:445 chain shutdown {"shutdownDuration": "128.509µs"}
[0;0m[1;32m[node4] [09-11|21:32:30.591] INFO network/network.go:1142 shutting down the p2p networking
[0;0m[1;32m[node4] [09-11|21:32:30.592] INFO nat/nat.go:193 Unmapped all ports
[0;0m[1;32m[node4] [09-11|21:32:30.592] INFO node/node.go:1885 cleaning up plugin runtimes
[0;0m[1;32m[node4] [09-11|21:32:30.592] INFO node/node.go:1913 finished node shutdown
[0;0m[0;35m[node2] [09-11|21:32:30.617] INFO node/node.go:829 initializing database {"genesisHash": "2ed9HKxaGgRBm1Jca7UtD8yEhtxJGicEL5XYsbKf6R8oERZJ1X"}
[0;0m[0;35m[node2] [09-11|21:32:30.617] INFO node/node.go:1267 initializing SharedMemory
[0;0m[0;35m[node2] [09-11|21:32:30.618] WARN node/node.go:502 P2P IP is private, you will not be publicly discoverable {"ip": "127.0.0.1"}
[0;0m[0;35m[node2] [09-11|21:32:30.618] INFO node/node.go:517 initializing networking {"ip": "127.0.0.1:39243"}
[0;0m[0;35m[node2] [09-11|21:32:30.619] INFO node/node.go:1431 initializing Health API
[0;0m[0;35m[node2] [09-11|21:32:30.619] INFO health/worker.go:115 registered new check and initialized its state to failing {"name": "health", "name": "network", "tags": ["application"]}
[0;0m[0;35m[node2] [09-11|21:32:30.619] INFO health/worker.go:115 registered new check and initialized its state to failing {"name": "health", "name": "router", "tags": ["application"]}
[0;0m[0;35m[node2] [09-11|21:32:30.619] INFO health/worker.go:115 registered new check and initialized its state to failing {"name": "health", "name": "database", "tags": ["application"]}
[0;0m[0;35m[node2] [09-11|21:32:30.619] INFO health/worker.go:115 registered new check and initialized its state to failing {"name": "health", "name": "diskspace", "tags": ["application"]}
[0;0m[0;35m[node2] [09-11|21:32:30.619] INFO health/worker.go:115 registered new check and initialized its state to failing {"name": "health", "name": "bls", "tags": ["application"]}
[0;0m[0;35m[node2] [09-11|21:32:30.619] INFO health/worker.go:115 registered new check and initialized its state to failing {"name": "health", "name": "futureupgrade", "tags": ["application"]}
[0;0m[0;35m[node2] [09-11|21:32:30.619] INFO server/server.go:245 adding route {"url": "/ext/health", "endpoint": ""}
[0;0m[0;35m[node2] [09-11|21:32:30.619] INFO server/server.go:245 adding route {"url": "/ext/health", "endpoint": "/readiness"}
[0;0m[0;35m[node2] [09-11|21:32:30.619] INFO server/server.go:245 adding route {"url": "/ext/health", "endpoint": "/health"}
[0;0m[0;35m[node2] [09-11|21:32:30.619] INFO server/server.go:245 adding route {"url": "/ext/health", "endpoint": "/liveness"}
[0;0m[0;35m[node2] [09-11|21:32:30.619] INFO node/node.go:1041 adding the default VM aliases
[0;0m[0;35m[node2] [09-11|21:32:30.619] INFO node/node.go:1185 initializing VMs
[0;0m[0;35m[node2] [09-11|21:32:30.627] INFO subprocess/runtime.go:143 plugin handshake succeeded {"addr": "127.0.0.1:35573"}
[0;0m[0;35m[node2] [09-11|21:32:30.631] INFO node/node.go:1319 initializing admin API
[0;0m[0;35m[node2] [09-11|21:32:30.631] INFO server/server.go:245 adding route {"url": "/ext/admin", "endpoint": ""}
[0;0m[0;35m[node2] [09-11|21:32:30.631] INFO subprocess/runtime.go:111 stdout collector shutdown
[0;0m[0;35m[node2] [09-11|21:32:30.631] INFO node/node.go:1373 initializing info API
[0;0m[0;35m[node2] [09-11|21:32:30.631] INFO subprocess/runtime.go:124 stderr collector shutdown
[0;0m[0;35m[node2] [09-11|21:32:30.632] INFO server/server.go:245 adding route {"url": "/ext/info", "endpoint": ""}
[0;0m[0;35m[node2] [09-11|21:32:30.632] INFO node/node.go:1667 initializing chain aliases
[0;0m[0;35m[node2] [09-11|21:32:30.632] INFO node/node.go:1694 initializing API aliases
[0;0m[0;35m[node2] [09-11|21:32:30.632] INFO node/node.go:1346 skipping profiler initialization because it has been disabled
[0;0m[0;35m[node2] [09-11|21:32:30.632] INFO node/node.go:907 initializing chains
[0;0m[0;35m[node2] [09-11|21:32:30.632] INFO chains/manager.go:376 creating chain {"subnetID": "11111111111111111111111111111111LpoYY", "chainID": "11111111111111111111111111111111LpoYY", "vmID": "rWhpuQPF1kb72esV2momhMuTYGkEb1oL29pt2EBXWmSy4kxnT"}
[0;0m[0;35m[node2] [09-11|21:32:30.632] INFO health/worker.go:261 check started passing {"name": "health", "name": "bls", "tags": ["application"]}
[0;0m[0;35m[node2] [09-11|21:32:30.632] INFO health/worker.go:261 check started passing {"name": "health", "name": "database", "tags": ["application"]}
[0;0m[0;35m[node2] [09-11|21:32:30.632] INFO health/worker.go:261 check started passing {"name": "health", "name": "diskspace", "tags": ["application"]}
[0;0m[0;35m[node2] [09-11|21:32:30.632] INFO health/worker.go:261 check started passing {"name": "health", "name": "router", "tags": ["application"]}
[0;0m[0;35m[node2] [09-11|21:32:30.632] INFO chains/manager.go:1180 creating proposervm wrapper {"activationTime": "[12-05|05:00:00.000]", "minPChainHeight": 0, "minBlockDelay": "1s", "numHistoricalBlocks": 0}
[0;0m[0;35m[node2] [09-11|21:32:30.632] INFO <P Chain> platformvm/vm.go:113 using VM execution config {"config": {"network":{"max-validator-set-staleness":60000000000,"target-gossip-size":20480,"push-gossip-percent-stake":0.9,"push-gossip-num-validators":100,"push-gossip-num-peers":0,"push-regossip-num-validators":10,"push-regossip-num-peers":0,"push-gossip-discarded-cache-size":16384,"push-gossip-max-regossip-frequency":30000000000,"push-gossip-frequency":500000000,"pull-gossip-frequency":1500000000,"pull-gossip-throttling-period":3600000000000,"pull-gossip-requests-per-validator":2400,"expected-bloom-filter-elements":8192,"expected-bloom-filter-false-positive-probability":0.01,"max-bloom-filter-false-positive-probability":0.05},"block-cache-size":67108864,"tx-cache-size":134217728,"transformed-subnet-tx-cache-size":4194304,"reward-utxos-cache-size":2048,"chain-cache-size":2048,"chain-db-cache-size":2048,"block-id-cache-size":8192,"fx-owner-cache-size":4194304,"subnet-to-l1-conversion-cache-size":4194304,"l1-weights-cache-size":16384,"l1-inactive-validators-cache-size":262144,"l1-subnet-id-node-id-cache-size":16384,"checksums-enabled":false,"mempool-prune-frequency":1800000000000,"mempool-gas-capacity":1000000}}
[0;0m[0;35m[node2] [09-11|21:32:30.639] INFO <P Chain> platformvm/vm.go:233 initializing last accepted {"blkID": "2NQfPGGZqDKGvNgUVJJSQ5Gt4Rdr4VHuDGCxi6m24qmEGsZpQY"}
[0;0m[0;35m[node2] [09-11|21:32:30.639] INFO <P Chain> state/state.go:3238 blocks already reindexed
[0;0m[0;35m[node2] [09-11|21:32:30.639] INFO <P Chain> proposervm/vm.go:202 initialized proposervm {"state": "after fork", "forkHeight": 1, "lastAcceptedHeight": 6}
[0;0m[0;35m[node2] [09-11|21:32:30.640] INFO <P Chain> snowman/engine.go:98 initializing consensus engine
[0;0m[0;35m[node2] [09-11|21:32:30.640] INFO health/worker.go:115 registered new check and initialized its state to failing {"name": "health", "name": "P", "tags": ["11111111111111111111111111111111LpoYY"]}
[0;0m[0;35m[node2] [09-11|21:32:30.640] INFO server/server.go:216 adding route {"url": "/ext/bc/11111111111111111111111111111111LpoYY", "endpoint": ""}
[0;0m[0;35m[node2] [09-11|21:32:30.640] INFO server/server.go:216 adding route {"url": "/ext/bc/11111111111111111111111111111111LpoYY", "endpoint": "/proposervm"}
[0;0m[0;35m[node2] [09-11|21:32:30.640] INFO indexer/index.go:92 created new index {"nextAcceptedIndex": 6}
[0;0m[0;35m[node2] [09-11|21:32:30.640] INFO server/server.go:245 adding route {"url": "/ext/index/P", "endpoint": "/block"}
[0;0m[0;35m[node2] [09-11|21:32:30.640] INFO health/worker.go:115 registered new check and initialized its state to failing {"name": "readiness", "name": "bootstrapped", "tags": ["application"]}
[0;0m[0;35m[node2] [09-11|21:32:30.640] INFO health/worker.go:115 registered new check and initialized its state to failing {"name": "health", "name": "bootstrapped", "tags": ["application"]}
[0;0m[0;35m[node2] [09-11|21:32:30.640] INFO <P Chain> bootstrap/bootstrapper.go:192 starting bootstrapper {"lastAcceptedID": "2YDe9WGVREm2ajmzCAC7rsheELRrAdjyCMNyQt12Dp6r9HQau", "lastAcceptedHeight": 6}
[0;0m[0;35m[node2] [09-11|21:32:30.640] INFO chains/manager.go:1512 starting chain creator
[0;0m[0;35m[node2] [09-11|21:32:30.640] INFO node/node.go:647 writing process context {"path": "/workspace/runs/native-04/network-data/node2/process.json"}
[0;0m[0;35m[node2] [09-11|21:32:30.646] INFO node/node.go:674 API server listening {"uri": "http://[::]:34133"}
[0;0m[1;33m[node3] [09-11|21:32:30.762] INFO node/node.go:158 initializing node {"version": "avalanchego/1.14.2", "commit": "6e5acf909c7a16b991142d6b3979bac5699bdb68", "nodeID": "NodeID-NFBbbJ4qCmNaCzeW7sxErhvWqvEQMnYcN", "stakingKeyType": "RSA", "nodePOP": {"publicKey":"0xb20ab07ea5cf8b77ab50f2071a6f1d2aab693c8bd89761430cd29de9fa0dbae83a32c7697d59ff1b06995b1596c16fa6","proofOfPossession":"0xa113145564d7ac540fade2526938fbd33233957901111328c86c4cbe7ed25f678173d95c54b3342fd7b723c3ed813f2b04fecf4a317205ce65638bb34bb58bb6746e74c63e6cbe5cb25c103b290ed270146b756d3901c8b0f99d083a44572c79"}, "providedFlags": {"api-admin-enabled":"true","bootstrap-ids":"NodeID-P7oB2McjBGgW2NXXWVYjV8JEDFoW9xDE5,NodeID-7Xhw2mDxuDS44j42TCB6U5579esbSt3Lg,NodeID-MFrZFVCXPv5iCn6M9K6XduxGTYp891xXZ,NodeID-GWPcbFJZFfZreETSoWjPimr846mXEKCtu","bootstrap-ips":"127.0.0.1:33097,127.0.0.1:45319,127.0.0.1:39243,127.0.0.1:43359","chain-config-dir":"/workspace/runs/native-04/network-data/node3/chainConfigs","config-file":"/workspace/runs/native-04/network-data/node3/configs/config.json","data-dir":"/workspace/runs/native-04/network-data/node3","db-dir":"/workspace/runs/native-04/network-data/node3/db","genesis-file":"/workspace/runs/native-04/network-data/node3/configs/genesis.json","health-check-frequency":"2s","http-host":"","http-port":"42647","index-enabled":"true","log-dir":"/workspace/runs/native-04/network-data/node3/logs","log-display-level":"INFO","log-level":"INFO","network-id":"1337","network-max-reconnect-delay":"1s","plugin-dir":"/workspace/runs/native-04/plugins","public-ip":"127.0.0.1","staking-port":"40017","subnet-config-dir":"/workspace/runs/native-04/network-data/node3/subnetConfigs","track-subnets":"99qx6GvmNDqvtLVdVkzBJs2qrjVJ94gZKmauAUWJGJDMdHA41"}, "config": {"httpConfig":{"readTimeout":30000000000,"readHeaderTimeout":30000000000,"writeHeaderTimeout":30000000000,"idleTimeout":120000000000,"apiConfig":{"indexerConfig":{"indexAPIEnabled":true,"indexAllowIncomplete":false},"adminAPIEnabled":true,"infoAPIEnabled":true,"metricsAPIEnabled":true,"healthAPIEnabled":true},"httpHost":"","httpPort":42647,"httpsEnabled":false,"httpAllowedOrigins":["*"],"httpAllowedHosts":["localhost"],"shutdownTimeout":10000000000,"shutdownWait":0},"ipConfig":{"publicIP":"127.0.0.1","publicIPResolutionService":"","publicIPResolutionFreq":300000000000,"listenHost":"","listenPort":40017},"stakingConfig":{"uptimeRequirement":0.8,"minValidatorStake":2000000000000,"maxValidatorStake":3000000000000000,"minDelegatorStake":25000000000,"minDelegationFee":20000,"minStakeDuration":86400000000000,"maxStakeDuration":31536000000000000,"rewardConfig":{"maxConsumptionRate":120000,"minConsumptionRate":100000,"mintingPeriod":31536000000000000,"supplyCap":720000000000000000},"sybilProtectionEnabled":true,"partialSyncPrimaryNetwork":false,"sybilProtectionDisabledWeight":100,"stakingTLSKeyPath":"/workspace/runs/native-04/network-data/node3/staking/staker.key","stakingTLSCertPath":"/workspace/runs/native-04/network-data/node3/staking/staker.crt","stakingSingerConfig":{"ephemeralSignerEnabled":false,"signerKeyContent":"","keyPath":"/workspace/runs/native-04/network-data/node3/staking/signer.key","RPCEndpoint":"","keyPathIsSet":false}},"txFeeConfig":{"createAssetTxFee":1000000,"txFee":1000000,"dynamicFeeConfig":{"weights":[1,1000,1000,4],"maxCapacity":1000000,"maxPerSecond":100000,"targetPerSecond":50000,"minPrice":1,"excessConversionConstant":2164043},"validatorFeeConfig":{"capacity":20000,"target":10000,"minPrice":1,"excessConversionConstant":865617}},"stateSyncConfig":{"stateSyncIDs":null,"stateSyncIPs":null},"bootstrapConfig":{"bootstrapBeaconConnectionTimeout":60000000000,"bootstrapAncestorsMaxContainersSent":2000,"bootstrapAncestorsMaxContainersReceived":2000,"bootstrapMaxTimeGetAncestors":50000000,"bootstrappers":[{"id":"NodeID-P7oB2McjBGgW2NXXWVYjV8JEDFoW9xDE5","ip":"127.0.0.1:33097"},{"id":"NodeID-7Xhw2mDxuDS44j42TCB6U5579esbSt3Lg","ip":"127.0.0.1:45319"},{"id":"NodeID-MFrZFVCXPv5iCn6M9K6XduxGTYp891xXZ","ip":"127.0.0.1:39243"},{"id":"NodeID-GWPcbFJZFfZreETSoWjPimr846mXEKCtu","ip":"127.0.0.1:43359"}]},"databaseConfig":{"readOnly":false,"path":"/workspace/runs/native-04/network-data/node3/db/network-1337","name":"leveldb"},"upgradeConfig":{"apricotPhase1Time":"2020-12-05T05:00:00Z","apricotPhase2Time":"2020-12-05T05:00:00Z","apricotPhase3Time":"2020-12-05T05:00:00Z","apricotPhase4Time":"2020-12-05T05:00:00Z","apricotPhase4MinPChainHeight":0,"apricotPhase5Time":"2020-12-05T05:00:00Z","apricotPhasePre6Time":"2020-12-05T05:00:00Z","apricotPhase6Time":"2020-12-05T05:00:00Z","apricotPhasePost6Time":"2020-12-05T05:00:00Z","banffTime":"2020-12-05T05:00:00Z","cortinaTime":"2020-12-05T05:00:00Z","cortinaXChainStopVertexID":"11111111111111111111111111111111LpoYY","durangoTime":"2020-12-05T05:00:00Z","etnaTime":"2020-12-05T05:00:00Z","fortunaTime":"2020-12-05T05:00:00Z","graniteTime":"2020-12-05T05:00:00Z","graniteEpochDuration":30000000000,"heliconTime":"9999-12-01T00:00:00Z"},"avaxAssetID":"28VTWcsTZ55draGkmjdcS9CFFv4zC3PbvVjkyoqxzNC7Y5msRP","networkID":1337,"healthCheckFreq":2000000000,"networkConfig":{"healthConfig":{"NoIngressValidatorConnectionGracePeriod":600000000000,"minConnectedPeers":1,"maxTimeSinceMsgReceived":60000000000,"maxTimeSinceMsgSent":60000000000,"maxPortionSendQueueBytesFull":0.9,"maxSendFailRate":0.9,"sendFailRateHalflife":10000000000},"peerListGossipConfig":{"peerListNumValidatorIPs":15,"peerListPullGossipFreq":2000000000,"peerListBloomResetFreq":60000000000},"timeoutConfigs":{"pingPongTimeout":30000000000,"readHandshakeTimeout":15000000000},"delayConfig":{"initialReconnectDelay":1000000000,"maxReconnectDelay":1000000000},"throttlerConfig":{"inboundConnUpgradeThrottlerConfig":{"upgradeCooldown":10000000000,"maxRecentConnsUpgraded":2560},"inboundMsgThrottlerConfig":{"byteThrottlerConfig":{"vdrAllocSize":33554432,"atLargeAllocSize":6291456,"nodeMaxAtLargeBytes":2097152},"bandwidthThrottlerConfig":{"bandwidthRefillRate":524288,"bandwidthMaxBurstRate":2097152},"cpuThrottlerConfig":{"maxRecheckDelay":5000000000},"diskThrottlerConfig":{"maxRecheckDelay":5000000000},"maxProcessingMsgsPerNode":1024},"outboundMsgThrottlerConfig":{"vdrAllocSize":33554432,"atLargeAllocSize":33554432,"nodeMaxAtLargeBytes":2097152},"maxInboundConnsPerSec":256},"proxyEnabled":false,"proxyReadHeaderTimeout":3000000000,"dialerConfig":{"throttleRps":50,"connectionTimeout":30000000000},"tlsKeyLogFile":"","myNodeID":"NodeID-111111111111111111116DBWJs","myIP":null,"networkID":0,"maxClockDifference":60000000000,"pingFrequency":22500000000,"allowPrivateIPs":true,"supportedACPs":[],"objectedACPs":[],"compressionType":"zstd","uptimeMetricFreq":30000000000,"requireValidatorToConnect":false,"maximumInboundMessageTimeout":10000000000,"peerReadBufferSize":8192,"peerWriteBufferSize":8192,"connectToAllValidators":false},"adaptiveTimeoutConfig":{"initialTimeout":5000000000,"minimumTimeout":2000000000,"maximumTimeout":10000000000,"timeoutCoefficient":2,"timeoutHalflife":300000000000},"benchlistConfig":{"halflife":60000000000,"unbenchProbability":0.2,"benchProbability":0.5,"benchDuration":300000000000,"maxPortion":0.08333333333333333},"profilerConfig":{"dir":"/workspace/runs/native-04/network-data/node3/profiles","enabled":false,"freq":900000000000,"maxNumFiles":5},"loggingConfig":{"maxSize":8,"maxFiles":7,"maxAge":0,"directory":"/workspace/runs/native-04/network-data/node3/logs","compress":false,"disableWriterDisplaying":false,"logLevel":"INFO","displayLevel":"INFO","logFormat":"plain"},"pluginDir":"/workspace/runs/native-04/plugins","fdLimit":32768,"meterVMEnabled":true,"routerHealthConfig":{"maxDropRate":1,"maxDropRateHalflife":10000000000,"maxOutstandingRequests":1024,"maxOutstandingDuration":300000000000,"maxRunTimeRequests":10000000000},"consensusShutdownTimeout":60000000000,"consensusGossipFreq":100000000,"consensusAppConcurrency":2,"trackedSubnets":["99qx6GvmNDqvtLVdVkzBJs2qrjVJ94gZKmauAUWJGJDMdHA41"],"proposerMinBlockDelay":1000000000,"subnetConfigs":{"11111111111111111111111111111111LpoYY":{"validatorOnly":false,"allowedNodes":[],"consensusParameters":null,"snowParameters":{"k":20,"alphaPreference":15,"alphaConfidence":15,"beta":20,"concurrentRepolls":4,"optimalProcessing":10,"maxOutstandingItems":256,"maxItemProcessingTime":30000000000},"simplexParameters":null,"proposerNumHistoricalBlocks":0},"99qx6GvmNDqvtLVdVkzBJs2qrjVJ94gZKmauAUWJGJDMdHA41":{"validatorOnly":false,"allowedNodes":[],"consensusParameters":null,"snowParameters":{"k":20,"alphaPreference":15,"alphaConfidence":15,"beta":20,"concurrentRepolls":4,"optimalProcessing":10,"maxOutstandingItems":256,"maxItemProcessingTime":30000000000},"simplexParameters":null,"proposerNumHistoricalBlocks":0}},"chainAliases":null,"vmAliases":null,"systemTrackerProcessingHalflife":15000000000,"systemTrackerFrequency":500000000,"systemTrackerCPUHalflife":15000000000,"systemTrackerDiskHalflife":60000000000,"cpuTargeterConfig":{"vdrAlloc":64,"maxNonVdrUsage":51.2,"maxNonVdrNodeUsage":8},"diskTargeterConfig":{"vdrAlloc":1073741824000,"maxNonVdrUsage":1073741824000,"maxNonVdrNodeUsage":1073741824000},"requiredAvailableDiskSpacePercentage":3,"warningAvailableDiskSpacePercentage":10,"traceConfig":{"exporterConfig":{"type":"disabled","endpoint":"","headers":{},"insecure":true},"traceSampleRate":0.1,"appName":"avalanchego","version":"avalanchego/1.14.2"},"useCurrentHeight":false,"chainDataDir":"/workspace/runs/native-04/network-data/node3/chainData","processContextFilePath":"/workspace/runs/native-04/network-data/node3/process.json"}}
[0;0m[1;33m[node3] [09-11|21:32:30.763] INFO node/node.go:931 initializing NAT
[0;0m[1;33m[node3] [09-11|21:32:30.763] INFO node/node.go:949 initializing API server
[0;0m[1;33m[node3] [09-11|21:32:30.763] WARN node/node.go:986 HTTP server is binding to a potentially public host. You may be vulnerable to a DoS attack if your HTTP port is publicly accessible {"host": ""}
[0;0m[1;33m[node3] [09-11|21:32:30.763] INFO server/server.go:133 API created {"allowedOrigins": ["*"]}
[0;0m[1;33m[node3] [09-11|21:32:30.763] INFO node/node.go:1300 initializing metrics API
[0;0m[1;33m[node3] [09-11|21:32:30.763] INFO server/server.go:245 adding route {"url": "/ext/metrics", "endpoint": ""}
[0;0m[1;33m[node3] [09-11|21:32:30.763] INFO leveldb/db.go:205 creating leveldb {"config": {"blockCacheCapacity":12582912,"blockSize":0,"compactionExpandLimitFactor":0,"compactionGPOverlapsFactor":0,"compactionL0Trigger":0,"compactionSourceLimitFactor":0,"compactionTableSize":0,"compactionTableSizeMultiplier":0,"compactionTableSizeMultiplierPerLevel":null,"compactionTotalSize":0,"compactionTotalSizeMultiplier":0,"disableSeeksCompaction":true,"openFilesCacheCapacity":1024,"writeBuffer":6291456,"filterBitsPerKey":10,"maxManifestFileSize":9223372036854775807,"metricUpdateFrequency":10000000000}}
[0;0m[09-11|21:32:30.777] INFO local/network.go:620 adding node {"node-name": "node4", "node-dir": "/workspace/runs/native-04/network-data/node4", "log-dir": "/workspace/runs/native-04/network-data/node4/logs", "db-dir": "/workspace/runs/native-04/network-data/node4/db", "p2p-port": 43359, "api-port": 34387}
[09-11|21:32:30.778] INFO local/blockchain.go:814 [0;32mrestarting node node5 to track subnets 99qx6GvmNDqvtLVdVkzBJs2qrjVJ94gZKmauAUWJGJDMdHA41[0;0m
[1;35m[node5] [09-11|21:32:30.778] INFO node/node.go:1828 shutting down node {"exitCode": 0}
[0;0m[1;35m[node5] [09-11|21:32:30.778] INFO health/worker.go:115 registered new check and initialized its state to failing {"name": "health", "name": "shuttingDown", "tags": ["application"]}
[0;0m[1;35m[node5] [09-11|21:32:30.778] INFO chains/manager.go:1543 shutting down chain manager
[0;0m[1;35m[node5] [09-11|21:32:30.778] INFO router/chain_router.go:421 shutting down chain router
[0;0m[1;35m[node5] [09-11|21:32:30.778] INFO <C Chain> snowman/engine.go:435 shutting down consensus engine
[0;0m[1;35m[node5] [09-11|21:32:30.778] INFO <P Chain> snowman/engine.go:435 shutting down consensus engine
[0;0m[1;35m[node5] [09-11|21:32:30.778] INFO <X Chain> snowman/engine.go:435 shutting down consensus engine
[0;0m[1;35m[node5] [09-11|21:32:30.779] INFO <C Chain> core/txpool/legacypool/legacypool.go:454 Transaction pool stopped
[0;0m[1;35m[node5] [09-11|21:32:30.780] INFO <C Chain> core/blockchain.go:975 Closing quit channel
[0;0m[1;35m[node5] [09-11|21:32:30.780] INFO <C Chain> core/blockchain.go:978 Stopping Acceptor
[0;0m[1;35m[node5] [09-11|21:32:30.780] INFO <C Chain> core/blockchain.go:981 Acceptor queue drained                   t="1.618µs"
[0;0m[1;35m[node5] [09-11|21:32:30.780] INFO <C Chain> core/blockchain.go:984 Shutting down sender cacher
[0;0m[1;35m[node5] [09-11|21:32:30.780] INFO <P Chain> router/chain_router.go:445 chain shutdown {"shutdownDuration": "1.472922ms"}
[0;0m[1;35m[node5] [09-11|21:32:30.780] INFO <C Chain> core/blockchain.go:988 Closing scope
[0;0m[1;35m[node5] [09-11|21:32:30.780] INFO <C Chain> core/blockchain.go:992 Waiting for background processes to complete
[0;0m[1;35m[node5] [09-11|21:32:30.780] INFO <C Chain> core/blockchain.go:1011 Shutting down state manager
[0;0m[1;35m[node5] [09-11|21:32:30.780] INFO <C Chain> core/blockchain.go:1016 State manager shut down                  t=444ns
[0;0m[1;35m[node5] [09-11|21:32:30.780] INFO <C Chain> core/blockchain.go:1021 Blockchain stopped
[0;0m[1;35m[node5] [09-11|21:32:30.780] INFO <C Chain> eth/backend.go:407 Stopped shutdownTracker
[0;0m[1;35m[node5] [09-11|21:32:30.780] INFO <C Chain> eth/backend.go:410 Closed chaindb
[0;0m[1;35m[node5] [09-11|21:32:30.780] INFO <C Chain> eth/backend.go:412 Stopped EventMux
[0;0m[1;35m[node5] [09-11|21:32:30.780] INFO <C Chain> router/chain_router.go:445 chain shutdown {"shutdownDuration": "1.753919ms"}
[0;0m[1;35m[node5] [09-11|21:32:30.780] INFO <X Chain> router/chain_router.go:445 chain shutdown {"shutdownDuration": "153.007µs"}
[0;0m[1;35m[node5] [09-11|21:32:30.780] INFO network/network.go:1142 shutting down the p2p networking
[0;0m[1;35m[node5] [09-11|21:32:30.780] INFO nat/nat.go:193 Unmapped all ports
[0;0m[1;35m[node5] [09-11|21:32:30.780] INFO node/node.go:1885 cleaning up plugin runtimes
[0;0m[1;35m[node5] [09-11|21:32:30.780] INFO node/node.go:1913 finished node shutdown
[0;0m[1;33m[node3] [09-11|21:32:30.802] INFO node/node.go:829 initializing database {"genesisHash": "2ed9HKxaGgRBm1Jca7UtD8yEhtxJGicEL5XYsbKf6R8oERZJ1X"}
[0;0m[1;33m[node3] [09-11|21:32:30.802] INFO node/node.go:1267 initializing SharedMemory
[0;0m[1;33m[node3] [09-11|21:32:30.803] WARN node/node.go:502 P2P IP is private, you will not be publicly discoverable {"ip": "127.0.0.1"}
[0;0m[1;33m[node3] [09-11|21:32:30.803] INFO node/node.go:517 initializing networking {"ip": "127.0.0.1:40017"}
[0;0m[1;33m[node3] [09-11|21:32:30.804] INFO node/node.go:1431 initializing Health API
[0;0m[1;33m[node3] [09-11|21:32:30.804] INFO health/worker.go:115 registered new check and initialized its state to failing {"name": "health", "name": "network", "tags": ["application"]}
[0;0m[1;33m[node3] [09-11|21:32:30.804] INFO health/worker.go:115 registered new check and initialized its state to failing {"name": "health", "name": "router", "tags": ["application"]}
[0;0m[1;33m[node3] [09-11|21:32:30.804] INFO health/worker.go:115 registered new check and initialized its state to failing {"name": "health", "name": "database", "tags": ["application"]}
[0;0m[1;33m[node3] [09-11|21:32:30.804] INFO health/worker.go:115 registered new check and initialized its state to failing {"name": "health", "name": "diskspace", "tags": ["application"]}
[0;0m[1;33m[node3] [09-11|21:32:30.804] INFO health/worker.go:115 registered new check and initialized its state to failing {"name": "health", "name": "bls", "tags": ["application"]}
[0;0m[1;33m[node3] [09-11|21:32:30.804] INFO health/worker.go:115 registered new check and initialized its state to failing {"name": "health", "name": "futureupgrade", "tags": ["application"]}
[0;0m[1;33m[node3] [09-11|21:32:30.804] INFO server/server.go:245 adding route {"url": "/ext/health", "endpoint": ""}
[0;0m[1;33m[node3] [09-11|21:32:30.804] INFO server/server.go:245 adding route {"url": "/ext/health", "endpoint": "/readiness"}
[0;0m[1;33m[node3] [09-11|21:32:30.804] INFO server/server.go:245 adding route {"url": "/ext/health", "endpoint": "/health"}
[0;0m[1;33m[node3] [09-11|21:32:30.804] INFO server/server.go:245 adding route {"url": "/ext/health", "endpoint": "/liveness"}
[0;0m[1;33m[node3] [09-11|21:32:30.804] INFO node/node.go:1041 adding the default VM aliases
[0;0m[1;33m[node3] [09-11|21:32:30.804] INFO node/node.go:1185 initializing VMs
[0;0m[1;33m[node3] [09-11|21:32:30.810] INFO subprocess/runtime.go:143 plugin handshake succeeded {"addr": "127.0.0.1:35549"}
[0;0m[1;33m[node3] [09-11|21:32:30.814] INFO node/node.go:1319 initializing admin API
[0;0m[1;33m[node3] [09-11|21:32:30.814] INFO server/server.go:245 adding route {"url": "/ext/admin", "endpoint": ""}
[0;0m[1;33m[node3] [09-11|21:32:30.814] INFO subprocess/runtime.go:111 stdout collector shutdown
[0;0m[1;33m[node3] [09-11|21:32:30.814] INFO node/node.go:1373 initializing info API
[0;0m[1;33m[node3] [09-11|21:32:30.814] INFO subprocess/runtime.go:124 stderr collector shutdown
[0;0m[1;33m[node3] [09-11|21:32:30.814] INFO server/server.go:245 adding route {"url": "/ext/info", "endpoint": ""}
[0;0m[1;33m[node3] [09-11|21:32:30.814] INFO node/node.go:1667 initializing chain aliases
[0;0m[1;33m[node3] [09-11|21:32:30.815] INFO node/node.go:1694 initializing API aliases
[0;0m[1;33m[node3] [09-11|21:32:30.815] INFO node/node.go:1346 skipping profiler initialization because it has been disabled
[0;0m[1;33m[node3] [09-11|21:32:30.815] INFO node/node.go:907 initializing chains
[0;0m[1;33m[node3] [09-11|21:32:30.815] INFO chains/manager.go:376 creating chain {"subnetID": "11111111111111111111111111111111LpoYY", "chainID": "11111111111111111111111111111111LpoYY", "vmID": "rWhpuQPF1kb72esV2momhMuTYGkEb1oL29pt2EBXWmSy4kxnT"}
[0;0m[1;33m[node3] [09-11|21:32:30.815] INFO health/worker.go:261 check started passing {"name": "health", "name": "diskspace", "tags": ["application"]}
[0;0m[1;33m[node3] [09-11|21:32:30.815] INFO health/worker.go:261 check started passing {"name": "health", "name": "database", "tags": ["application"]}
[0;0m[1;33m[node3] [09-11|21:32:30.815] INFO health/worker.go:261 check started passing {"name": "health", "name": "router", "tags": ["application"]}
[0;0m[1;33m[node3] [09-11|21:32:30.815] INFO chains/manager.go:1180 creating proposervm wrapper {"activationTime": "[12-05|05:00:00.000]", "minPChainHeight": 0, "minBlockDelay": "1s", "numHistoricalBlocks": 0}
[0;0m[1;33m[node3] [09-11|21:32:30.815] INFO health/worker.go:261 check started passing {"name": "health", "name": "bls", "tags": ["application"]}
[0;0m[1;33m[node3] [09-11|21:32:30.815] INFO <P Chain> platformvm/vm.go:113 using VM execution config {"config": {"network":{"max-validator-set-staleness":60000000000,"target-gossip-size":20480,"push-gossip-percent-stake":0.9,"push-gossip-num-validators":100,"push-gossip-num-peers":0,"push-regossip-num-validators":10,"push-regossip-num-peers":0,"push-gossip-discarded-cache-size":16384,"push-gossip-max-regossip-frequency":30000000000,"push-gossip-frequency":500000000,"pull-gossip-frequency":1500000000,"pull-gossip-throttling-period":3600000000000,"pull-gossip-requests-per-validator":2400,"expected-bloom-filter-elements":8192,"expected-bloom-filter-false-positive-probability":0.01,"max-bloom-filter-false-positive-probability":0.05},"block-cache-size":67108864,"tx-cache-size":134217728,"transformed-subnet-tx-cache-size":4194304,"reward-utxos-cache-size":2048,"chain-cache-size":2048,"chain-db-cache-size":2048,"block-id-cache-size":8192,"fx-owner-cache-size":4194304,"subnet-to-l1-conversion-cache-size":4194304,"l1-weights-cache-size":16384,"l1-inactive-validators-cache-size":262144,"l1-subnet-id-node-id-cache-size":16384,"checksums-enabled":false,"mempool-prune-frequency":1800000000000,"mempool-gas-capacity":1000000}}
[0;0m[1;33m[node3] [09-11|21:32:30.821] INFO <P Chain> platformvm/vm.go:233 initializing last accepted {"blkID": "2NQfPGGZqDKGvNgUVJJSQ5Gt4Rdr4VHuDGCxi6m24qmEGsZpQY"}
[0;0m[1;33m[node3] [09-11|21:32:30.822] INFO <P Chain> state/state.go:3238 blocks already reindexed
[0;0m[1;33m[node3] [09-11|21:32:30.822] INFO <P Chain> proposervm/vm.go:202 initialized proposervm {"state": "after fork", "forkHeight": 1, "lastAcceptedHeight": 6}
[0;0m[1;33m[node3] [09-11|21:32:30.822] INFO <P Chain> snowman/engine.go:98 initializing consensus engine
[0;0m[1;33m[node3] [09-11|21:32:30.822] INFO health/worker.go:115 registered new check and initialized its state to failing {"name": "health", "name": "P", "tags": ["11111111111111111111111111111111LpoYY"]}
[0;0m[1;33m[node3] [09-11|21:32:30.822] INFO server/server.go:216 adding route {"url": "/ext/bc/11111111111111111111111111111111LpoYY", "endpoint": ""}
[0;0m[1;33m[node3] [09-11|21:32:30.822] INFO server/server.go:216 adding route {"url": "/ext/bc/11111111111111111111111111111111LpoYY", "endpoint": "/proposervm"}
[0;0m[1;33m[node3] [09-11|21:32:30.822] INFO indexer/index.go:92 created new index {"nextAcceptedIndex": 6}
[0;0m[1;33m[node3] [09-11|21:32:30.822] INFO server/server.go:245 adding route {"url": "/ext/index/P", "endpoint": "/block"}
[0;0m[1;33m[node3] [09-11|21:32:30.822] INFO health/worker.go:115 registered new check and initialized its state to failing {"name": "readiness", "name": "bootstrapped", "tags": ["application"]}
[0;0m[1;33m[node3] [09-11|21:32:30.823] INFO health/worker.go:115 registered new check and initialized its state to failing {"name": "health", "name": "bootstrapped", "tags": ["application"]}
[0;0m[1;33m[node3] [09-11|21:32:30.823] INFO <P Chain> bootstrap/bootstrapper.go:192 starting bootstrapper {"lastAcceptedID": "2YDe9WGVREm2ajmzCAC7rsheELRrAdjyCMNyQt12Dp6r9HQau", "lastAcceptedHeight": 6}
[0;0m[1;33m[node3] [09-11|21:32:30.823] INFO chains/manager.go:1512 starting chain creator
[0;0m[1;33m[node3] [09-11|21:32:30.823] INFO node/node.go:647 writing process context {"path": "/workspace/runs/native-04/network-data/node3/process.json"}
[0;0m[1;33m[node3] [09-11|21:32:30.829] INFO node/node.go:674 API server listening {"uri": "http://[::]:42647"}
[0;0m[0;36m[node4] [09-11|21:32:30.948] INFO node/node.go:158 initializing node {"version": "avalanchego/1.14.2", "commit": "6e5acf909c7a16b991142d6b3979bac5699bdb68", "nodeID": "NodeID-GWPcbFJZFfZreETSoWjPimr846mXEKCtu", "stakingKeyType": "RSA", "nodePOP": {"publicKey":"0xb43f74196c2b9e9980f815a99288ef76166b42e93663dcbce3526f9652cdb58b31a3d68798b08fb9806024620ca1d6cd","proofOfPossession":"0x8880500af123806295355eadbb36084619de729e2c4ac057f73784eb806ae19b4738550617fa8d6820cf1a352e19af6d042e140b3c967b8573e063c1e5aabce50dc2156e9caa6428b58e06a3624ac8170793ff4b4095397c1c981fbb2383dae6"}, "providedFlags": {"api-admin-enabled":"true","bootstrap-ids":"NodeID-P7oB2McjBGgW2NXXWVYjV8JEDFoW9xDE5,NodeID-7Xhw2mDxuDS44j42TCB6U5579esbSt3Lg,NodeID-MFrZFVCXPv5iCn6M9K6XduxGTYp891xXZ,NodeID-NFBbbJ4qCmNaCzeW7sxErhvWqvEQMnYcN","bootstrap-ips":"127.0.0.1:33097,127.0.0.1:45319,127.0.0.1:39243,127.0.0.1:40017","chain-config-dir":"/workspace/runs/native-04/network-data/node4/chainConfigs","config-file":"/workspace/runs/native-04/network-data/node4/configs/config.json","data-dir":"/workspace/runs/native-04/network-data/node4","db-dir":"/workspace/runs/native-04/network-data/node4/db","genesis-file":"/workspace/runs/native-04/network-data/node4/configs/genesis.json","health-check-frequency":"2s","http-host":"","http-port":"34387","index-enabled":"true","log-dir":"/workspace/runs/native-04/network-data/node4/logs","log-display-level":"INFO","log-level":"INFO","network-id":"1337","network-max-reconnect-delay":"1s","plugin-dir":"/workspace/runs/native-04/plugins","public-ip":"127.0.0.1","staking-port":"43359","subnet-config-dir":"/workspace/runs/native-04/network-data/node4/subnetConfigs","track-subnets":"99qx6GvmNDqvtLVdVkzBJs2qrjVJ94gZKmauAUWJGJDMdHA41"}, "config": {"httpConfig":{"readTimeout":30000000000,"readHeaderTimeout":30000000000,"writeHeaderTimeout":30000000000,"idleTimeout":120000000000,"apiConfig":{"indexerConfig":{"indexAPIEnabled":true,"indexAllowIncomplete":false},"adminAPIEnabled":true,"infoAPIEnabled":true,"metricsAPIEnabled":true,"healthAPIEnabled":true},"httpHost":"","httpPort":34387,"httpsEnabled":false,"httpAllowedOrigins":["*"],"httpAllowedHosts":["localhost"],"shutdownTimeout":10000000000,"shutdownWait":0},"ipConfig":{"publicIP":"127.0.0.1","publicIPResolutionService":"","publicIPResolutionFreq":300000000000,"listenHost":"","listenPort":43359},"stakingConfig":{"uptimeRequirement":0.8,"minValidatorStake":2000000000000,"maxValidatorStake":3000000000000000,"minDelegatorStake":25000000000,"minDelegationFee":20000,"minStakeDuration":86400000000000,"maxStakeDuration":31536000000000000,"rewardConfig":{"maxConsumptionRate":120000,"minConsumptionRate":100000,"mintingPeriod":31536000000000000,"supplyCap":720000000000000000},"sybilProtectionEnabled":true,"partialSyncPrimaryNetwork":false,"sybilProtectionDisabledWeight":100,"stakingTLSKeyPath":"/workspace/runs/native-04/network-data/node4/staking/staker.key","stakingTLSCertPath":"/workspace/runs/native-04/network-data/node4/staking/staker.crt","stakingSingerConfig":{"ephemeralSignerEnabled":false,"signerKeyContent":"","keyPath":"/workspace/runs/native-04/network-data/node4/staking/signer.key","RPCEndpoint":"","keyPathIsSet":false}},"txFeeConfig":{"createAssetTxFee":1000000,"txFee":1000000,"dynamicFeeConfig":{"weights":[1,1000,1000,4],"maxCapacity":1000000,"maxPerSecond":100000,"targetPerSecond":50000,"minPrice":1,"excessConversionConstant":2164043},"validatorFeeConfig":{"capacity":20000,"target":10000,"minPrice":1,"excessConversionConstant":865617}},"stateSyncConfig":{"stateSyncIDs":null,"stateSyncIPs":null},"bootstrapConfig":{"bootstrapBeaconConnectionTimeout":60000000000,"bootstrapAncestorsMaxContainersSent":2000,"bootstrapAncestorsMaxContainersReceived":2000,"bootstrapMaxTimeGetAncestors":50000000,"bootstrappers":[{"id":"NodeID-P7oB2McjBGgW2NXXWVYjV8JEDFoW9xDE5","ip":"127.0.0.1:33097"},{"id":"NodeID-7Xhw2mDxuDS44j42TCB6U5579esbSt3Lg","ip":"127.0.0.1:45319"},{"id":"NodeID-MFrZFVCXPv5iCn6M9K6XduxGTYp891xXZ","ip":"127.0.0.1:39243"},{"id":"NodeID-NFBbbJ4qCmNaCzeW7sxErhvWqvEQMnYcN","ip":"127.0.0.1:40017"}]},"databaseConfig":{"readOnly":false,"path":"/workspace/runs/native-04/network-data/node4/db/network-1337","name":"leveldb"},"upgradeConfig":{"apricotPhase1Time":"2020-12-05T05:00:00Z","apricotPhase2Time":"2020-12-05T05:00:00Z","apricotPhase3Time":"2020-12-05T05:00:00Z","apricotPhase4Time":"2020-12-05T05:00:00Z","apricotPhase4MinPChainHeight":0,"apricotPhase5Time":"2020-12-05T05:00:00Z","apricotPhasePre6Time":"2020-12-05T05:00:00Z","apricotPhase6Time":"2020-12-05T05:00:00Z","apricotPhasePost6Time":"2020-12-05T05:00:00Z","banffTime":"2020-12-05T05:00:00Z","cortinaTime":"2020-12-05T05:00:00Z","cortinaXChainStopVertexID":"11111111111111111111111111111111LpoYY","durangoTime":"2020-12-05T05:00:00Z","etnaTime":"2020-12-05T05:00:00Z","fortunaTime":"2020-12-05T05:00:00Z","graniteTime":"2020-12-05T05:00:00Z","graniteEpochDuration":30000000000,"heliconTime":"9999-12-01T00:00:00Z"},"avaxAssetID":"28VTWcsTZ55draGkmjdcS9CFFv4zC3PbvVjkyoqxzNC7Y5msRP","networkID":1337,"healthCheckFreq":2000000000,"networkConfig":{"healthConfig":{"NoIngressValidatorConnectionGracePeriod":600000000000,"minConnectedPeers":1,"maxTimeSinceMsgReceived":60000000000,"maxTimeSinceMsgSent":60000000000,"maxPortionSendQueueBytesFull":0.9,"maxSendFailRate":0.9,"sendFailRateHalflife":10000000000},"peerListGossipConfig":{"peerListNumValidatorIPs":15,"peerListPullGossipFreq":2000000000,"peerListBloomResetFreq":60000000000},"timeoutConfigs":{"pingPongTimeout":30000000000,"readHandshakeTimeout":15000000000},"delayConfig":{"initialReconnectDelay":1000000000,"maxReconnectDelay":1000000000},"throttlerConfig":{"inboundConnUpgradeThrottlerConfig":{"upgradeCooldown":10000000000,"maxRecentConnsUpgraded":2560},"inboundMsgThrottlerConfig":{"byteThrottlerConfig":{"vdrAllocSize":33554432,"atLargeAllocSize":6291456,"nodeMaxAtLargeBytes":2097152},"bandwidthThrottlerConfig":{"bandwidthRefillRate":524288,"bandwidthMaxBurstRate":2097152},"cpuThrottlerConfig":{"maxRecheckDelay":5000000000},"diskThrottlerConfig":{"maxRecheckDelay":5000000000},"maxProcessingMsgsPerNode":1024},"outboundMsgThrottlerConfig":{"vdrAllocSize":33554432,"atLargeAllocSize":33554432,"nodeMaxAtLargeBytes":2097152},"maxInboundConnsPerSec":256},"proxyEnabled":false,"proxyReadHeaderTimeout":3000000000,"dialerConfig":{"throttleRps":50,"connectionTimeout":30000000000},"tlsKeyLogFile":"","myNodeID":"NodeID-111111111111111111116DBWJs","myIP":null,"networkID":0,"maxClockDifference":60000000000,"pingFrequency":22500000000,"allowPrivateIPs":true,"supportedACPs":[],"objectedACPs":[],"compressionType":"zstd","uptimeMetricFreq":30000000000,"requireValidatorToConnect":false,"maximumInboundMessageTimeout":10000000000,"peerReadBufferSize":8192,"peerWriteBufferSize":8192,"connectToAllValidators":false},"adaptiveTimeoutConfig":{"initialTimeout":5000000000,"minimumTimeout":2000000000,"maximumTimeout":10000000000,"timeoutCoefficient":2,"timeoutHalflife":300000000000},"benchlistConfig":{"halflife":60000000000,"unbenchProbability":0.2,"benchProbability":0.5,"benchDuration":300000000000,"maxPortion":0.08333333333333333},"profilerConfig":{"dir":"/workspace/runs/native-04/network-data/node4/profiles","enabled":false,"freq":900000000000,"maxNumFiles":5},"loggingConfig":{"maxSize":8,"maxFiles":7,"maxAge":0,"directory":"/workspace/runs/native-04/network-data/node4/logs","compress":false,"disableWriterDisplaying":false,"logLevel":"INFO","displayLevel":"INFO","logFormat":"plain"},"pluginDir":"/workspace/runs/native-04/plugins","fdLimit":32768,"meterVMEnabled":true,"routerHealthConfig":{"maxDropRate":1,"maxDropRateHalflife":10000000000,"maxOutstandingRequests":1024,"maxOutstandingDuration":300000000000,"maxRunTimeRequests":10000000000},"consensusShutdownTimeout":60000000000,"consensusGossipFreq":100000000,"consensusAppConcurrency":2,"trackedSubnets":["99qx6GvmNDqvtLVdVkzBJs2qrjVJ94gZKmauAUWJGJDMdHA41"],"proposerMinBlockDelay":1000000000,"subnetConfigs":{"11111111111111111111111111111111LpoYY":{"validatorOnly":false,"allowedNodes":[],"consensusParameters":null,"snowParameters":{"k":20,"alphaPreference":15,"alphaConfidence":15,"beta":20,"concurrentRepolls":4,"optimalProcessing":10,"maxOutstandingItems":256,"maxItemProcessingTime":30000000000},"simplexParameters":null,"proposerNumHistoricalBlocks":0},"99qx6GvmNDqvtLVdVkzBJs2qrjVJ94gZKmauAUWJGJDMdHA41":{"validatorOnly":false,"allowedNodes":[],"consensusParameters":null,"snowParameters":{"k":20,"alphaPreference":15,"alphaConfidence":15,"beta":20,"concurrentRepolls":4,"optimalProcessing":10,"maxOutstandingItems":256,"maxItemProcessingTime":30000000000},"simplexParameters":null,"proposerNumHistoricalBlocks":0}},"chainAliases":null,"vmAliases":null,"systemTrackerProcessingHalflife":15000000000,"systemTrackerFrequency":500000000,"systemTrackerCPUHalflife":15000000000,"systemTrackerDiskHalflife":60000000000,"cpuTargeterConfig":{"vdrAlloc":64,"maxNonVdrUsage":51.2,"maxNonVdrNodeUsage":8},"diskTargeterConfig":{"vdrAlloc":1073741824000,"maxNonVdrUsage":1073741824000,"maxNonVdrNodeUsage":1073741824000},"requiredAvailableDiskSpacePercentage":3,"warningAvailableDiskSpacePercentage":10,"traceConfig":{"exporterConfig":{"type":"disabled","endpoint":"","headers":{},"insecure":true},"traceSampleRate":0.1,"appName":"avalanchego","version":"avalanchego/1.14.2"},"useCurrentHeight":false,"chainDataDir":"/workspace/runs/native-04/network-data/node4/chainData","processContextFilePath":"/workspace/runs/native-04/network-data/node4/process.json"}}
[0;0m[0;36m[node4] [09-11|21:32:30.949] INFO node/node.go:931 initializing NAT
[0;0m[0;36m[node4] [09-11|21:32:30.949] INFO node/node.go:949 initializing API server
[0;0m[0;36m[node4] [09-11|21:32:30.949] WARN node/node.go:986 HTTP server is binding to a potentially public host. You may be vulnerable to a DoS attack if your HTTP port is publicly accessible {"host": ""}
[0;0m[0;36m[node4] [09-11|21:32:30.949] INFO server/server.go:133 API created {"allowedOrigins": ["*"]}
[0;0m[0;36m[node4] [09-11|21:32:30.949] INFO node/node.go:1300 initializing metrics API
[0;0m[0;36m[node4] [09-11|21:32:30.949] INFO server/server.go:245 adding route {"url": "/ext/metrics", "endpoint": ""}
[0;0m[0;36m[node4] [09-11|21:32:30.949] INFO leveldb/db.go:205 creating leveldb {"config": {"blockCacheCapacity":12582912,"blockSize":0,"compactionExpandLimitFactor":0,"compactionGPOverlapsFactor":0,"compactionL0Trigger":0,"compactionSourceLimitFactor":0,"compactionTableSize":0,"compactionTableSizeMultiplier":0,"compactionTableSizeMultiplierPerLevel":null,"compactionTotalSize":0,"compactionTotalSizeMultiplier":0,"disableSeeksCompaction":true,"openFilesCacheCapacity":1024,"writeBuffer":6291456,"filterBitsPerKey":10,"maxManifestFileSize":9223372036854775807,"metricUpdateFrequency":10000000000}}
[0;0m[09-11|21:32:30.981] INFO local/network.go:620 adding node {"node-name": "node5", "node-dir": "/workspace/runs/native-04/network-data/node5", "log-dir": "/workspace/runs/native-04/network-data/node5/logs", "db-dir": "/workspace/runs/native-04/network-data/node5/db", "p2p-port": 33097, "api-port": 40121}
[09-11|21:32:30.981] INFO local/network.go:668 checking local network healthiness {"num-of-nodes": 5}
[1;33m[node3] [09-11|21:32:30.982] WARN health/health.go:110 failing check {"namespace": "health", "reason": {"P":{"error":"not yet run","timestamp":"0001-01-01T00:00:00Z","duration":0},"bls":{"message":"node is not a validator","timestamp":"2026-09-11T21:32:30.815262126Z","duration":654},"bootstrapped":{"error":"not yet run","timestamp":"0001-01-01T00:00:00Z","duration":0},"database":{"timestamp":"2026-09-11T21:32:30.815224918Z","duration":22144},"diskspace":{"message":{"availableDiskBytes":1245012717568,"availableDiskPercentage":29},"timestamp":"2026-09-11T21:32:30.815221145Z","duration":5908},"futureupgrade":{"error":"no validators in the current validator set","timestamp":"2026-09-11T21:32:30.815212884Z","duration":6495,"contiguousFailures":1,"timeOfFirstFailure":"2026-09-11T21:32:30.815212884Z"},"network":{"message":{"connectedPeers":0,"sendFailRate":0},"error":"network layer is unhealthy reason: not connected to a minimum of 1 peer(s) only 0, no messages received from network, no messages sent to network","timestamp":"2026-09-11T21:32:30.815254186Z","duration":19514,"contiguousFailures":1,"timeOfFirstFailure":"2026-09-11T21:32:30.815254186Z"},"router":{"message":{"longestRunningRequest":"0s","outstandingRequests":0},"timestamp":"2026-09-11T21:32:30.815259998Z","duration":5068}}}
[0;0m[0;35m[node2] [09-11|21:32:30.982] WARN health/health.go:110 failing check {"namespace": "health", "reason": {"P":{"error":"not yet run","timestamp":"0001-01-01T00:00:00Z","duration":0},"bls":{"message":"node is not a validator","timestamp":"2026-09-11T21:32:30.632686572Z","duration":1588},"bootstrapped":{"error":"not yet run","timestamp":"0001-01-01T00:00:00Z","duration":0},"database":{"timestamp":"2026-09-11T21:32:30.632715682Z","duration":10288},"diskspace":{"message":{"availableDiskBytes":1245012729856,"availableDiskPercentage":29},"timestamp":"2026-09-11T21:32:30.63272281Z","duration":5385},"futureupgrade":{"error":"no validators in the current validator set","timestamp":"2026-09-11T21:32:30.632702888Z","duration":3855,"contiguousFailures":1,"timeOfFirstFailure":"2026-09-11T21:32:30.632702888Z"},"network":{"message":{"connectedPeers":0,"sendFailRate":0},"error":"network layer is unhealthy reason: not connected to a minimum of 1 peer(s) only 0, no messages received from network, no messages sent to network","timestamp":"2026-09-11T21:32:30.632698042Z","duration":15313,"contiguousFailures":1,"timeOfFirstFailure":"2026-09-11T21:32:30.632698042Z"},"router":{"message":{"longestRunningRequest":"0s","outstandingRequests":0},"timestamp":"2026-09-11T21:32:30.632729457Z","duration":4224}}}
[0;0m[1;36m[node1] [09-11|21:32:30.982] WARN health/health.go:110 failing check {"namespace": "health", "reason": {"P":{"error":"not yet run","timestamp":"0001-01-01T00:00:00Z","duration":0},"bls":{"message":"node is not a validator","timestamp":"2026-09-11T21:32:30.435794058Z","duration":1530},"bootstrapped":{"error":"not yet run","timestamp":"0001-01-01T00:00:00Z","duration":0},"database":{"timestamp":"2026-09-11T21:32:30.435761562Z","duration":13193},"diskspace":{"message":{"availableDiskBytes":1245012746240,"availableDiskPercentage":29},"timestamp":"2026-09-11T21:32:30.435760323Z","duration":6840},"futureupgrade":{"error":"no validators in the current validator set","timestamp":"2026-09-11T21:32:30.435751748Z","duration":5764,"contiguousFailures":1,"timeOfFirstFailure":"2026-09-11T21:32:30.435751748Z"},"network":{"message":{"connectedPeers":0,"sendFailRate":0},"error":"network layer is unhealthy reason: not connected to a minimum of 1 peer(s) only 0, no messages received from network, no messages sent to network","timestamp":"2026-09-11T21:32:30.435779504Z","duration":16573,"contiguousFailures":1,"timeOfFirstFailure":"2026-09-11T21:32:30.435779504Z"},"router":{"message":{"longestRunningRequest":"0s","outstandingRequests":0},"timestamp":"2026-09-11T21:32:30.435784557Z","duration":4359}}}
[0;0m[0;36m[node4] [09-11|21:32:30.983] INFO node/node.go:829 initializing database {"genesisHash": "2ed9HKxaGgRBm1Jca7UtD8yEhtxJGicEL5XYsbKf6R8oERZJ1X"}
[0;0m[0;36m[node4] [09-11|21:32:30.983] INFO node/node.go:1267 initializing SharedMemory
[0;0m[0;36m[node4] [09-11|21:32:30.984] WARN node/node.go:502 P2P IP is private, you will not be publicly discoverable {"ip": "127.0.0.1"}
[0;0m[0;36m[node4] [09-11|21:32:30.984] INFO node/node.go:517 initializing networking {"ip": "127.0.0.1:43359"}
[0;0m[0;36m[node4] [09-11|21:32:30.985] INFO node/node.go:1431 initializing Health API
[0;0m[0;36m[node4] [09-11|21:32:30.985] INFO health/worker.go:115 registered new check and initialized its state to failing {"name": "health", "name": "network", "tags": ["application"]}
[0;0m[0;36m[node4] [09-11|21:32:30.985] INFO health/worker.go:115 registered new check and initialized its state to failing {"name": "health", "name": "router", "tags": ["application"]}
[0;0m[0;36m[node4] [09-11|21:32:30.985] INFO health/worker.go:115 registered new check and initialized its state to failing {"name": "health", "name": "database", "tags": ["application"]}
[0;0m[0;36m[node4] [09-11|21:32:30.985] INFO health/worker.go:115 registered new check and initialized its state to failing {"name": "health", "name": "diskspace", "tags": ["application"]}
[0;0m[0;36m[node4] [09-11|21:32:30.985] INFO health/worker.go:115 registered new check and initialized its state to failing {"name": "health", "name": "bls", "tags": ["application"]}
[0;0m[0;36m[node4] [09-11|21:32:30.985] INFO health/worker.go:115 registered new check and initialized its state to failing {"name": "health", "name": "futureupgrade", "tags": ["application"]}
[0;0m[0;36m[node4] [09-11|21:32:30.985] INFO server/server.go:245 adding route {"url": "/ext/health", "endpoint": ""}
[0;0m[0;36m[node4] [09-11|21:32:30.985] INFO server/server.go:245 adding route {"url": "/ext/health", "endpoint": "/readiness"}
[0;0m[0;36m[node4] [09-11|21:32:30.985] INFO server/server.go:245 adding route {"url": "/ext/health", "endpoint": "/health"}
[0;0m[0;36m[node4] [09-11|21:32:30.985] INFO server/server.go:245 adding route {"url": "/ext/health", "endpoint": "/liveness"}
[0;0m[0;36m[node4] [09-11|21:32:30.985] INFO node/node.go:1041 adding the default VM aliases
[0;0m[0;36m[node4] [09-11|21:32:30.985] INFO node/node.go:1185 initializing VMs
[0;0m[0;36m[node4] [09-11|21:32:30.991] INFO subprocess/runtime.go:143 plugin handshake succeeded {"addr": "127.0.0.1:37957"}
[0;0m[0;36m[node4] [09-11|21:32:31.036] INFO node/node.go:1319 initializing admin API
[0;0m[0;36m[node4] [09-11|21:32:31.036] INFO subprocess/runtime.go:111 stdout collector shutdown
[0;0m[0;36m[node4] [09-11|21:32:31.036] INFO subprocess/runtime.go:124 stderr collector shutdown
[0;0m[0;36m[node4] [09-11|21:32:31.036] INFO server/server.go:245 adding route {"url": "/ext/admin", "endpoint": ""}
[0;0m[0;36m[node4] [09-11|21:32:31.036] INFO node/node.go:1373 initializing info API
[0;0m[0;36m[node4] [09-11|21:32:31.037] INFO server/server.go:245 adding route {"url": "/ext/info", "endpoint": ""}
[0;0m[0;36m[node4] [09-11|21:32:31.037] INFO node/node.go:1667 initializing chain aliases
[0;0m[0;36m[node4] [09-11|21:32:31.037] INFO node/node.go:1694 initializing API aliases
[0;0m[0;36m[node4] [09-11|21:32:31.037] INFO node/node.go:1346 skipping profiler initialization because it has been disabled
[0;0m[0;36m[node4] [09-11|21:32:31.037] INFO node/node.go:907 initializing chains
[0;0m[0;36m[node4] [09-11|21:32:31.037] INFO chains/manager.go:376 creating chain {"subnetID": "11111111111111111111111111111111LpoYY", "chainID": "11111111111111111111111111111111LpoYY", "vmID": "rWhpuQPF1kb72esV2momhMuTYGkEb1oL29pt2EBXWmSy4kxnT"}
[0;0m[0;36m[node4] [09-11|21:32:31.037] INFO chains/manager.go:1180 creating proposervm wrapper {"activationTime": "[12-05|05:00:00.000]", "minPChainHeight": 0, "minBlockDelay": "1s", "numHistoricalBlocks": 0}
[0;0m[0;36m[node4] [09-11|21:32:31.037] INFO <P Chain> platformvm/vm.go:113 using VM execution config {"config": {"network":{"max-validator-set-staleness":60000000000,"target-gossip-size":20480,"push-gossip-percent-stake":0.9,"push-gossip-num-validators":100,"push-gossip-num-peers":0,"push-regossip-num-validators":10,"push-regossip-num-peers":0,"push-gossip-discarded-cache-size":16384,"push-gossip-max-regossip-frequency":30000000000,"push-gossip-frequency":500000000,"pull-gossip-frequency":1500000000,"pull-gossip-throttling-period":3600000000000,"pull-gossip-requests-per-validator":2400,"expected-bloom-filter-elements":8192,"expected-bloom-filter-false-positive-probability":0.01,"max-bloom-filter-false-positive-probability":0.05},"block-cache-size":67108864,"tx-cache-size":134217728,"transformed-subnet-tx-cache-size":4194304,"reward-utxos-cache-size":2048,"chain-cache-size":2048,"chain-db-cache-size":2048,"block-id-cache-size":8192,"fx-owner-cache-size":4194304,"subnet-to-l1-conversion-cache-size":4194304,"l1-weights-cache-size":16384,"l1-inactive-validators-cache-size":262144,"l1-subnet-id-node-id-cache-size":16384,"checksums-enabled":false,"mempool-prune-frequency":1800000000000,"mempool-gas-capacity":1000000}}
[0;0m[0;36m[node4] [09-11|21:32:31.037] INFO health/worker.go:261 check started passing {"name": "health", "name": "database", "tags": ["application"]}
[0;0m[0;36m[node4] [09-11|21:32:31.037] INFO health/worker.go:261 check started passing {"name": "health", "name": "diskspace", "tags": ["application"]}
[0;0m[0;36m[node4] [09-11|21:32:31.037] INFO health/worker.go:261 check started passing {"name": "health", "name": "bls", "tags": ["application"]}
[0;0m[0;36m[node4] [09-11|21:32:31.037] INFO health/worker.go:261 check started passing {"name": "health", "name": "router", "tags": ["application"]}
[0;0m[0;36m[node4] [09-11|21:32:31.044] INFO <P Chain> platformvm/vm.go:233 initializing last accepted {"blkID": "2NQfPGGZqDKGvNgUVJJSQ5Gt4Rdr4VHuDGCxi6m24qmEGsZpQY"}
[0;0m[0;36m[node4] [09-11|21:32:31.044] INFO <P Chain> proposervm/vm.go:202 initialized proposervm {"state": "after fork", "forkHeight": 1, "lastAcceptedHeight": 6}
[0;0m[0;36m[node4] [09-11|21:32:31.044] INFO <P Chain> snowman/engine.go:98 initializing consensus engine
[0;0m[0;36m[node4] [09-11|21:32:31.044] INFO <P Chain> state/state.go:3238 blocks already reindexed
[0;0m[0;36m[node4] [09-11|21:32:31.044] INFO health/worker.go:115 registered new check and initialized its state to failing {"name": "health", "name": "P", "tags": ["11111111111111111111111111111111LpoYY"]}
[0;0m[0;36m[node4] [09-11|21:32:31.044] INFO server/server.go:216 adding route {"url": "/ext/bc/11111111111111111111111111111111LpoYY", "endpoint": ""}
[0;0m[0;36m[node4] [09-11|21:32:31.044] INFO server/server.go:216 adding route {"url": "/ext/bc/11111111111111111111111111111111LpoYY", "endpoint": "/proposervm"}
[0;0m[0;36m[node4] [09-11|21:32:31.045] INFO indexer/index.go:92 created new index {"nextAcceptedIndex": 6}
[0;0m[0;36m[node4] [09-11|21:32:31.045] INFO server/server.go:245 adding route {"url": "/ext/index/P", "endpoint": "/block"}
[0;0m[0;36m[node4] [09-11|21:32:31.045] INFO health/worker.go:115 registered new check and initialized its state to failing {"name": "readiness", "name": "bootstrapped", "tags": ["application"]}
[0;0m[0;36m[node4] [09-11|21:32:31.045] INFO health/worker.go:115 registered new check and initialized its state to failing {"name": "health", "name": "bootstrapped", "tags": ["application"]}
[0;0m[0;36m[node4] [09-11|21:32:31.045] INFO <P Chain> bootstrap/bootstrapper.go:192 starting bootstrapper {"lastAcceptedID": "2YDe9WGVREm2ajmzCAC7rsheELRrAdjyCMNyQt12Dp6r9HQau", "lastAcceptedHeight": 6}
[0;0m[0;36m[node4] [09-11|21:32:31.045] INFO chains/manager.go:1512 starting chain creator
[0;0m[0;36m[node4] [09-11|21:32:31.045] INFO node/node.go:647 writing process context {"path": "/workspace/runs/native-04/network-data/node4/process.json"}
[0;0m[0;36m[node4] [09-11|21:32:31.052] INFO node/node.go:674 API server listening {"uri": "http://[::]:34387"}
[0;0m[0;36m[node4] [09-11|21:32:31.052] WARN health/health.go:110 failing check {"namespace": "health", "reason": {"P":{"error":"not yet run","timestamp":"0001-01-01T00:00:00Z","duration":0},"bls":{"message":"node is not a validator","timestamp":"2026-09-11T21:32:31.037793918Z","duration":1101},"bootstrapped":{"error":"not yet run","timestamp":"0001-01-01T00:00:00Z","duration":0},"database":{"timestamp":"2026-09-11T21:32:31.037735532Z","duration":14613},"diskspace":{"message":{"availableDiskBytes":1245012697088,"availableDiskPercentage":29},"timestamp":"2026-09-11T21:32:31.037784862Z","duration":5813},"futureupgrade":{"error":"no validators in the current validator set","timestamp":"2026-09-11T21:32:31.037813047Z","duration":2630,"contiguousFailures":1,"timeOfFirstFailure":"2026-09-11T21:32:31.037813047Z"},"network":{"message":{"connectedPeers":0,"sendFailRate":0},"error":"network layer is unhealthy reason: not connected to a minimum of 1 peer(s) only 0, no messages received from network, no messages sent to network","timestamp":"2026-09-11T21:32:31.037829023Z","duration":15160,"contiguousFailures":1,"timeOfFirstFailure":"2026-09-11T21:32:31.037829023Z"},"router":{"message":{"longestRunningRequest":"0s","outstandingRequests":0},"timestamp":"2026-09-11T21:32:31.037833113Z","duration":3700}}}
[0;0m[1;34m[node5] [09-11|21:32:31.152] INFO node/node.go:158 initializing node {"version": "avalanchego/1.14.2", "commit": "6e5acf909c7a16b991142d6b3979bac5699bdb68", "nodeID": "NodeID-P7oB2McjBGgW2NXXWVYjV8JEDFoW9xDE5", "stakingKeyType": "RSA", "nodePOP": {"publicKey":"0xa37e938a8e1fb71286ae1a9dc81585bae5c63d8cae3b95160ce9acce621c8ee64afa0491a2c757ba24d8be2da1052090","proofOfPossession":"0x8e01fe13a6fa3ca5be4f78230b0d03ffff4741f186ddebf9a04819e8011eb9c1b81debad2e52a35ec89f4dfc517884b9075e46968d6c735f17cca3ab5c07a2cdc181233fcd8e9260d9fa7edc12572dff13972c9b3233f34258fb34d9e6b732ba"}, "providedFlags": {"api-admin-enabled":"true","bootstrap-ids":"NodeID-GWPcbFJZFfZreETSoWjPimr846mXEKCtu,NodeID-7Xhw2mDxuDS44j42TCB6U5579esbSt3Lg,NodeID-MFrZFVCXPv5iCn6M9K6XduxGTYp891xXZ,NodeID-NFBbbJ4qCmNaCzeW7sxErhvWqvEQMnYcN","bootstrap-ips":"127.0.0.1:43359,127.0.0.1:45319,127.0.0.1:39243,127.0.0.1:40017","chain-config-dir":"/workspace/runs/native-04/network-data/node5/chainConfigs","config-file":"/workspace/runs/native-04/network-data/node5/configs/config.json","data-dir":"/workspace/runs/native-04/network-data/node5","db-dir":"/workspace/runs/native-04/network-data/node5/db","genesis-file":"/workspace/runs/native-04/network-data/node5/configs/genesis.json","health-check-frequency":"2s","http-host":"","http-port":"40121","index-enabled":"true","log-dir":"/workspace/runs/native-04/network-data/node5/logs","log-display-level":"INFO","log-level":"INFO","network-id":"1337","network-max-reconnect-delay":"1s","plugin-dir":"/workspace/runs/native-04/plugins","public-ip":"127.0.0.1","staking-port":"33097","subnet-config-dir":"/workspace/runs/native-04/network-data/node5/subnetConfigs","track-subnets":"99qx6GvmNDqvtLVdVkzBJs2qrjVJ94gZKmauAUWJGJDMdHA41"}, "config": {"httpConfig":{"readTimeout":30000000000,"readHeaderTimeout":30000000000,"writeHeaderTimeout":30000000000,"idleTimeout":120000000000,"apiConfig":{"indexerConfig":{"indexAPIEnabled":true,"indexAllowIncomplete":false},"adminAPIEnabled":true,"infoAPIEnabled":true,"metricsAPIEnabled":true,"healthAPIEnabled":true},"httpHost":"","httpPort":40121,"httpsEnabled":false,"httpAllowedOrigins":["*"],"httpAllowedHosts":["localhost"],"shutdownTimeout":10000000000,"shutdownWait":0},"ipConfig":{"publicIP":"127.0.0.1","publicIPResolutionService":"","publicIPResolutionFreq":300000000000,"listenHost":"","listenPort":33097},"stakingConfig":{"uptimeRequirement":0.8,"minValidatorStake":2000000000000,"maxValidatorStake":3000000000000000,"minDelegatorStake":25000000000,"minDelegationFee":20000,"minStakeDuration":86400000000000,"maxStakeDuration":31536000000000000,"rewardConfig":{"maxConsumptionRate":120000,"minConsumptionRate":100000,"mintingPeriod":31536000000000000,"supplyCap":720000000000000000},"sybilProtectionEnabled":true,"partialSyncPrimaryNetwork":false,"sybilProtectionDisabledWeight":100,"stakingTLSKeyPath":"/workspace/runs/native-04/network-data/node5/staking/staker.key","stakingTLSCertPath":"/workspace/runs/native-04/network-data/node5/staking/staker.crt","stakingSingerConfig":{"ephemeralSignerEnabled":false,"signerKeyContent":"","keyPath":"/workspace/runs/native-04/network-data/node5/staking/signer.key","RPCEndpoint":"","keyPathIsSet":false}},"txFeeConfig":{"createAssetTxFee":1000000,"txFee":1000000,"dynamicFeeConfig":{"weights":[1,1000,1000,4],"maxCapacity":1000000,"maxPerSecond":100000,"targetPerSecond":50000,"minPrice":1,"excessConversionConstant":2164043},"validatorFeeConfig":{"capacity":20000,"target":10000,"minPrice":1,"excessConversionConstant":865617}},"stateSyncConfig":{"stateSyncIDs":null,"stateSyncIPs":null},"bootstrapConfig":{"bootstrapBeaconConnectionTimeout":60000000000,"bootstrapAncestorsMaxContainersSent":2000,"bootstrapAncestorsMaxContainersReceived":2000,"bootstrapMaxTimeGetAncestors":50000000,"bootstrappers":[{"id":"NodeID-GWPcbFJZFfZreETSoWjPimr846mXEKCtu","ip":"127.0.0.1:43359"},{"id":"NodeID-7Xhw2mDxuDS44j42TCB6U5579esbSt3Lg","ip":"127.0.0.1:45319"},{"id":"NodeID-MFrZFVCXPv5iCn6M9K6XduxGTYp891xXZ","ip":"127.0.0.1:39243"},{"id":"NodeID-NFBbbJ4qCmNaCzeW7sxErhvWqvEQMnYcN","ip":"127.0.0.1:40017"}]},"databaseConfig":{"readOnly":false,"path":"/workspace/runs/native-04/network-data/node5/db/network-1337","name":"leveldb"},"upgradeConfig":{"apricotPhase1Time":"2020-12-05T05:00:00Z","apricotPhase2Time":"2020-12-05T05:00:00Z","apricotPhase3Time":"2020-12-05T05:00:00Z","apricotPhase4Time":"2020-12-05T05:00:00Z","apricotPhase4MinPChainHeight":0,"apricotPhase5Time":"2020-12-05T05:00:00Z","apricotPhasePre6Time":"2020-12-05T05:00:00Z","apricotPhase6Time":"2020-12-05T05:00:00Z","apricotPhasePost6Time":"2020-12-05T05:00:00Z","banffTime":"2020-12-05T05:00:00Z","cortinaTime":"2020-12-05T05:00:00Z","cortinaXChainStopVertexID":"11111111111111111111111111111111LpoYY","durangoTime":"2020-12-05T05:00:00Z","etnaTime":"2020-12-05T05:00:00Z","fortunaTime":"2020-12-05T05:00:00Z","graniteTime":"2020-12-05T05:00:00Z","graniteEpochDuration":30000000000,"heliconTime":"9999-12-01T00:00:00Z"},"avaxAssetID":"28VTWcsTZ55draGkmjdcS9CFFv4zC3PbvVjkyoqxzNC7Y5msRP","networkID":1337,"healthCheckFreq":2000000000,"networkConfig":{"healthConfig":{"NoIngressValidatorConnectionGracePeriod":600000000000,"minConnectedPeers":1,"maxTimeSinceMsgReceived":60000000000,"maxTimeSinceMsgSent":60000000000,"maxPortionSendQueueBytesFull":0.9,"maxSendFailRate":0.9,"sendFailRateHalflife":10000000000},"peerListGossipConfig":{"peerListNumValidatorIPs":15,"peerListPullGossipFreq":2000000000,"peerListBloomResetFreq":60000000000},"timeoutConfigs":{"pingPongTimeout":30000000000,"readHandshakeTimeout":15000000000},"delayConfig":{"initialReconnectDelay":1000000000,"maxReconnectDelay":1000000000},"throttlerConfig":{"inboundConnUpgradeThrottlerConfig":{"upgradeCooldown":10000000000,"maxRecentConnsUpgraded":2560},"inboundMsgThrottlerConfig":{"byteThrottlerConfig":{"vdrAllocSize":33554432,"atLargeAllocSize":6291456,"nodeMaxAtLargeBytes":2097152},"bandwidthThrottlerConfig":{"bandwidthRefillRate":524288,"bandwidthMaxBurstRate":2097152},"cpuThrottlerConfig":{"maxRecheckDelay":5000000000},"diskThrottlerConfig":{"maxRecheckDelay":5000000000},"maxProcessingMsgsPerNode":1024},"outboundMsgThrottlerConfig":{"vdrAllocSize":33554432,"atLargeAllocSize":33554432,"nodeMaxAtLargeBytes":2097152},"maxInboundConnsPerSec":256},"proxyEnabled":false,"proxyReadHeaderTimeout":3000000000,"dialerConfig":{"throttleRps":50,"connectionTimeout":30000000000},"tlsKeyLogFile":"","myNodeID":"NodeID-111111111111111111116DBWJs","myIP":null,"networkID":0,"maxClockDifference":60000000000,"pingFrequency":22500000000,"allowPrivateIPs":true,"supportedACPs":[],"objectedACPs":[],"compressionType":"zstd","uptimeMetricFreq":30000000000,"requireValidatorToConnect":false,"maximumInboundMessageTimeout":10000000000,"peerReadBufferSize":8192,"peerWriteBufferSize":8192,"connectToAllValidators":false},"adaptiveTimeoutConfig":{"initialTimeout":5000000000,"minimumTimeout":2000000000,"maximumTimeout":10000000000,"timeoutCoefficient":2,"timeoutHalflife":300000000000},"benchlistConfig":{"halflife":60000000000,"unbenchProbability":0.2,"benchProbability":0.5,"benchDuration":300000000000,"maxPortion":0.08333333333333333},"profilerConfig":{"dir":"/workspace/runs/native-04/network-data/node5/profiles","enabled":false,"freq":900000000000,"maxNumFiles":5},"loggingConfig":{"maxSize":8,"maxFiles":7,"maxAge":0,"directory":"/workspace/runs/native-04/network-data/node5/logs","compress":false,"disableWriterDisplaying":false,"logLevel":"INFO","displayLevel":"INFO","logFormat":"plain"},"pluginDir":"/workspace/runs/native-04/plugins","fdLimit":32768,"meterVMEnabled":true,"routerHealthConfig":{"maxDropRate":1,"maxDropRateHalflife":10000000000,"maxOutstandingRequests":1024,"maxOutstandingDuration":300000000000,"maxRunTimeRequests":10000000000},"consensusShutdownTimeout":60000000000,"consensusGossipFreq":100000000,"consensusAppConcurrency":2,"trackedSubnets":["99qx6GvmNDqvtLVdVkzBJs2qrjVJ94gZKmauAUWJGJDMdHA41"],"proposerMinBlockDelay":1000000000,"subnetConfigs":{"11111111111111111111111111111111LpoYY":{"validatorOnly":false,"allowedNodes":[],"consensusParameters":null,"snowParameters":{"k":20,"alphaPreference":15,"alphaConfidence":15,"beta":20,"concurrentRepolls":4,"optimalProcessing":10,"maxOutstandingItems":256,"maxItemProcessingTime":30000000000},"simplexParameters":null,"proposerNumHistoricalBlocks":0},"99qx6GvmNDqvtLVdVkzBJs2qrjVJ94gZKmauAUWJGJDMdHA41":{"validatorOnly":false,"allowedNodes":[],"consensusParameters":null,"snowParameters":{"k":20,"alphaPreference":15,"alphaConfidence":15,"beta":20,"concurrentRepolls":4,"optimalProcessing":10,"maxOutstandingItems":256,"maxItemProcessingTime":30000000000},"simplexParameters":null,"proposerNumHistoricalBlocks":0}},"chainAliases":null,"vmAliases":null,"systemTrackerProcessingHalflife":15000000000,"systemTrackerFrequency":500000000,"systemTrackerCPUHalflife":15000000000,"systemTrackerDiskHalflife":60000000000,"cpuTargeterConfig":{"vdrAlloc":64,"maxNonVdrUsage":51.2,"maxNonVdrNodeUsage":8},"diskTargeterConfig":{"vdrAlloc":1073741824000,"maxNonVdrUsage":1073741824000,"maxNonVdrNodeUsage":1073741824000},"requiredAvailableDiskSpacePercentage":3,"warningAvailableDiskSpacePercentage":10,"traceConfig":{"exporterConfig":{"type":"disabled","endpoint":"","headers":{},"insecure":true},"traceSampleRate":0.1,"appName":"avalanchego","version":"avalanchego/1.14.2"},"useCurrentHeight":false,"chainDataDir":"/workspace/runs/native-04/network-data/node5/chainData","processContextFilePath":"/workspace/runs/native-04/network-data/node5/process.json"}}
[0;0m[1;34m[node5] [09-11|21:32:31.153] INFO node/node.go:931 initializing NAT
[0;0m[1;34m[node5] [09-11|21:32:31.153] INFO node/node.go:949 initializing API server
[0;0m[1;34m[node5] [09-11|21:32:31.153] WARN node/node.go:986 HTTP server is binding to a potentially public host. You may be vulnerable to a DoS attack if your HTTP port is publicly accessible {"host": ""}
[0;0m[1;34m[node5] [09-11|21:32:31.153] INFO server/server.go:133 API created {"allowedOrigins": ["*"]}
[0;0m[1;34m[node5] [09-11|21:32:31.153] INFO node/node.go:1300 initializing metrics API
[0;0m[1;34m[node5] [09-11|21:32:31.153] INFO server/server.go:245 adding route {"url": "/ext/metrics", "endpoint": ""}
[0;0m[1;34m[node5] [09-11|21:32:31.153] INFO leveldb/db.go:205 creating leveldb {"config": {"blockCacheCapacity":12582912,"blockSize":0,"compactionExpandLimitFactor":0,"compactionGPOverlapsFactor":0,"compactionL0Trigger":0,"compactionSourceLimitFactor":0,"compactionTableSize":0,"compactionTableSizeMultiplier":0,"compactionTableSizeMultiplierPerLevel":null,"compactionTotalSize":0,"compactionTotalSizeMultiplier":0,"disableSeeksCompaction":true,"openFilesCacheCapacity":1024,"writeBuffer":6291456,"filterBitsPerKey":10,"maxManifestFileSize":9223372036854775807,"metricUpdateFrequency":10000000000}}
[0;0m[1;34m[node5] [09-11|21:32:31.189] INFO node/node.go:829 initializing database {"genesisHash": "2ed9HKxaGgRBm1Jca7UtD8yEhtxJGicEL5XYsbKf6R8oERZJ1X"}
[0;0m[1;34m[node5] [09-11|21:32:31.189] INFO node/node.go:1267 initializing SharedMemory
[0;0m[1;34m[node5] [09-11|21:32:31.190] WARN node/node.go:502 P2P IP is private, you will not be publicly discoverable {"ip": "127.0.0.1"}
[0;0m[1;34m[node5] [09-11|21:32:31.190] INFO node/node.go:517 initializing networking {"ip": "127.0.0.1:33097"}
[0;0m[1;34m[node5] [09-11|21:32:31.190] INFO node/node.go:1431 initializing Health API
[0;0m[1;34m[node5] [09-11|21:32:31.190] INFO health/worker.go:115 registered new check and initialized its state to failing {"name": "health", "name": "network", "tags": ["application"]}
[0;0m[1;34m[node5] [09-11|21:32:31.190] INFO health/worker.go:115 registered new check and initialized its state to failing {"name": "health", "name": "router", "tags": ["application"]}
[0;0m[1;34m[node5] [09-11|21:32:31.191] INFO health/worker.go:115 registered new check and initialized its state to failing {"name": "health", "name": "database", "tags": ["application"]}
[0;0m[1;34m[node5] [09-11|21:32:31.191] INFO health/worker.go:115 registered new check and initialized its state to failing {"name": "health", "name": "diskspace", "tags": ["application"]}
[0;0m[1;34m[node5] [09-11|21:32:31.191] INFO health/worker.go:115 registered new check and initialized its state to failing {"name": "health", "name": "bls", "tags": ["application"]}
[0;0m[1;34m[node5] [09-11|21:32:31.191] INFO health/worker.go:115 registered new check and initialized its state to failing {"name": "health", "name": "futureupgrade", "tags": ["application"]}
[0;0m[1;34m[node5] [09-11|21:32:31.191] INFO server/server.go:245 adding route {"url": "/ext/health", "endpoint": ""}
[0;0m[1;34m[node5] [09-11|21:32:31.191] INFO server/server.go:245 adding route {"url": "/ext/health", "endpoint": "/readiness"}
[0;0m[1;34m[node5] [09-11|21:32:31.191] INFO server/server.go:245 adding route {"url": "/ext/health", "endpoint": "/health"}
[0;0m[1;34m[node5] [09-11|21:32:31.191] INFO server/server.go:245 adding route {"url": "/ext/health", "endpoint": "/liveness"}
[0;0m[1;34m[node5] [09-11|21:32:31.191] INFO node/node.go:1041 adding the default VM aliases
[0;0m[1;34m[node5] [09-11|21:32:31.191] INFO node/node.go:1185 initializing VMs
[0;0m[1;34m[node5] [09-11|21:32:31.198] INFO subprocess/runtime.go:143 plugin handshake succeeded {"addr": "127.0.0.1:33099"}
[0;0m[1;34m[node5] [09-11|21:32:31.202] INFO node/node.go:1319 initializing admin API
[0;0m[1;34m[node5] [09-11|21:32:31.202] INFO subprocess/runtime.go:111 stdout collector shutdown
[0;0m[1;34m[node5] [09-11|21:32:31.202] INFO subprocess/runtime.go:124 stderr collector shutdown
[0;0m[1;34m[node5] [09-11|21:32:31.202] INFO server/server.go:245 adding route {"url": "/ext/admin", "endpoint": ""}
[0;0m[1;34m[node5] [09-11|21:32:31.202] INFO node/node.go:1373 initializing info API
[0;0m[1;34m[node5] [09-11|21:32:31.202] INFO server/server.go:245 adding route {"url": "/ext/info", "endpoint": ""}
[0;0m[1;34m[node5] [09-11|21:32:31.202] INFO node/node.go:1667 initializing chain aliases
[0;0m[1;34m[node5] [09-11|21:32:31.202] INFO node/node.go:1694 initializing API aliases
[0;0m[1;34m[node5] [09-11|21:32:31.202] INFO node/node.go:1346 skipping profiler initialization because it has been disabled
[0;0m[1;34m[node5] [09-11|21:32:31.202] INFO node/node.go:907 initializing chains
[0;0m[1;34m[node5] [09-11|21:32:31.202] INFO chains/manager.go:376 creating chain {"subnetID": "11111111111111111111111111111111LpoYY", "chainID": "11111111111111111111111111111111LpoYY", "vmID": "rWhpuQPF1kb72esV2momhMuTYGkEb1oL29pt2EBXWmSy4kxnT"}
[0;0m[1;34m[node5] [09-11|21:32:31.202] INFO health/worker.go:261 check started passing {"name": "health", "name": "bls", "tags": ["application"]}
[0;0m[1;34m[node5] [09-11|21:32:31.202] INFO health/worker.go:261 check started passing {"name": "health", "name": "router", "tags": ["application"]}
[0;0m[1;34m[node5] [09-11|21:32:31.202] INFO health/worker.go:261 check started passing {"name": "health", "name": "database", "tags": ["application"]}
[0;0m[1;34m[node5] [09-11|21:32:31.202] INFO health/worker.go:261 check started passing {"name": "health", "name": "diskspace", "tags": ["application"]}
[0;0m[1;34m[node5] [09-11|21:32:31.202] INFO chains/manager.go:1180 creating proposervm wrapper {"activationTime": "[12-05|05:00:00.000]", "minPChainHeight": 0, "minBlockDelay": "1s", "numHistoricalBlocks": 0}
[0;0m[1;34m[node5] [09-11|21:32:31.203] INFO <P Chain> platformvm/vm.go:113 using VM execution config {"config": {"network":{"max-validator-set-staleness":60000000000,"target-gossip-size":20480,"push-gossip-percent-stake":0.9,"push-gossip-num-validators":100,"push-gossip-num-peers":0,"push-regossip-num-validators":10,"push-regossip-num-peers":0,"push-gossip-discarded-cache-size":16384,"push-gossip-max-regossip-frequency":30000000000,"push-gossip-frequency":500000000,"pull-gossip-frequency":1500000000,"pull-gossip-throttling-period":3600000000000,"pull-gossip-requests-per-validator":2400,"expected-bloom-filter-elements":8192,"expected-bloom-filter-false-positive-probability":0.01,"max-bloom-filter-false-positive-probability":0.05},"block-cache-size":67108864,"tx-cache-size":134217728,"transformed-subnet-tx-cache-size":4194304,"reward-utxos-cache-size":2048,"chain-cache-size":2048,"chain-db-cache-size":2048,"block-id-cache-size":8192,"fx-owner-cache-size":4194304,"subnet-to-l1-conversion-cache-size":4194304,"l1-weights-cache-size":16384,"l1-inactive-validators-cache-size":262144,"l1-subnet-id-node-id-cache-size":16384,"checksums-enabled":false,"mempool-prune-frequency":1800000000000,"mempool-gas-capacity":1000000}}
[0;0m[1;34m[node5] [09-11|21:32:31.209] INFO <P Chain> platformvm/vm.go:233 initializing last accepted {"blkID": "2NQfPGGZqDKGvNgUVJJSQ5Gt4Rdr4VHuDGCxi6m24qmEGsZpQY"}
[0;0m[1;34m[node5] [09-11|21:32:31.209] INFO <P Chain> state/state.go:3238 blocks already reindexed
[0;0m[1;34m[node5] [09-11|21:32:31.209] INFO <P Chain> proposervm/vm.go:202 initialized proposervm {"state": "after fork", "forkHeight": 1, "lastAcceptedHeight": 6}
[0;0m[1;34m[node5] [09-11|21:32:31.209] INFO <P Chain> snowman/engine.go:98 initializing consensus engine
[0;0m[1;34m[node5] [09-11|21:32:31.209] INFO health/worker.go:115 registered new check and initialized its state to failing {"name": "health", "name": "P", "tags": ["11111111111111111111111111111111LpoYY"]}
[0;0m[1;34m[node5] [09-11|21:32:31.210] INFO server/server.go:216 adding route {"url": "/ext/bc/11111111111111111111111111111111LpoYY", "endpoint": ""}
[0;0m[1;34m[node5] [09-11|21:32:31.210] INFO server/server.go:216 adding route {"url": "/ext/bc/11111111111111111111111111111111LpoYY", "endpoint": "/proposervm"}
[0;0m[1;34m[node5] [09-11|21:32:31.210] INFO indexer/index.go:92 created new index {"nextAcceptedIndex": 6}
[0;0m[1;34m[node5] [09-11|21:32:31.210] INFO server/server.go:245 adding route {"url": "/ext/index/P", "endpoint": "/block"}
[0;0m[1;34m[node5] [09-11|21:32:31.210] INFO health/worker.go:115 registered new check and initialized its state to failing {"name": "readiness", "name": "bootstrapped", "tags": ["application"]}
[0;0m[1;34m[node5] [09-11|21:32:31.210] INFO health/worker.go:115 registered new check and initialized its state to failing {"name": "health", "name": "bootstrapped", "tags": ["application"]}
[0;0m[1;34m[node5] [09-11|21:32:31.210] INFO <P Chain> bootstrap/bootstrapper.go:192 starting bootstrapper {"lastAcceptedID": "2YDe9WGVREm2ajmzCAC7rsheELRrAdjyCMNyQt12Dp6r9HQau", "lastAcceptedHeight": 6}
[0;0m[1;34m[node5] [09-11|21:32:31.210] INFO chains/manager.go:1512 starting chain creator
[0;0m[1;34m[node5] [09-11|21:32:31.210] INFO node/node.go:647 writing process context {"path": "/workspace/runs/native-04/network-data/node5/process.json"}
[0;0m[1;34m[node5] [09-11|21:32:31.217] INFO node/node.go:674 API server listening {"uri": "http://[::]:40121"}
[0;0m[1;36m[node1] [09-11|21:32:32.436] INFO health/worker.go:261 check started passing {"name": "health", "name": "futureupgrade", "tags": ["application"]}
[0;0m[1;36m[node1] [09-11|21:32:32.436] INFO health/worker.go:261 check started passing {"name": "health", "name": "network", "tags": ["application"]}
[0;0m[1;36m[node1] [09-11|21:32:32.436] INFO health/worker.go:261 check started passing {"name": "health", "name": "P", "tags": ["11111111111111111111111111111111LpoYY"]}
[0;0m[0;35m[node2] [09-11|21:32:32.633] INFO health/worker.go:261 check started passing {"name": "health", "name": "futureupgrade", "tags": ["application"]}
[0;0m[0;35m[node2] [09-11|21:32:32.633] INFO health/worker.go:261 check started passing {"name": "health", "name": "P", "tags": ["11111111111111111111111111111111LpoYY"]}
[0;0m[0;35m[node2] [09-11|21:32:32.633] INFO health/worker.go:261 check started passing {"name": "health", "name": "network", "tags": ["application"]}
[0;0m[1;33m[node3] [09-11|21:32:32.815] INFO health/worker.go:261 check started passing {"name": "health", "name": "network", "tags": ["application"]}
[0;0m[1;33m[node3] [09-11|21:32:32.815] INFO health/worker.go:261 check started passing {"name": "health", "name": "futureupgrade", "tags": ["application"]}
[0;0m[1;33m[node3] [09-11|21:32:32.815] INFO health/worker.go:261 check started passing {"name": "health", "name": "P", "tags": ["11111111111111111111111111111111LpoYY"]}
[0;0m[0;36m[node4] [09-11|21:32:33.038] INFO health/worker.go:261 check started passing {"name": "health", "name": "futureupgrade", "tags": ["application"]}
[0;0m[0;36m[node4] [09-11|21:32:33.038] INFO health/worker.go:261 check started passing {"name": "health", "name": "P", "tags": ["11111111111111111111111111111111LpoYY"]}
[0;0m[0;36m[node4] [09-11|21:32:33.038] INFO health/worker.go:261 check started passing {"name": "health", "name": "network", "tags": ["application"]}
[0;0m[1;34m[node5] [09-11|21:32:33.203] INFO health/worker.go:261 check started passing {"name": "health", "name": "network", "tags": ["application"]}
[0;0m[1;34m[node5] [09-11|21:32:33.203] INFO health/worker.go:261 check started passing {"name": "health", "name": "P", "tags": ["11111111111111111111111111111111LpoYY"]}
[0;0m[1;34m[node5] [09-11|21:32:33.203] INFO health/worker.go:261 check started passing {"name": "health", "name": "futureupgrade", "tags": ["application"]}
[0;0m[0;35m[node2] [09-11|21:32:33.983] WARN health/health.go:110 failing check {"namespace": "health", "reason": {"P":{"message":{"engine":{"consensus":{},"vm":null},"networking":{"disconnectedValidators":[],"percentConnected":1}},"timestamp":"2026-09-11T21:32:32.633278126Z","duration":20948},"bls":{"message":"node has the correct BLS key","timestamp":"2026-09-11T21:32:32.633175455Z","duration":10381},"bootstrapped":{"message":["11111111111111111111111111111111LpoYY"],"error":"subnets not bootstrapped","timestamp":"2026-09-11T21:32:32.633289847Z","duration":3522,"contiguousFailures":1,"timeOfFirstFailure":"2026-09-11T21:32:32.633289847Z"},"database":{"timestamp":"2026-09-11T21:32:32.633312259Z","duration":5672},"diskspace":{"message":{"availableDiskBytes":1245012660224,"availableDiskPercentage":29},"timestamp":"2026-09-11T21:32:32.633316237Z","duration":3623},"futureupgrade":{"message":{"localUpgradeTime":"2020-12-05T05:00:00Z","modeUpgradeTime":"2020-12-05T05:00:00Z","modeUpgradeWeightPercentage":80,"numUpgradeTimes":1},"timestamp":"2026-09-11T21:32:32.633203699Z","duration":24247},"network":{"message":{"connectedPeers":4,"sendFailRate":0,"timeSinceLastMsgReceived":"633.29368ms","timeSinceLastMsgSent":"633.29368ms"},"timestamp":"2026-09-11T21:32:32.633295498Z","duration":5034},"router":{"message":{"longestRunningRequest":"1.561761043s","outstandingRequests":1},"timestamp":"2026-09-11T21:32:32.633306195Z","duration":3773}}}
[0;0m[1;36m[node1] [09-11|21:32:33.983] WARN health/health.go:110 failing check {"namespace": "health", "reason": {"P":{"message":{"engine":{"consensus":{},"vm":null},"networking":{"disconnectedValidators":[],"percentConnected":1}},"timestamp":"2026-09-11T21:32:32.436672687Z","duration":29323},"bls":{"message":"node has the correct BLS key","timestamp":"2026-09-11T21:32:32.436539864Z","duration":7790},"bootstrapped":{"message":["11111111111111111111111111111111LpoYY"],"error":"subnets not bootstrapped","timestamp":"2026-09-11T21:32:32.436678856Z","duration":2974,"contiguousFailures":1,"timeOfFirstFailure":"2026-09-11T21:32:32.436678856Z"},"database":{"timestamp":"2026-09-11T21:32:32.436642036Z","duration":6898},"diskspace":{"message":{"availableDiskBytes":1245012660224,"availableDiskPercentage":29},"timestamp":"2026-09-11T21:32:32.436516569Z","duration":11292},"futureupgrade":{"message":{"localUpgradeTime":"2020-12-05T05:00:00Z","modeUpgradeTime":"2020-12-05T05:00:00Z","modeUpgradeWeightPercentage":80,"numUpgradeTimes":1},"timestamp":"2026-09-11T21:32:32.4365736Z","duration":33353},"network":{"message":{"connectedPeers":4,"sendFailRate":0,"timeSinceLastMsgReceived":"436.640694ms","timeSinceLastMsgSent":"436.640694ms"},"timestamp":"2026-09-11T21:32:32.436644017Z","duration":13553},"router":{"message":{"longestRunningRequest":"1.365048776s","outstandingRequests":1},"timestamp":"2026-09-11T21:32:32.436634711Z","duration":5041}}}
[0;0m[1;33m[node3] [09-11|21:32:33.983] WARN health/health.go:110 failing check {"namespace": "health", "reason": {"P":{"message":{"engine":{"consensus":{},"vm":null},"networking":{"disconnectedValidators":[],"percentConnected":1}},"timestamp":"2026-09-11T21:32:32.815867993Z","duration":19025},"bls":{"message":"node has the correct BLS key","timestamp":"2026-09-11T21:32:32.815827529Z","duration":5852},"bootstrapped":{"message":["11111111111111111111111111111111LpoYY"],"error":"subnets not bootstrapped","timestamp":"2026-09-11T21:32:32.815871225Z","duration":2580,"contiguousFailures":1,"timeOfFirstFailure":"2026-09-11T21:32:32.815871225Z"},"database":{"timestamp":"2026-09-11T21:32:32.815815777Z","duration":37959},"diskspace":{"message":{"availableDiskBytes":1245012660224,"availableDiskPercentage":29},"timestamp":"2026-09-11T21:32:32.815821197Z","duration":4699},"futureupgrade":{"message":{"localUpgradeTime":"2020-12-05T05:00:00Z","modeUpgradeTime":"2020-12-05T05:00:00Z","modeUpgradeWeightPercentage":80,"numUpgradeTimes":1},"timestamp":"2026-09-11T21:32:32.815848376Z","duration":20484},"network":{"message":{"connectedPeers":4,"sendFailRate":0,"timeSinceLastMsgReceived":"815.708723ms","timeSinceLastMsgSent":"815.708723ms"},"timestamp":"2026-09-11T21:32:32.815711656Z","duration":9637},"router":{"message":{"longestRunningRequest":"1.744321254s","outstandingRequests":1},"timestamp":"2026-09-11T21:32:32.815777291Z","duration":4083}}}
[0;0m[1;34m[node5] [09-11|21:32:33.983] WARN health/health.go:110 failing check {"namespace": "health", "reason": {"P":{"message":{"engine":{"consensus":{},"vm":null},"networking":{"disconnectedValidators":[],"percentConnected":1}},"timestamp":"2026-09-11T21:32:33.203745152Z","duration":42337},"bls":{"message":"node has the correct BLS key","timestamp":"2026-09-11T21:32:33.203755035Z","duration":8249},"bootstrapped":{"message":["11111111111111111111111111111111LpoYY"],"error":"subnets not bootstrapped","timestamp":"2026-09-11T21:32:33.203706189Z","duration":2556,"contiguousFailures":1,"timeOfFirstFailure":"2026-09-11T21:32:33.203706189Z"},"database":{"timestamp":"2026-09-11T21:32:33.203696078Z","duration":10905},"diskspace":{"message":{"availableDiskBytes":1245012660224,"availableDiskPercentage":29},"timestamp":"2026-09-11T21:32:33.203702878Z","duration":6131},"futureupgrade":{"message":{"localUpgradeTime":"2020-12-05T05:00:00Z","modeUpgradeTime":"2020-12-05T05:00:00Z","modeUpgradeWeightPercentage":80,"numUpgradeTimes":1},"timestamp":"2026-09-11T21:32:33.203782193Z","duration":26366},"network":{"message":{"connectedPeers":4,"sendFailRate":0,"timeSinceLastMsgReceived":"1.203711571s","timeSinceLastMsgSent":"1.203711571s"},"timestamp":"2026-09-11T21:32:33.203713629Z","duration":6851},"router":{"message":{"longestRunningRequest":"1.965913664s","outstandingRequests":1},"timestamp":"2026-09-11T21:32:33.203661282Z","duration":10451}}}
[0;0m[0;36m[node4] [09-11|21:32:34.053] WARN health/health.go:110 failing check {"namespace": "health", "reason": {"P":{"message":{"engine":{"consensus":{},"vm":null},"networking":{"disconnectedValidators":[],"percentConnected":1}},"timestamp":"2026-09-11T21:32:33.038695068Z","duration":20158},"bls":{"message":"node has the correct BLS key","timestamp":"2026-09-11T21:32:33.038602524Z","duration":6507},"bootstrapped":{"message":["11111111111111111111111111111111LpoYY"],"error":"subnets not bootstrapped","timestamp":"2026-09-11T21:32:33.038718499Z","duration":2850,"contiguousFailures":1,"timeOfFirstFailure":"2026-09-11T21:32:33.038718499Z"},"database":{"timestamp":"2026-09-11T21:32:33.038712679Z","duration":5696},"diskspace":{"message":{"availableDiskBytes":1245012660224,"availableDiskPercentage":29},"timestamp":"2026-09-11T21:32:33.038583069Z","duration":9360},"futureupgrade":{"message":{"localUpgradeTime":"2020-12-05T05:00:00Z","modeUpgradeTime":"2020-12-05T05:00:00Z","modeUpgradeWeightPercentage":80,"numUpgradeTimes":1},"timestamp":"2026-09-11T21:32:33.038625241Z","duration":22397},"network":{"message":{"connectedPeers":4,"sendFailRate":0,"timeSinceLastMsgReceived":"1.038703279s","timeSinceLastMsgSent":"1.038703279s"},"timestamp":"2026-09-11T21:32:33.038706173Z","duration":12140},"router":{"message":{"longestRunningRequest":"1.966509027s","outstandingRequests":1},"timestamp":"2026-09-11T21:32:33.038706174Z","duration":3499}}}
[0;0m[1;36m[node1] [09-11|21:32:36.072] INFO <P Chain> bootstrap/bootstrapper.go:397 starting to fetch blocks {"numKnownBlocks": 0, "numAcceptedBlocks": 1, "numMissingBlocks": 1}
[0;0m[1;36m[node1] [09-11|21:32:36.072] INFO <P Chain> bootstrap/storage.go:195 executing blocks {"numToExecute": 0}
[0;0m[1;36m[node1] [09-11|21:32:36.072] INFO <P Chain> bootstrap/storage.go:187 executed blocks {"numExecuted": 0, "numToExecute": 0, "halted": false, "duration": "35.576µs"}
[0;0m[1;36m[node1] [09-11|21:32:36.072] INFO <P Chain> bootstrap/bootstrapper.go:738 waiting for the remaining chains in this subnet to finish syncing
[0;0m[1;36m[node1] [09-11|21:32:36.072] INFO chains/manager.go:376 creating chain {"subnetID": "11111111111111111111111111111111LpoYY", "chainID": "NeA134STyTVwife7gYeNQ6Hwi5GPGC2X7aUFvWsnusnpM2do6", "vmID": "mgj786NP7uDwBCcq6YwThhaN8FLyybkCa4zBWTQbNgmK6k9A6"}
[0;0m[0;35m[node2] [09-11|21:32:36.072] INFO <P Chain> bootstrap/bootstrapper.go:397 starting to fetch blocks {"numKnownBlocks": 0, "numAcceptedBlocks": 1, "numMissingBlocks": 1}
[0;0m[0;35m[node2] [09-11|21:32:36.073] INFO <P Chain> bootstrap/storage.go:195 executing blocks {"numToExecute": 0}
[0;0m[1;36m[node1] [09-11|21:32:36.073] INFO chains/manager.go:1180 creating proposervm wrapper {"activationTime": "[12-05|05:00:00.000]", "minPChainHeight": 0, "minBlockDelay": "0s", "numHistoricalBlocks": 0}
[0;0m[0;35m[node2] [09-11|21:32:36.073] INFO <P Chain> bootstrap/storage.go:187 executed blocks {"numExecuted": 0, "numToExecute": 0, "halted": false, "duration": "25.357µs"}
[0;0m[0;35m[node2] [09-11|21:32:36.073] INFO <P Chain> bootstrap/bootstrapper.go:738 waiting for the remaining chains in this subnet to finish syncing
[0;0m[1;33m[node3] [09-11|21:32:36.073] INFO <P Chain> bootstrap/bootstrapper.go:397 starting to fetch blocks {"numKnownBlocks": 0, "numAcceptedBlocks": 1, "numMissingBlocks": 1}
[0;0m[0;35m[node2] [09-11|21:32:36.073] INFO chains/manager.go:376 creating chain {"subnetID": "11111111111111111111111111111111LpoYY", "chainID": "NeA134STyTVwife7gYeNQ6Hwi5GPGC2X7aUFvWsnusnpM2do6", "vmID": "mgj786NP7uDwBCcq6YwThhaN8FLyybkCa4zBWTQbNgmK6k9A6"}
[0;0m[1;33m[node3] [09-11|21:32:36.073] INFO <P Chain> bootstrap/storage.go:195 executing blocks {"numToExecute": 0}
[0;0m[1;33m[node3] [09-11|21:32:36.073] INFO <P Chain> bootstrap/storage.go:187 executed blocks {"numExecuted": 0, "numToExecute": 0, "halted": false, "duration": "24.562µs"}
[0;0m[1;33m[node3] [09-11|21:32:36.073] INFO <P Chain> bootstrap/bootstrapper.go:738 waiting for the remaining chains in this subnet to finish syncing
[0;0m[0;35m[node2] [09-11|21:32:36.073] INFO chains/manager.go:1180 creating proposervm wrapper {"activationTime": "[12-05|05:00:00.000]", "minPChainHeight": 0, "minBlockDelay": "0s", "numHistoricalBlocks": 0}
[0;0m[1;33m[node3] [09-11|21:32:36.073] INFO chains/manager.go:376 creating chain {"subnetID": "11111111111111111111111111111111LpoYY", "chainID": "NeA134STyTVwife7gYeNQ6Hwi5GPGC2X7aUFvWsnusnpM2do6", "vmID": "mgj786NP7uDwBCcq6YwThhaN8FLyybkCa4zBWTQbNgmK6k9A6"}
[0;0m[1;33m[node3] [09-11|21:32:36.073] INFO chains/manager.go:1180 creating proposervm wrapper {"activationTime": "[12-05|05:00:00.000]", "minPChainHeight": 0, "minBlockDelay": "0s", "numHistoricalBlocks": 0}
[0;0m[0;36m[node4] [09-11|21:32:36.073] INFO <P Chain> bootstrap/bootstrapper.go:397 starting to fetch blocks {"numKnownBlocks": 0, "numAcceptedBlocks": 1, "numMissingBlocks": 1}
[0;0m[0;36m[node4] [09-11|21:32:36.073] INFO <P Chain> bootstrap/storage.go:195 executing blocks {"numToExecute": 0}
[0;0m[1;36m[node1] [09-11|21:32:36.073] INFO <C Chain> plugin/evm/vm.go:299 Initializing Coreth VM                   Version=v1.14.2 "libevm version"=1.13.14-0.4.0.rc.2 Config="{GasTarget:<nil> MinDelayTarget:<nil> AdminAPIEnabled:false AdminAPIDir: WarpAPIEnabled:false EnabledEthAPIs:[eth eth-filter net web3 internal-eth internal-blockchain internal-transaction internal-account] ContinuousProfilerDir: ContinuousProfilerFrequency:15m0s ContinuousProfilerMaxFiles:5 RPCGasCap:50000000 RPCTxFeeCap:100 TrieCleanCache:512 TrieDirtyCache:512 TrieDirtyCommitTarget:20 TriePrefetcherParallelism:16 SnapshotCache:256 Preimages:false SnapshotWait:false SnapshotVerify:false Pruning:true AcceptorQueueLimit:64 CommitInterval:4096 AllowMissingTries:false PopulateMissingTries:<nil> PopulateMissingTriesParallelism:1024 PruneWarpDB:false HistoricalProofQueryWindow:43200 MetricsExpensiveEnabled:false LocalTxsEnabled:false PriceOptionSlowFeePercentage:95 PriceOptionFastFeePercentage:105 PriceOptionMaxTip:20000000000 TxPoolPriceLimit:1 TxPoolPriceBump:10 TxPoolAccountSlots:16 TxPoolGlobalSlots:5120 TxPoolAccountQueue:64 TxPoolGlobalQueue:1024 TxPoolLifetime:10m0s APIMaxDuration:0s WSCPURefillRate:0s WSCPUMaxStored:0s MaxBlocksPerRequest:0 AllowUnfinalizedQueries:false AllowUnprotectedTxs:false AllowUnprotectedTxHashes:[0xfefb2da535e927b85fe68eb81cb2e4a5827c905f78381a01ef2322aa9b0aee8e] KeystoreDirectory: KeystoreExternalSigner: KeystoreInsecureUnlockAllowed:false PushGossipPercentStake:0.9 PushGossipNumValidators:100 PushGossipNumPeers:0 PushRegossipNumValidators:10 PushRegossipNumPeers:0 PushGossipFrequency:100ms PullGossipFrequency:1s RegossipFrequency:30s LogLevel:info LogJSONFormat:false OfflinePruning:false OfflinePruningBloomFilterSize:512 OfflinePruningDataDirectory: MaxOutboundActiveRequests:16 StateSyncEnabled:<nil> StateSyncSkipResume:false StateSyncServerTrieCache:64 StateSyncIDs: StateSyncCommitInterval:16384 StateSyncMinBlocks:300000 StateSyncRequestSize:1024 InspectDatabase:false SkipUpgradeCheck:false AcceptedCacheSize:32 TransactionHistory:0 StateHistory:32 SkipTxIndexing:false WarpOffChainMessages:[] HTTPBodyLimit:0 BatchRequestLimit:1000 BatchResponseMaxSize:25000000 StateScheme:}"
[0;0m[0;36m[node4] [09-11|21:32:36.073] INFO <P Chain> bootstrap/storage.go:187 executed blocks {"numExecuted": 0, "numToExecute": 0, "halted": false, "duration": "24.881µs"}
[0;0m[0;36m[node4] [09-11|21:32:36.073] INFO <P Chain> bootstrap/bootstrapper.go:738 waiting for the remaining chains in this subnet to finish syncing
[0;0m[0;36m[node4] [09-11|21:32:36.073] INFO chains/manager.go:376 creating chain {"subnetID": "11111111111111111111111111111111LpoYY", "chainID": "NeA134STyTVwife7gYeNQ6Hwi5GPGC2X7aUFvWsnusnpM2do6", "vmID": "mgj786NP7uDwBCcq6YwThhaN8FLyybkCa4zBWTQbNgmK6k9A6"}
[0;0m[0;35m[node2] [09-11|21:32:36.073] INFO <C Chain> plugin/evm/vm.go:299 Initializing Coreth VM                   Version=v1.14.2 "libevm version"=1.13.14-0.4.0.rc.2 Config="{GasTarget:<nil> MinDelayTarget:<nil> AdminAPIEnabled:false AdminAPIDir: WarpAPIEnabled:false EnabledEthAPIs:[eth eth-filter net web3 internal-eth internal-blockchain internal-transaction internal-account] ContinuousProfilerDir: ContinuousProfilerFrequency:15m0s ContinuousProfilerMaxFiles:5 RPCGasCap:50000000 RPCTxFeeCap:100 TrieCleanCache:512 TrieDirtyCache:512 TrieDirtyCommitTarget:20 TriePrefetcherParallelism:16 SnapshotCache:256 Preimages:false SnapshotWait:false SnapshotVerify:false Pruning:true AcceptorQueueLimit:64 CommitInterval:4096 AllowMissingTries:false PopulateMissingTries:<nil> PopulateMissingTriesParallelism:1024 PruneWarpDB:false HistoricalProofQueryWindow:43200 MetricsExpensiveEnabled:false LocalTxsEnabled:false PriceOptionSlowFeePercentage:95 PriceOptionFastFeePercentage:105 PriceOptionMaxTip:20000000000 TxPoolPriceLimit:1 TxPoolPriceBump:10 TxPoolAccountSlots:16 TxPoolGlobalSlots:5120 TxPoolAccountQueue:64 TxPoolGlobalQueue:1024 TxPoolLifetime:10m0s APIMaxDuration:0s WSCPURefillRate:0s WSCPUMaxStored:0s MaxBlocksPerRequest:0 AllowUnfinalizedQueries:false AllowUnprotectedTxs:false AllowUnprotectedTxHashes:[0xfefb2da535e927b85fe68eb81cb2e4a5827c905f78381a01ef2322aa9b0aee8e] KeystoreDirectory: KeystoreExternalSigner: KeystoreInsecureUnlockAllowed:false PushGossipPercentStake:0.9 PushGossipNumValidators:100 PushGossipNumPeers:0 PushRegossipNumValidators:10 PushRegossipNumPeers:0 PushGossipFrequency:100ms PullGossipFrequency:1s RegossipFrequency:30s LogLevel:info LogJSONFormat:false OfflinePruning:false OfflinePruningBloomFilterSize:512 OfflinePruningDataDirectory: MaxOutboundActiveRequests:16 StateSyncEnabled:<nil> StateSyncSkipResume:false StateSyncServerTrieCache:64 StateSyncIDs: StateSyncCommitInterval:16384 StateSyncMinBlocks:300000 StateSyncRequestSize:1024 InspectDatabase:false SkipUpgradeCheck:false AcceptedCacheSize:32 TransactionHistory:0 StateHistory:32 SkipTxIndexing:false WarpOffChainMessages:[] HTTPBodyLimit:0 BatchRequestLimit:1000 BatchResponseMaxSize:25000000 StateScheme:}"
[0;0m[0;36m[node4] [09-11|21:32:36.073] INFO chains/manager.go:1180 creating proposervm wrapper {"activationTime": "[12-05|05:00:00.000]", "minPChainHeight": 0, "minBlockDelay": "0s", "numHistoricalBlocks": 0}
[0;0m[1;33m[node3] [09-11|21:32:36.073] INFO <C Chain> plugin/evm/vm.go:299 Initializing Coreth VM                   Version=v1.14.2 "libevm version"=1.13.14-0.4.0.rc.2 Config="{GasTarget:<nil> MinDelayTarget:<nil> AdminAPIEnabled:false AdminAPIDir: WarpAPIEnabled:false EnabledEthAPIs:[eth eth-filter net web3 internal-eth internal-blockchain internal-transaction internal-account] ContinuousProfilerDir: ContinuousProfilerFrequency:15m0s ContinuousProfilerMaxFiles:5 RPCGasCap:50000000 RPCTxFeeCap:100 TrieCleanCache:512 TrieDirtyCache:512 TrieDirtyCommitTarget:20 TriePrefetcherParallelism:16 SnapshotCache:256 Preimages:false SnapshotWait:false SnapshotVerify:false Pruning:true AcceptorQueueLimit:64 CommitInterval:4096 AllowMissingTries:false PopulateMissingTries:<nil> PopulateMissingTriesParallelism:1024 PruneWarpDB:false HistoricalProofQueryWindow:43200 MetricsExpensiveEnabled:false LocalTxsEnabled:false PriceOptionSlowFeePercentage:95 PriceOptionFastFeePercentage:105 PriceOptionMaxTip:20000000000 TxPoolPriceLimit:1 TxPoolPriceBump:10 TxPoolAccountSlots:16 TxPoolGlobalSlots:5120 TxPoolAccountQueue:64 TxPoolGlobalQueue:1024 TxPoolLifetime:10m0s APIMaxDuration:0s WSCPURefillRate:0s WSCPUMaxStored:0s MaxBlocksPerRequest:0 AllowUnfinalizedQueries:false AllowUnprotectedTxs:false AllowUnprotectedTxHashes:[0xfefb2da535e927b85fe68eb81cb2e4a5827c905f78381a01ef2322aa9b0aee8e] KeystoreDirectory: KeystoreExternalSigner: KeystoreInsecureUnlockAllowed:false PushGossipPercentStake:0.9 PushGossipNumValidators:100 PushGossipNumPeers:0 PushRegossipNumValidators:10 PushRegossipNumPeers:0 PushGossipFrequency:100ms PullGossipFrequency:1s RegossipFrequency:30s LogLevel:info LogJSONFormat:false OfflinePruning:false OfflinePruningBloomFilterSize:512 OfflinePruningDataDirectory: MaxOutboundActiveRequests:16 StateSyncEnabled:<nil> StateSyncSkipResume:false StateSyncServerTrieCache:64 StateSyncIDs: StateSyncCommitInterval:16384 StateSyncMinBlocks:300000 StateSyncRequestSize:1024 InspectDatabase:false SkipUpgradeCheck:false AcceptedCacheSize:32 TransactionHistory:0 StateHistory:32 SkipTxIndexing:false WarpOffChainMessages:[] HTTPBodyLimit:0 BatchRequestLimit:1000 BatchResponseMaxSize:25000000 StateScheme:}"
[0;0m[1;36m[node1] [09-11|21:32:36.073] INFO <C Chain> core/state_processor_ext.go:55 Activating new precompile                name=warpConfig config="{\"blockTimestamp\":1607144400,\"quorumNumerator\":0,\"requirePrimaryNetworkSigners\":false}"
[0;0m[0;35m[node2] [09-11|21:32:36.074] INFO <C Chain> core/state_processor_ext.go:55 Activating new precompile                name=warpConfig config="{\"blockTimestamp\":1607144400,\"quorumNumerator\":0,\"requirePrimaryNetworkSigners\":false}"
[0;0m[1;36m[node1] [09-11|21:32:36.074] INFO <C Chain> /home/runner/go/pkg/mod/github.com/ava-labs/libevm@v1.13.14-0.4.0.rc.2/triedb/hashdb/database.go:448 Persisted trie from memory database      nodes=3 size=406.00B time="16.081µs" gcnodes=0 gcsize=0.00B gctime=0s livenodes=0 livesize=0.00B
[0;0m[1;36m[node1] [09-11|21:32:36.074] INFO <C Chain> plugin/evm/vm.go:339 read last accepted                       hash=608ddb..07b8b1 height=0
[0;0m[1;33m[node3] [09-11|21:32:36.074] INFO <C Chain> core/state_processor_ext.go:55 Activating new precompile                name=warpConfig config="{\"blockTimestamp\":1607144400,\"quorumNumerator\":0,\"requirePrimaryNetworkSigners\":false}"
[0;0m[0;35m[node2] [09-11|21:32:36.074] INFO <C Chain> /home/runner/go/pkg/mod/github.com/ava-labs/libevm@v1.13.14-0.4.0.rc.2/triedb/hashdb/database.go:448 Persisted trie from memory database      nodes=3 size=406.00B time="9.068µs" gcnodes=0 gcsize=0.00B gctime=0s livenodes=0 livesize=0.00B
[0;0m[0;35m[node2] [09-11|21:32:36.074] INFO <C Chain> plugin/evm/vm.go:339 read last accepted                       hash=608ddb..07b8b1 height=0
[0;0m[0;36m[node4] [09-11|21:32:36.074] INFO <C Chain> plugin/evm/vm.go:299 Initializing Coreth VM                   Version=v1.14.2 "libevm version"=1.13.14-0.4.0.rc.2 Config="{GasTarget:<nil> MinDelayTarget:<nil> AdminAPIEnabled:false AdminAPIDir: WarpAPIEnabled:false EnabledEthAPIs:[eth eth-filter net web3 internal-eth internal-blockchain internal-transaction internal-account] ContinuousProfilerDir: ContinuousProfilerFrequency:15m0s ContinuousProfilerMaxFiles:5 RPCGasCap:50000000 RPCTxFeeCap:100 TrieCleanCache:512 TrieDirtyCache:512 TrieDirtyCommitTarget:20 TriePrefetcherParallelism:16 SnapshotCache:256 Preimages:false SnapshotWait:false SnapshotVerify:false Pruning:true AcceptorQueueLimit:64 CommitInterval:4096 AllowMissingTries:false PopulateMissingTries:<nil> PopulateMissingTriesParallelism:1024 PruneWarpDB:false HistoricalProofQueryWindow:43200 MetricsExpensiveEnabled:false LocalTxsEnabled:false PriceOptionSlowFeePercentage:95 PriceOptionFastFeePercentage:105 PriceOptionMaxTip:20000000000 TxPoolPriceLimit:1 TxPoolPriceBump:10 TxPoolAccountSlots:16 TxPoolGlobalSlots:5120 TxPoolAccountQueue:64 TxPoolGlobalQueue:1024 TxPoolLifetime:10m0s APIMaxDuration:0s WSCPURefillRate:0s WSCPUMaxStored:0s MaxBlocksPerRequest:0 AllowUnfinalizedQueries:false AllowUnprotectedTxs:false AllowUnprotectedTxHashes:[0xfefb2da535e927b85fe68eb81cb2e4a5827c905f78381a01ef2322aa9b0aee8e] KeystoreDirectory: KeystoreExternalSigner: KeystoreInsecureUnlockAllowed:false PushGossipPercentStake:0.9 PushGossipNumValidators:100 PushGossipNumPeers:0 PushRegossipNumValidators:10 PushRegossipNumPeers:0 PushGossipFrequency:100ms PullGossipFrequency:1s RegossipFrequency:30s LogLevel:info LogJSONFormat:false OfflinePruning:false OfflinePruningBloomFilterSize:512 OfflinePruningDataDirectory: MaxOutboundActiveRequests:16 StateSyncEnabled:<nil> StateSyncSkipResume:false StateSyncServerTrieCache:64 StateSyncIDs: StateSyncCommitInterval:16384 StateSyncMinBlocks:300000 StateSyncRequestSize:1024 InspectDatabase:false SkipUpgradeCheck:false AcceptedCacheSize:32 TransactionHistory:0 StateHistory:32 SkipTxIndexing:false WarpOffChainMessages:[] HTTPBodyLimit:0 BatchRequestLimit:1000 BatchResponseMaxSize:25000000 StateScheme:}"
[0;0m[1;36m[node1] [09-11|21:32:36.074] INFO <C Chain> eth/backend.go:150 Allocated memory caches                  "trie clean"=512.00MiB "trie dirty"=512.00MiB "snapshot clean"=256.00MiB
[0;0m[1;33m[node3] [09-11|21:32:36.074] INFO <C Chain> /home/runner/go/pkg/mod/github.com/ava-labs/libevm@v1.13.14-0.4.0.rc.2/triedb/hashdb/database.go:448 Persisted trie from memory database      nodes=3 size=406.00B time="8.93µs" gcnodes=0 gcsize=0.00B gctime=0s livenodes=0 livesize=0.00B
[0;0m[1;33m[node3] [09-11|21:32:36.074] INFO <C Chain> plugin/evm/vm.go:339 read last accepted                       hash=608ddb..07b8b1 height=0
[0;0m[1;36m[node1] [09-11|21:32:36.074] INFO <C Chain> /home/runner/go/pkg/mod/github.com/ava-labs/libevm@v1.13.14-0.4.0.rc.2/core/rawdb/accessors_trie.go:337 State scheme set to already existing     scheme=hash
[0;0m[0;35m[node2] [09-11|21:32:36.074] INFO <C Chain> eth/backend.go:150 Allocated memory caches                  "trie clean"=512.00MiB "trie dirty"=512.00MiB "snapshot clean"=256.00MiB
[0;0m[1;36m[node1] [09-11|21:32:36.074] INFO <C Chain> eth/backend.go:198 Initialising Ethereum protocol           network=43112 dbversion=8
[0;0m[0;35m[node2] [09-11|21:32:36.074] INFO <C Chain> /home/runner/go/pkg/mod/github.com/ava-labs/libevm@v1.13.14-0.4.0.rc.2/core/rawdb/accessors_trie.go:337 State scheme set to already existing     scheme=hash
[0;0m[0;35m[node2] [09-11|21:32:36.074] INFO <C Chain> eth/backend.go:198 Initialising Ethereum protocol           network=43112 dbversion=8
[0;0m[1;33m[node3] [09-11|21:32:36.074] INFO <C Chain> eth/backend.go:150 Allocated memory caches                  "trie clean"=512.00MiB "trie dirty"=512.00MiB "snapshot clean"=256.00MiB
[0;0m[1;33m[node3] [09-11|21:32:36.074] INFO <C Chain> /home/runner/go/pkg/mod/github.com/ava-labs/libevm@v1.13.14-0.4.0.rc.2/core/rawdb/accessors_trie.go:337 State scheme set to already existing     scheme=hash
[0;0m[0;36m[node4] [09-11|21:32:36.074] INFO <C Chain> core/state_processor_ext.go:55 Activating new precompile                name=warpConfig config="{\"blockTimestamp\":1607144400,\"quorumNumerator\":0,\"requirePrimaryNetworkSigners\":false}"
[0;0m[1;33m[node3] [09-11|21:32:36.074] INFO <C Chain> eth/backend.go:198 Initialising Ethereum protocol           network=43112 dbversion=8
[0;0m[1;36m[node1] [09-11|21:32:36.074] INFO <C Chain> core/state_processor_ext.go:55 Activating new precompile                name=warpConfig config="{\"blockTimestamp\":1607144400,\"quorumNumerator\":0,\"requirePrimaryNetworkSigners\":false}"
[0;0m[0;35m[node2] [09-11|21:32:36.074] INFO <C Chain> core/state_processor_ext.go:55 Activating new precompile                name=warpConfig config="{\"blockTimestamp\":1607144400,\"quorumNumerator\":0,\"requirePrimaryNetworkSigners\":false}"
[0;0m[0;36m[node4] [09-11|21:32:36.074] INFO <C Chain> /home/runner/go/pkg/mod/github.com/ava-labs/libevm@v1.13.14-0.4.0.rc.2/triedb/hashdb/database.go:448 Persisted trie from memory database      nodes=3 size=406.00B time="15.341µs" gcnodes=0 gcsize=0.00B gctime=0s livenodes=0 livesize=0.00B
[0;0m[1;36m[node1] [09-11|21:32:36.074] INFO <C Chain> /home/runner/go/pkg/mod/github.com/ava-labs/libevm@v1.13.14-0.4.0.rc.2/triedb/hashdb/database.go:448 Persisted trie from memory database      nodes=3 size=406.00B time="7.897µs"  gcnodes=0 gcsize=0.00B gctime=0s livenodes=0 livesize=0.00B
[0;0m[0;36m[node4] [09-11|21:32:36.074] INFO <C Chain> plugin/evm/vm.go:339 read last accepted                       hash=608ddb..07b8b1 height=0
[0;0m[0;35m[node2] [09-11|21:32:36.074] INFO <C Chain> /home/runner/go/pkg/mod/github.com/ava-labs/libevm@v1.13.14-0.4.0.rc.2/triedb/hashdb/database.go:448 Persisted trie from memory database      nodes=3 size=406.00B time="6.458µs" gcnodes=0 gcsize=0.00B gctime=0s livenodes=0 livesize=0.00B
[0;0m[1;33m[node3] [09-11|21:32:36.074] INFO <C Chain> core/state_processor_ext.go:55 Activating new precompile                name=warpConfig config="{\"blockTimestamp\":1607144400,\"quorumNumerator\":0,\"requirePrimaryNetworkSigners\":false}"
[0;0m[0;36m[node4] [09-11|21:32:36.075] INFO <C Chain> eth/backend.go:150 Allocated memory caches                  "trie clean"=512.00MiB "trie dirty"=512.00MiB "snapshot clean"=256.00MiB
[0;0m[1;33m[node3] [09-11|21:32:36.075] INFO <C Chain> /home/runner/go/pkg/mod/github.com/ava-labs/libevm@v1.13.14-0.4.0.rc.2/triedb/hashdb/database.go:448 Persisted trie from memory database      nodes=3 size=406.00B time="4.392µs" gcnodes=0 gcsize=0.00B gctime=0s livenodes=0 livesize=0.00B
[0;0m[0;36m[node4] [09-11|21:32:36.075] INFO <C Chain> /home/runner/go/pkg/mod/github.com/ava-labs/libevm@v1.13.14-0.4.0.rc.2/core/rawdb/accessors_trie.go:337 State scheme set to already existing     scheme=hash
[0;0m[0;36m[node4] [09-11|21:32:36.075] INFO <C Chain> eth/backend.go:198 Initialising Ethereum protocol           network=43112 dbversion=8
[0;0m[1;36m[node1] [09-11|21:32:36.075] INFO <C Chain> core/blockchain.go:408 
[0;0m[1;36m[node1] [09-11|21:32:36.075] INFO <C Chain> core/blockchain.go:409 ---------------------------------------------------------------------------------------------------------------------------------------------------------
[0;0m[1;36m[node1] [09-11|21:32:36.075] INFO <C Chain> core/blockchain.go:411 Chain ID:  43112 (unknown)
[0;0m[1;36m[node1] [09-11|21:32:36.075] INFO <C Chain> core/blockchain.go:411 Consensus: unknown
[0;0m[1;36m[node1] [09-11|21:32:36.075] INFO <C Chain> core/blockchain.go:411 
[0;0m[1;36m[node1] [09-11|21:32:36.075] INFO <C Chain> core/blockchain.go:411 Pre-Merge hard forks (block based):
[0;0m[1;36m[node1] [09-11|21:32:36.075] INFO <C Chain> core/blockchain.go:411  - Homestead:                   #0        (https://github.com/ethereum/execution-specs/blob/master/network-upgrades/mainnet-upgrades/homestead.md)
[0;0m[1;36m[node1] [09-11|21:32:36.075] INFO <C Chain> core/blockchain.go:411  - DAO Fork:                    #0        (https://github.com/ethereum/execution-specs/blob/master/network-upgrades/mainnet-upgrades/dao-fork.md)
[0;0m[1;36m[node1] [09-11|21:32:36.075] INFO <C Chain> core/blockchain.go:411  - Tangerine Whistle (EIP 150): #0        (https://github.com/ethereum/execution-specs/blob/master/network-upgrades/mainnet-upgrades/tangerine-whistle.md)
[0;0m[1;36m[node1] [09-11|21:32:36.075] INFO <C Chain> core/blockchain.go:411  - Spurious Dragon/1 (EIP 155): #0        (https://github.com/ethereum/execution-specs/blob/master/network-upgrades/mainnet-upgrades/spurious-dragon.md)
[0;0m[1;36m[node1] [09-11|21:32:36.075] INFO <C Chain> core/blockchain.go:411  - Spurious Dragon/2 (EIP 158): #0        (https://github.com/ethereum/execution-specs/blob/master/network-upgrades/mainnet-upgrades/spurious-dragon.md)
[0;0m[1;36m[node1] [09-11|21:32:36.075] INFO <C Chain> core/blockchain.go:411  - Byzantium:                   #0        (https://github.com/ethereum/execution-specs/blob/master/network-upgrades/mainnet-upgrades/byzantium.md)
[0;0m[1;36m[node1] [09-11|21:32:36.075] INFO <C Chain> core/blockchain.go:411  - Constantinople:              #0        (https://github.com/ethereum/execution-specs/blob/master/network-upgrades/mainnet-upgrades/constantinople.md)
[0;0m[1;36m[node1] [09-11|21:32:36.075] INFO <C Chain> core/blockchain.go:411  - Petersburg:                  #0        (https://github.com/ethereum/execution-specs/blob/master/network-upgrades/mainnet-upgrades/petersburg.md)
[0;0m[1;36m[node1] [09-11|21:32:36.075] INFO <C Chain> core/blockchain.go:411  - Istanbul:                    #0        (https://github.com/ethereum/execution-specs/blob/master/network-upgrades/mainnet-upgrades/istanbul.md)
[0;0m[1;36m[node1] [09-11|21:32:36.075] INFO <C Chain> core/blockchain.go:411  - Muir Glacier:                #0        (https://github.com/ethereum/execution-specs/blob/master/network-upgrades/mainnet-upgrades/muir-glacier.md)
[0;0m[1;36m[node1] [09-11|21:32:36.075] INFO <C Chain> core/blockchain.go:411  - Berlin:                      #0        (https://github.com/ethereum/execution-specs/blob/master/network-upgrades/mainnet-upgrades/berlin.md)
[0;0m[1;36m[node1] [09-11|21:32:36.075] INFO <C Chain> core/blockchain.go:411  - London:                      #0        (https://github.com/ethereum/execution-specs/blob/master/network-upgrades/mainnet-upgrades/london.md)
[0;0m[0;35m[node2] [09-11|21:32:36.075] INFO <C Chain> core/blockchain.go:408 
[0;0m[0;35m[node2] [09-11|21:32:36.075] INFO <C Chain> core/blockchain.go:409 ---------------------------------------------------------------------------------------------------------------------------------------------------------
[0;0m[1;36m[node1] [09-11|21:32:36.075] INFO <C Chain> core/blockchain.go:411 
[0;0m[1;36m[node1] [09-11|21:32:36.075] INFO <C Chain> core/blockchain.go:411 The Merge is not yet available for this network!
[0;0m[1;36m[node1] [09-11|21:32:36.075] INFO <C Chain> core/blockchain.go:411  - Hard-fork specification: https://github.com/ethereum/execution-specs/blob/master/network-upgrades/mainnet-upgrades/paris.md
[0;0m[1;36m[node1] [09-11|21:32:36.075] INFO <C Chain> core/blockchain.go:411 
[0;0m[1;36m[node1] [09-11|21:32:36.075] INFO <C Chain> core/blockchain.go:411 Post-Merge hard forks (timestamp based):
[0;0m[1;36m[node1] [09-11|21:32:36.075] INFO <C Chain> core/blockchain.go:411  - Shanghai:                    @1607144400 (https://github.com/ethereum/execution-specs/blob/master/network-upgrades/mainnet-upgrades/shanghai.md)
[0;0m[1;36m[node1] [09-11|21:32:36.075] INFO <C Chain> core/blockchain.go:411  - Cancun:                      @1607144400 (https://github.com/ethereum/execution-specs/blob/master/network-upgrades/mainnet-upgrades/cancun.md)
[0;0m[1;36m[node1] [09-11|21:32:36.075] INFO <C Chain> core/blockchain.go:411 Avalanche Upgrades (timestamp based):
[0;0m[1;36m[node1] [09-11|21:32:36.075] INFO <C Chain> core/blockchain.go:411  - Apricot Phase 1 Timestamp:        @1607144400 (https://github.com/ava-labs/avalanchego/releases/tag/v1.3.0)
[0;0m[1;36m[node1] [09-11|21:32:36.075] INFO <C Chain> core/blockchain.go:411  - Apricot Phase 2 Timestamp:        @1607144400 (https://github.com/ava-labs/avalanchego/releases/tag/v1.4.0)
[0;0m[1;36m[node1] [09-11|21:32:36.075] INFO <C Chain> core/blockchain.go:411  - Apricot Phase 3 Timestamp:        @1607144400 (https://github.com/ava-labs/avalanchego/releases/tag/v1.5.0)
[0;0m[1;36m[node1] [09-11|21:32:36.075] INFO <C Chain> core/blockchain.go:411  - Apricot Phase 4 Timestamp:        @1607144400 (https://github.com/ava-labs/avalanchego/releases/tag/v1.6.0)
[0;0m[1;33m[node3] [09-11|21:32:36.075] INFO <C Chain> core/blockchain.go:408 
[0;0m[1;36m[node1] [09-11|21:32:36.075] INFO <C Chain> core/blockchain.go:411  - Apricot Phase 5 Timestamp:        @1607144400 (https://github.com/ava-labs/avalanchego/releases/tag/v1.7.0)
[0;0m[1;36m[node1] [09-11|21:32:36.075] INFO <C Chain> core/blockchain.go:411  - Apricot Phase P6 Timestamp        @1607144400 (https://github.com/ava-labs/avalanchego/releases/tag/v1.8.0)
[0;0m[1;33m[node3] [09-11|21:32:36.075] INFO <C Chain> core/blockchain.go:409 ---------------------------------------------------------------------------------------------------------------------------------------------------------
[0;0m[1;36m[node1] [09-11|21:32:36.075] INFO <C Chain> core/blockchain.go:411  - Apricot Phase 6 Timestamp:        @1607144400 (https://github.com/ava-labs/avalanchego/releases/tag/v1.8.0)
[0;0m[1;36m[node1] [09-11|21:32:36.075] INFO <C Chain> core/blockchain.go:411  - Apricot Phase Post-6 Timestamp:   @1607144400 (https://github.com/ava-labs/avalanchego/releases/tag/v1.8.0)
[0;0m[1;36m[node1] [09-11|21:32:36.075] INFO <C Chain> core/blockchain.go:411  - Banff Timestamp:                  @1607144400 (https://github.com/ava-labs/avalanchego/releases/tag/v1.9.0)
[0;0m[1;36m[node1] [09-11|21:32:36.075] INFO <C Chain> core/blockchain.go:411  - Cortina Timestamp:                @1607144400 (https://github.com/ava-labs/avalanchego/releases/tag/v1.10.0)
[0;0m[1;36m[node1] [09-11|21:32:36.075] INFO <C Chain> core/blockchain.go:411  - Durango Timestamp:                @1607144400 (https://github.com/ava-labs/avalanchego/releases/tag/v1.11.0)
[0;0m[0;35m[node2] [09-11|21:32:36.075] INFO <C Chain> core/blockchain.go:411 Chain ID:  43112 (unknown)
[0;0m[0;35m[node2] [09-11|21:32:36.075] INFO <C Chain> core/blockchain.go:411 Consensus: unknown
[0;0m[1;36m[node1] [09-11|21:32:36.075] INFO <C Chain> core/blockchain.go:411  - Etna Timestamp:                   @1607144400 (https://github.com/ava-labs/avalanchego/releases/tag/v1.12.0)
[0;0m[1;36m[node1] [09-11|21:32:36.075] INFO <C Chain> core/blockchain.go:411  - Fortuna Timestamp:                @1607144400 (https://github.com/ava-labs/avalanchego/releases/tag/v1.13.0)
[0;0m[1;36m[node1] [09-11|21:32:36.075] INFO <C Chain> core/blockchain.go:411  - Granite Timestamp:                @1607144400 (https://github.com/ava-labs/avalanchego/releases/tag/v1.14.0)
[0;0m[1;36m[node1] [09-11|21:32:36.075] INFO <C Chain> core/blockchain.go:411  - Helicon Timestamp:                @253399622400 (Unscheduled)
[0;0m[1;36m[node1] [09-11|21:32:36.075] INFO <C Chain> core/blockchain.go:411 
[0;0m[1;36m[node1] [09-11|21:32:36.075] INFO <C Chain> core/blockchain.go:411 Upgrade Config: {"precompileUpgrades":[{"warpConfig":{"blockTimestamp":1607144400,"quorumNumerator":0,"requirePrimaryNetworkSigners":false}}]}
[0;0m[1;36m[node1] [09-11|21:32:36.075] INFO <C Chain> core/blockchain.go:411 
[0;0m[1;36m[node1] [09-11|21:32:36.075] INFO <C Chain> core/blockchain.go:413 ---------------------------------------------------------------------------------------------------------------------------------------------------------
[0;0m[1;36m[node1] [09-11|21:32:36.075] INFO <C Chain> core/blockchain.go:414 
[0;0m[0;35m[node2] [09-11|21:32:36.075] INFO <C Chain> core/blockchain.go:411 
[0;0m[0;35m[node2] [09-11|21:32:36.075] INFO <C Chain> core/blockchain.go:411 Pre-Merge hard forks (block based):
[0;0m[0;35m[node2] [09-11|21:32:36.075] INFO <C Chain> core/blockchain.go:411  - Homestead:                   #0        (https://github.com/ethereum/execution-specs/blob/master/network-upgrades/mainnet-upgrades/homestead.md)
[0;0m[0;35m[node2] [09-11|21:32:36.075] INFO <C Chain> core/blockchain.go:411  - DAO Fork:                    #0        (https://github.com/ethereum/execution-specs/blob/master/network-upgrades/mainnet-upgrades/dao-fork.md)
[0;0m[0;35m[node2] [09-11|21:32:36.075] INFO <C Chain> core/blockchain.go:411  - Tangerine Whistle (EIP 150): #0        (https://github.com/ethereum/execution-specs/blob/master/network-upgrades/mainnet-upgrades/tangerine-whistle.md)
[0;0m[0;35m[node2] [09-11|21:32:36.075] INFO <C Chain> core/blockchain.go:411  - Spurious Dragon/1 (EIP 155): #0        (https://github.com/ethereum/execution-specs/blob/master/network-upgrades/mainnet-upgrades/spurious-dragon.md)
[0;0m[0;35m[node2] [09-11|21:32:36.075] INFO <C Chain> core/blockchain.go:411  - Spurious Dragon/2 (EIP 158): #0        (https://github.com/ethereum/execution-specs/blob/master/network-upgrades/mainnet-upgrades/spurious-dragon.md)
[0;0m[0;35m[node2] [09-11|21:32:36.075] INFO <C Chain> core/blockchain.go:411  - Byzantium:                   #0        (https://github.com/ethereum/execution-specs/blob/master/network-upgrades/mainnet-upgrades/byzantium.md)
[0;0m[0;35m[node2] [09-11|21:32:36.075] INFO <C Chain> core/blockchain.go:411  - Constantinople:              #0        (https://github.com/ethereum/execution-specs/blob/master/network-upgrades/mainnet-upgrades/constantinople.md)
[0;0m[0;35m[node2] [09-11|21:32:36.075] INFO <C Chain> core/blockchain.go:411  - Petersburg:                  #0        (https://github.com/ethereum/execution-specs/blob/master/network-upgrades/mainnet-upgrades/petersburg.md)
[0;0m[0;35m[node2] [09-11|21:32:36.075] INFO <C Chain> core/blockchain.go:411  - Istanbul:                    #0        (https://github.com/ethereum/execution-specs/blob/master/network-upgrades/mainnet-upgrades/istanbul.md)
[0;0m[0;35m[node2] [09-11|21:32:36.075] INFO <C Chain> core/blockchain.go:411  - Muir Glacier:                #0        (https://github.com/ethereum/execution-specs/blob/master/network-upgrades/mainnet-upgrades/muir-glacier.md)
[0;0m[0;35m[node2] [09-11|21:32:36.075] INFO <C Chain> core/blockchain.go:411  - Berlin:                      #0        (https://github.com/ethereum/execution-specs/blob/master/network-upgrades/mainnet-upgrades/berlin.md)
[0;0m[0;35m[node2] [09-11|21:32:36.075] INFO <C Chain> core/blockchain.go:411  - London:                      #0        (https://github.com/ethereum/execution-specs/blob/master/network-upgrades/mainnet-upgrades/london.md)
[0;0m[0;35m[node2] [09-11|21:32:36.075] INFO <C Chain> core/blockchain.go:411 
[0;0m[0;35m[node2] [09-11|21:32:36.075] INFO <C Chain> core/blockchain.go:411 The Merge is not yet available for this network!
[0;0m[0;35m[node2] [09-11|21:32:36.075] INFO <C Chain> core/blockchain.go:411  - Hard-fork specification: https://github.com/ethereum/execution-specs/blob/master/network-upgrades/mainnet-upgrades/paris.md
[0;0m[0;35m[node2] [09-11|21:32:36.075] INFO <C Chain> core/blockchain.go:411 
[0;0m[0;35m[node2] [09-11|21:32:36.075] INFO <C Chain> core/blockchain.go:411 Post-Merge hard forks (timestamp based):
[0;0m[0;35m[node2] [09-11|21:32:36.075] INFO <C Chain> core/blockchain.go:411  - Shanghai:                    @1607144400 (https://github.com/ethereum/execution-specs/blob/master/network-upgrades/mainnet-upgrades/shanghai.md)
[0;0m[0;35m[node2] [09-11|21:32:36.075] INFO <C Chain> core/blockchain.go:411  - Cancun:                      @1607144400 (https://github.com/ethereum/execution-specs/blob/master/network-upgrades/mainnet-upgrades/cancun.md)
[0;0m[0;35m[node2] [09-11|21:32:36.075] INFO <C Chain> core/blockchain.go:411 Avalanche Upgrades (timestamp based):
[0;0m[0;35m[node2] [09-11|21:32:36.075] INFO <C Chain> core/blockchain.go:411  - Apricot Phase 1 Timestamp:        @1607144400 (https://github.com/ava-labs/avalanchego/releases/tag/v1.3.0)
[0;0m[0;35m[node2] [09-11|21:32:36.075] INFO <C Chain> core/blockchain.go:411  - Apricot Phase 2 Timestamp:        @1607144400 (https://github.com/ava-labs/avalanchego/releases/tag/v1.4.0)
[0;0m[0;35m[node2] [09-11|21:32:36.075] INFO <C Chain> core/blockchain.go:411  - Apricot Phase 3 Timestamp:        @1607144400 (https://github.com/ava-labs/avalanchego/releases/tag/v1.5.0)
[0;0m[0;35m[node2] [09-11|21:32:36.075] INFO <C Chain> core/blockchain.go:411  - Apricot Phase 4 Timestamp:        @1607144400 (https://github.com/ava-labs/avalanchego/releases/tag/v1.6.0)
[0;0m[0;35m[node2] [09-11|21:32:36.075] INFO <C Chain> core/blockchain.go:411  - Apricot Phase 5 Timestamp:        @1607144400 (https://github.com/ava-labs/avalanchego/releases/tag/v1.7.0)
[0;0m[0;35m[node2] [09-11|21:32:36.075] INFO <C Chain> core/blockchain.go:411  - Apricot Phase P6 Timestamp        @1607144400 (https://github.com/ava-labs/avalanchego/releases/tag/v1.8.0)
[0;0m[0;35m[node2] [09-11|21:32:36.075] INFO <C Chain> core/blockchain.go:411  - Apricot Phase 6 Timestamp:        @1607144400 (https://github.com/ava-labs/avalanchego/releases/tag/v1.8.0)
[0;0m[1;33m[node3] [09-11|21:32:36.075] INFO <C Chain> core/blockchain.go:411 Chain ID:  43112 (unknown)
[0;0m[0;35m[node2] [09-11|21:32:36.075] INFO <C Chain> core/blockchain.go:411  - Apricot Phase Post-6 Timestamp:   @1607144400 (https://github.com/ava-labs/avalanchego/releases/tag/v1.8.0)
[0;0m[0;35m[node2] [09-11|21:32:36.075] INFO <C Chain> core/blockchain.go:411  - Banff Timestamp:                  @1607144400 (https://github.com/ava-labs/avalanchego/releases/tag/v1.9.0)
[0;0m[0;35m[node2] [09-11|21:32:36.075] INFO <C Chain> core/blockchain.go:411  - Cortina Timestamp:                @1607144400 (https://github.com/ava-labs/avalanchego/releases/tag/v1.10.0)
[0;0m[0;35m[node2] [09-11|21:32:36.075] INFO <C Chain> core/blockchain.go:411  - Durango Timestamp:                @1607144400 (https://github.com/ava-labs/avalanchego/releases/tag/v1.11.0)
[0;0m[0;35m[node2] [09-11|21:32:36.075] INFO <C Chain> core/blockchain.go:411  - Etna Timestamp:                   @1607144400 (https://github.com/ava-labs/avalanchego/releases/tag/v1.12.0)
[0;0m[0;35m[node2] [09-11|21:32:36.075] INFO <C Chain> core/blockchain.go:411  - Fortuna Timestamp:                @1607144400 (https://github.com/ava-labs/avalanchego/releases/tag/v1.13.0)
[0;0m[0;35m[node2] [09-11|21:32:36.075] INFO <C Chain> core/blockchain.go:411  - Granite Timestamp:                @1607144400 (https://github.com/ava-labs/avalanchego/releases/tag/v1.14.0)
[0;0m[1;33m[node3] [09-11|21:32:36.075] INFO <C Chain> core/blockchain.go:411 Consensus: unknown
[0;0m[1;33m[node3] [09-11|21:32:36.075] INFO <C Chain> core/blockchain.go:411 
[0;0m[1;33m[node3] [09-11|21:32:36.075] INFO <C Chain> core/blockchain.go:411 Pre-Merge hard forks (block based):
[0;0m[0;35m[node2] [09-11|21:32:36.075] INFO <C Chain> core/blockchain.go:411  - Helicon Timestamp:                @253399622400 (Unscheduled)
[0;0m[1;33m[node3] [09-11|21:32:36.075] INFO <C Chain> core/blockchain.go:411  - Homestead:                   #0        (https://github.com/ethereum/execution-specs/blob/master/network-upgrades/mainnet-upgrades/homestead.md)
[0;0m[0;35m[node2] [09-11|21:32:36.075] INFO <C Chain> core/blockchain.go:411 
[0;0m[0;35m[node2] [09-11|21:32:36.075] INFO <C Chain> core/blockchain.go:411 Upgrade Config: {"precompileUpgrades":[{"warpConfig":{"blockTimestamp":1607144400,"quorumNumerator":0,"requirePrimaryNetworkSigners":false}}]}
[0;0m[1;33m[node3] [09-11|21:32:36.075] INFO <C Chain> core/blockchain.go:411  - DAO Fork:                    #0        (https://github.com/ethereum/execution-specs/blob/master/network-upgrades/mainnet-upgrades/dao-fork.md)
[0;0m[1;33m[node3] [09-11|21:32:36.075] INFO <C Chain> core/blockchain.go:411  - Tangerine Whistle (EIP 150): #0        (https://github.com/ethereum/execution-specs/blob/master/network-upgrades/mainnet-upgrades/tangerine-whistle.md)
[0;0m[1;33m[node3] [09-11|21:32:36.075] INFO <C Chain> core/blockchain.go:411  - Spurious Dragon/1 (EIP 155): #0        (https://github.com/ethereum/execution-specs/blob/master/network-upgrades/mainnet-upgrades/spurious-dragon.md)
[0;0m[1;33m[node3] [09-11|21:32:36.075] INFO <C Chain> core/blockchain.go:411  - Spurious Dragon/2 (EIP 158): #0        (https://github.com/ethereum/execution-specs/blob/master/network-upgrades/mainnet-upgrades/spurious-dragon.md)
[0;0m[1;33m[node3] [09-11|21:32:36.075] INFO <C Chain> core/blockchain.go:411  - Byzantium:                   #0        (https://github.com/ethereum/execution-specs/blob/master/network-upgrades/mainnet-upgrades/byzantium.md)
[0;0m[1;33m[node3] [09-11|21:32:36.075] INFO <C Chain> core/blockchain.go:411  - Constantinople:              #0        (https://github.com/ethereum/execution-specs/blob/master/network-upgrades/mainnet-upgrades/constantinople.md)
[0;0m[1;33m[node3] [09-11|21:32:36.075] INFO <C Chain> core/blockchain.go:411  - Petersburg:                  #0        (https://github.com/ethereum/execution-specs/blob/master/network-upgrades/mainnet-upgrades/petersburg.md)
[0;0m[1;33m[node3] [09-11|21:32:36.075] INFO <C Chain> core/blockchain.go:411  - Istanbul:                    #0        (https://github.com/ethereum/execution-specs/blob/master/network-upgrades/mainnet-upgrades/istanbul.md)
[0;0m[1;33m[node3] [09-11|21:32:36.075] INFO <C Chain> core/blockchain.go:411  - Muir Glacier:                #0        (https://github.com/ethereum/execution-specs/blob/master/network-upgrades/mainnet-upgrades/muir-glacier.md)
[0;0m[1;33m[node3] [09-11|21:32:36.075] INFO <C Chain> core/blockchain.go:411  - Berlin:                      #0        (https://github.com/ethereum/execution-specs/blob/master/network-upgrades/mainnet-upgrades/berlin.md)
[0;0m[1;33m[node3] [09-11|21:32:36.075] INFO <C Chain> core/blockchain.go:411  - London:                      #0        (https://github.com/ethereum/execution-specs/blob/master/network-upgrades/mainnet-upgrades/london.md)
[0;0m[0;35m[node2] [09-11|21:32:36.075] INFO <C Chain> core/blockchain.go:411 
[0;0m[0;35m[node2] [09-11|21:32:36.075] INFO <C Chain> core/blockchain.go:413 ---------------------------------------------------------------------------------------------------------------------------------------------------------
[0;0m[0;35m[node2] [09-11|21:32:36.075] INFO <C Chain> core/blockchain.go:414 
[0;0m[1;33m[node3] [09-11|21:32:36.075] INFO <C Chain> core/blockchain.go:411 
[0;0m[1;33m[node3] [09-11|21:32:36.075] INFO <C Chain> core/blockchain.go:411 The Merge is not yet available for this network!
[0;0m[1;33m[node3] [09-11|21:32:36.075] INFO <C Chain> core/blockchain.go:411  - Hard-fork specification: https://github.com/ethereum/execution-specs/blob/master/network-upgrades/mainnet-upgrades/paris.md
[0;0m[1;33m[node3] [09-11|21:32:36.075] INFO <C Chain> core/blockchain.go:411 
[0;0m[1;33m[node3] [09-11|21:32:36.075] INFO <C Chain> core/blockchain.go:411 Post-Merge hard forks (timestamp based):
[0;0m[1;33m[node3] [09-11|21:32:36.075] INFO <C Chain> core/blockchain.go:411  - Shanghai:                    @1607144400 (https://github.com/ethereum/execution-specs/blob/master/network-upgrades/mainnet-upgrades/shanghai.md)
[0;0m[1;33m[node3] [09-11|21:32:36.075] INFO <C Chain> core/blockchain.go:411  - Cancun:                      @1607144400 (https://github.com/ethereum/execution-specs/blob/master/network-upgrades/mainnet-upgrades/cancun.md)
[0;0m[1;33m[node3] [09-11|21:32:36.075] INFO <C Chain> core/blockchain.go:411 Avalanche Upgrades (timestamp based):
[0;0m[1;33m[node3] [09-11|21:32:36.075] INFO <C Chain> core/blockchain.go:411  - Apricot Phase 1 Timestamp:        @1607144400 (https://github.com/ava-labs/avalanchego/releases/tag/v1.3.0)
[0;0m[1;33m[node3] [09-11|21:32:36.075] INFO <C Chain> core/blockchain.go:411  - Apricot Phase 2 Timestamp:        @1607144400 (https://github.com/ava-labs/avalanchego/releases/tag/v1.4.0)
[0;0m[1;33m[node3] [09-11|21:32:36.075] INFO <C Chain> core/blockchain.go:411  - Apricot Phase 3 Timestamp:        @1607144400 (https://github.com/ava-labs/avalanchego/releases/tag/v1.5.0)
[0;0m[1;33m[node3] [09-11|21:32:36.075] INFO <C Chain> core/blockchain.go:411  - Apricot Phase 4 Timestamp:        @1607144400 (https://github.com/ava-labs/avalanchego/releases/tag/v1.6.0)
[0;0m[1;33m[node3] [09-11|21:32:36.075] INFO <C Chain> core/blockchain.go:411  - Apricot Phase 5 Timestamp:        @1607144400 (https://github.com/ava-labs/avalanchego/releases/tag/v1.7.0)
[0;0m[1;33m[node3] [09-11|21:32:36.075] INFO <C Chain> core/blockchain.go:411  - Apricot Phase P6 Timestamp        @1607144400 (https://github.com/ava-labs/avalanchego/releases/tag/v1.8.0)
[0;0m[1;33m[node3] [09-11|21:32:36.075] INFO <C Chain> core/blockchain.go:411  - Apricot Phase 6 Timestamp:        @1607144400 (https://github.com/ava-labs/avalanchego/releases/tag/v1.8.0)
[0;0m[1;33m[node3] [09-11|21:32:36.075] INFO <C Chain> core/blockchain.go:411  - Apricot Phase Post-6 Timestamp:   @1607144400 (https://github.com/ava-labs/avalanchego/releases/tag/v1.8.0)
[0;0m[1;33m[node3] [09-11|21:32:36.075] INFO <C Chain> core/blockchain.go:411  - Banff Timestamp:                  @1607144400 (https://github.com/ava-labs/avalanchego/releases/tag/v1.9.0)
[0;0m[1;33m[node3] [09-11|21:32:36.075] INFO <C Chain> core/blockchain.go:411  - Cortina Timestamp:                @1607144400 (https://github.com/ava-labs/avalanchego/releases/tag/v1.10.0)
[0;0m[1;33m[node3] [09-11|21:32:36.075] INFO <C Chain> core/blockchain.go:411  - Durango Timestamp:                @1607144400 (https://github.com/ava-labs/avalanchego/releases/tag/v1.11.0)
[0;0m[1;33m[node3] [09-11|21:32:36.075] INFO <C Chain> core/blockchain.go:411  - Etna Timestamp:                   @1607144400 (https://github.com/ava-labs/avalanchego/releases/tag/v1.12.0)
[0;0m[1;33m[node3] [09-11|21:32:36.075] INFO <C Chain> core/blockchain.go:411  - Fortuna Timestamp:                @1607144400 (https://github.com/ava-labs/avalanchego/releases/tag/v1.13.0)
[0;0m[1;33m[node3] [09-11|21:32:36.075] INFO <C Chain> core/blockchain.go:411  - Granite Timestamp:                @1607144400 (https://github.com/ava-labs/avalanchego/releases/tag/v1.14.0)
[0;0m[1;33m[node3] [09-11|21:32:36.075] INFO <C Chain> core/blockchain.go:411  - Helicon Timestamp:                @253399622400 (Unscheduled)
[0;0m[1;33m[node3] [09-11|21:32:36.075] INFO <C Chain> core/blockchain.go:411 
[0;0m[1;33m[node3] [09-11|21:32:36.075] INFO <C Chain> core/blockchain.go:411 Upgrade Config: {"precompileUpgrades":[{"warpConfig":{"blockTimestamp":1607144400,"quorumNumerator":0,"requirePrimaryNetworkSigners":false}}]}
[0;0m[1;33m[node3] [09-11|21:32:36.075] INFO <C Chain> core/blockchain.go:411 
[0;0m[1;33m[node3] [09-11|21:32:36.075] INFO <C Chain> core/blockchain.go:413 ---------------------------------------------------------------------------------------------------------------------------------------------------------
[0;0m[0;36m[node4] [09-11|21:32:36.075] INFO <C Chain> core/state_processor_ext.go:55 Activating new precompile                name=warpConfig config="{\"blockTimestamp\":1607144400,\"quorumNumerator\":0,\"requirePrimaryNetworkSigners\":false}"
[0;0m[1;33m[node3] [09-11|21:32:36.075] INFO <C Chain> core/blockchain.go:414 
[0;0m[1;36m[node1] [09-11|21:32:36.075] INFO <C Chain> core/blockchain.go:752 Loaded most recent local header          number=0 hash=608ddb..07b8b1 age=5y10mo6d
[0;0m[1;36m[node1] [09-11|21:32:36.075] INFO <C Chain> core/blockchain.go:753 Loaded most recent local full block      number=0 hash=608ddb..07b8b1 age=5y10mo6d
[0;0m[1;36m[node1] [09-11|21:32:36.075] INFO <C Chain> core/blockchain.go:1846 Loaded Acceptor tip                      hash=000000..000000
[0;0m[0;36m[node4] [09-11|21:32:36.075] INFO <C Chain> /home/runner/go/pkg/mod/github.com/ava-labs/libevm@v1.13.14-0.4.0.rc.2/triedb/hashdb/database.go:448 Persisted trie from memory database      nodes=3 size=406.00B time="3.945µs"  gcnodes=0 gcsize=0.00B gctime=0s livenodes=0 livesize=0.00B
[0;0m[1;36m[node1] [09-11|21:32:36.075] INFO <C Chain> core/blockchain.go:1857 Skipping state reprocessing              root=328302..7a638f
[0;0m[0;35m[node2] [09-11|21:32:36.075] INFO <C Chain> core/blockchain.go:752 Loaded most recent local header          number=0 hash=608ddb..07b8b1 age=5y10mo6d
[0;0m[0;35m[node2] [09-11|21:32:36.075] INFO <C Chain> core/blockchain.go:753 Loaded most recent local full block      number=0 hash=608ddb..07b8b1 age=5y10mo6d
[0;0m[1;36m[node1] [09-11|21:32:36.075] INFO <C Chain> core/blockchain.go:577 Not warming accepted cache because there are no accepted blocks
[0;0m[0;35m[node2] [09-11|21:32:36.075] INFO <C Chain> core/blockchain.go:1846 Loaded Acceptor tip                      hash=000000..000000
[0;0m[1;36m[node1] [09-11|21:32:36.075] INFO <C Chain> core/blockchain.go:602 Starting Acceptor                        "queue length"=64
[0;0m[0;35m[node2] [09-11|21:32:36.075] INFO <C Chain> core/blockchain.go:1857 Skipping state reprocessing              root=328302..7a638f
[0;0m[0;35m[node2] [09-11|21:32:36.075] INFO <C Chain> core/blockchain.go:577 Not warming accepted cache because there are no accepted blocks
[0;0m[1;36m[node1] [09-11|21:32:36.075] INFO <C Chain> core/txpool/legacypool/legacypool.go:495 Legacy pool tip threshold updated        tip=0
[0;0m[1;33m[node3] [09-11|21:32:36.075] INFO <C Chain> core/blockchain.go:752 Loaded most recent local header          number=0 hash=608ddb..07b8b1 age=5y10mo6d
[0;0m[1;33m[node3] [09-11|21:32:36.075] INFO <C Chain> core/blockchain.go:753 Loaded most recent local full block      number=0 hash=608ddb..07b8b1 age=5y10mo6d
[0;0m[1;33m[node3] [09-11|21:32:36.075] INFO <C Chain> core/blockchain.go:1846 Loaded Acceptor tip                      hash=000000..000000
[0;0m[1;33m[node3] [09-11|21:32:36.075] INFO <C Chain> core/blockchain.go:1857 Skipping state reprocessing              root=328302..7a638f
[0;0m[1;33m[node3] [09-11|21:32:36.075] INFO <C Chain> core/blockchain.go:577 Not warming accepted cache because there are no accepted blocks
[0;0m[0;36m[node4] [09-11|21:32:36.075] INFO <C Chain> core/blockchain.go:408 
[0;0m[0;36m[node4] [09-11|21:32:36.075] INFO <C Chain> core/blockchain.go:409 ---------------------------------------------------------------------------------------------------------------------------------------------------------
[0;0m[0;35m[node2] [09-11|21:32:36.075] INFO <C Chain> core/blockchain.go:602 Starting Acceptor                        "queue length"=64
[0;0m[0;35m[node2] [09-11|21:32:36.075] INFO <C Chain> core/txpool/legacypool/legacypool.go:495 Legacy pool tip threshold updated        tip=0
[0;0m[1;33m[node3] [09-11|21:32:36.075] INFO <C Chain> core/blockchain.go:602 Starting Acceptor                        "queue length"=64
[0;0m[0;36m[node4] [09-11|21:32:36.075] INFO <C Chain> core/blockchain.go:411 Chain ID:  43112 (unknown)
[0;0m[0;36m[node4] [09-11|21:32:36.075] INFO <C Chain> core/blockchain.go:411 Consensus: unknown
[0;0m[0;36m[node4] [09-11|21:32:36.075] INFO <C Chain> core/blockchain.go:411 
[0;0m[0;36m[node4] [09-11|21:32:36.075] INFO <C Chain> core/blockchain.go:411 Pre-Merge hard forks (block based):
[0;0m[0;36m[node4] [09-11|21:32:36.075] INFO <C Chain> core/blockchain.go:411  - Homestead:                   #0        (https://github.com/ethereum/execution-specs/blob/master/network-upgrades/mainnet-upgrades/homestead.md)
[0;0m[0;36m[node4] [09-11|21:32:36.075] INFO <C Chain> core/blockchain.go:411  - DAO Fork:                    #0        (https://github.com/ethereum/execution-specs/blob/master/network-upgrades/mainnet-upgrades/dao-fork.md)
[0;0m[0;36m[node4] [09-11|21:32:36.075] INFO <C Chain> core/blockchain.go:411  - Tangerine Whistle (EIP 150): #0        (https://github.com/ethereum/execution-specs/blob/master/network-upgrades/mainnet-upgrades/tangerine-whistle.md)
[0;0m[0;36m[node4] [09-11|21:32:36.075] INFO <C Chain> core/blockchain.go:411  - Spurious Dragon/1 (EIP 155): #0        (https://github.com/ethereum/execution-specs/blob/master/network-upgrades/mainnet-upgrades/spurious-dragon.md)
[0;0m[0;36m[node4] [09-11|21:32:36.075] INFO <C Chain> core/blockchain.go:411  - Spurious Dragon/2 (EIP 158): #0        (https://github.com/ethereum/execution-specs/blob/master/network-upgrades/mainnet-upgrades/spurious-dragon.md)
[0;0m[0;36m[node4] [09-11|21:32:36.075] INFO <C Chain> core/blockchain.go:411  - Byzantium:                   #0        (https://github.com/ethereum/execution-specs/blob/master/network-upgrades/mainnet-upgrades/byzantium.md)
[0;0m[0;36m[node4] [09-11|21:32:36.075] INFO <C Chain> core/blockchain.go:411  - Constantinople:              #0        (https://github.com/ethereum/execution-specs/blob/master/network-upgrades/mainnet-upgrades/constantinople.md)
[0;0m[0;36m[node4] [09-11|21:32:36.075] INFO <C Chain> core/blockchain.go:411  - Petersburg:                  #0        (https://github.com/ethereum/execution-specs/blob/master/network-upgrades/mainnet-upgrades/petersburg.md)
[0;0m[0;36m[node4] [09-11|21:32:36.075] INFO <C Chain> core/blockchain.go:411  - Istanbul:                    #0        (https://github.com/ethereum/execution-specs/blob/master/network-upgrades/mainnet-upgrades/istanbul.md)
[0;0m[0;36m[node4] [09-11|21:32:36.075] INFO <C Chain> core/blockchain.go:411  - Muir Glacier:                #0        (https://github.com/ethereum/execution-specs/blob/master/network-upgrades/mainnet-upgrades/muir-glacier.md)
[0;0m[0;36m[node4] [09-11|21:32:36.075] INFO <C Chain> core/blockchain.go:411  - Berlin:                      #0        (https://github.com/ethereum/execution-specs/blob/master/network-upgrades/mainnet-upgrades/berlin.md)
[0;0m[0;36m[node4] [09-11|21:32:36.075] INFO <C Chain> core/blockchain.go:411  - London:                      #0        (https://github.com/ethereum/execution-specs/blob/master/network-upgrades/mainnet-upgrades/london.md)
[0;0m[1;33m[node3] [09-11|21:32:36.075] INFO <C Chain> core/txpool/legacypool/legacypool.go:495 Legacy pool tip threshold updated        tip=0
[0;0m[0;36m[node4] [09-11|21:32:36.075] INFO <C Chain> core/blockchain.go:411 
[0;0m[0;36m[node4] [09-11|21:32:36.075] INFO <C Chain> core/blockchain.go:411 The Merge is not yet available for this network!
[0;0m[0;36m[node4] [09-11|21:32:36.075] INFO <C Chain> core/blockchain.go:411  - Hard-fork specification: https://github.com/ethereum/execution-specs/blob/master/network-upgrades/mainnet-upgrades/paris.md
[0;0m[0;36m[node4] [09-11|21:32:36.075] INFO <C Chain> core/blockchain.go:411 
[0;0m[0;36m[node4] [09-11|21:32:36.075] INFO <C Chain> core/blockchain.go:411 Post-Merge hard forks (timestamp based):
[0;0m[0;36m[node4] [09-11|21:32:36.075] INFO <C Chain> core/blockchain.go:411  - Shanghai:                    @1607144400 (https://github.com/ethereum/execution-specs/blob/master/network-upgrades/mainnet-upgrades/shanghai.md)
[0;0m[0;36m[node4] [09-11|21:32:36.075] INFO <C Chain> core/blockchain.go:411  - Cancun:                      @1607144400 (https://github.com/ethereum/execution-specs/blob/master/network-upgrades/mainnet-upgrades/cancun.md)
[0;0m[0;36m[node4] [09-11|21:32:36.075] INFO <C Chain> core/blockchain.go:411 Avalanche Upgrades (timestamp based):
[0;0m[0;36m[node4] [09-11|21:32:36.075] INFO <C Chain> core/blockchain.go:411  - Apricot Phase 1 Timestamp:        @1607144400 (https://github.com/ava-labs/avalanchego/releases/tag/v1.3.0)
[0;0m[0;36m[node4] [09-11|21:32:36.075] INFO <C Chain> core/blockchain.go:411  - Apricot Phase 2 Timestamp:        @1607144400 (https://github.com/ava-labs/avalanchego/releases/tag/v1.4.0)
[0;0m[0;36m[node4] [09-11|21:32:36.075] INFO <C Chain> core/blockchain.go:411  - Apricot Phase 3 Timestamp:        @1607144400 (https://github.com/ava-labs/avalanchego/releases/tag/v1.5.0)
[0;0m[0;36m[node4] [09-11|21:32:36.075] INFO <C Chain> core/blockchain.go:411  - Apricot Phase 4 Timestamp:        @1607144400 (https://github.com/ava-labs/avalanchego/releases/tag/v1.6.0)
[0;0m[0;36m[node4] [09-11|21:32:36.075] INFO <C Chain> core/blockchain.go:411  - Apricot Phase 5 Timestamp:        @1607144400 (https://github.com/ava-labs/avalanchego/releases/tag/v1.7.0)
[0;0m[0;36m[node4] [09-11|21:32:36.075] INFO <C Chain> core/blockchain.go:411  - Apricot Phase P6 Timestamp        @1607144400 (https://github.com/ava-labs/avalanchego/releases/tag/v1.8.0)
[0;0m[0;36m[node4] [09-11|21:32:36.076] INFO <C Chain> core/blockchain.go:411  - Apricot Phase 6 Timestamp:        @1607144400 (https://github.com/ava-labs/avalanchego/releases/tag/v1.8.0)
[0;0m[0;36m[node4] [09-11|21:32:36.076] INFO <C Chain> core/blockchain.go:411  - Apricot Phase Post-6 Timestamp:   @1607144400 (https://github.com/ava-labs/avalanchego/releases/tag/v1.8.0)
[0;0m[0;36m[node4] [09-11|21:32:36.076] INFO <C Chain> core/blockchain.go:411  - Banff Timestamp:                  @1607144400 (https://github.com/ava-labs/avalanchego/releases/tag/v1.9.0)
[0;0m[0;36m[node4] [09-11|21:32:36.076] INFO <C Chain> core/blockchain.go:411  - Cortina Timestamp:                @1607144400 (https://github.com/ava-labs/avalanchego/releases/tag/v1.10.0)
[0;0m[0;36m[node4] [09-11|21:32:36.076] INFO <C Chain> core/blockchain.go:411  - Durango Timestamp:                @1607144400 (https://github.com/ava-labs/avalanchego/releases/tag/v1.11.0)
[0;0m[0;36m[node4] [09-11|21:32:36.076] INFO <C Chain> core/blockchain.go:411  - Etna Timestamp:                   @1607144400 (https://github.com/ava-labs/avalanchego/releases/tag/v1.12.0)
[0;0m[0;36m[node4] [09-11|21:32:36.076] INFO <C Chain> core/blockchain.go:411  - Fortuna Timestamp:                @1607144400 (https://github.com/ava-labs/avalanchego/releases/tag/v1.13.0)
[0;0m[0;36m[node4] [09-11|21:32:36.076] INFO <C Chain> core/blockchain.go:411  - Granite Timestamp:                @1607144400 (https://github.com/ava-labs/avalanchego/releases/tag/v1.14.0)
[0;0m[0;36m[node4] [09-11|21:32:36.076] INFO <C Chain> core/blockchain.go:411  - Helicon Timestamp:                @253399622400 (Unscheduled)
[0;0m[0;36m[node4] [09-11|21:32:36.076] INFO <C Chain> core/blockchain.go:411 
[0;0m[0;36m[node4] [09-11|21:32:36.076] INFO <C Chain> core/blockchain.go:411 Upgrade Config: {"precompileUpgrades":[{"warpConfig":{"blockTimestamp":1607144400,"quorumNumerator":0,"requirePrimaryNetworkSigners":false}}]}
[0;0m[0;36m[node4] [09-11|21:32:36.076] INFO <C Chain> core/blockchain.go:411 
[0;0m[0;36m[node4] [09-11|21:32:36.076] INFO <C Chain> core/blockchain.go:413 ---------------------------------------------------------------------------------------------------------------------------------------------------------
[0;0m[0;36m[node4] [09-11|21:32:36.076] INFO <C Chain> core/blockchain.go:414 
[0;0m[1;33m[node3] [09-11|21:32:36.076] INFO <C Chain> plugin/evm/atomic/state/atomic_backend.go:86 initializing atomic trie                 lastCommittedHeight=0
[0;0m[1;36m[node1] [09-11|21:32:36.076] INFO <C Chain> plugin/evm/atomic/state/atomic_backend.go:86 initializing atomic trie                 lastCommittedHeight=0
[0;0m[1;33m[node3] [09-11|21:32:36.076] INFO <C Chain> plugin/evm/atomic/state/atomic_backend.go:167 finished initializing atomic trie        lastAcceptedHeight=0 lastAcceptedAtomicRoot=56e81f..63b421 heightsIndexed=0 lastCommittedRoot=56e81f..63b421 lastCommittedHeight=0 time="47.08µs"
[0;0m[1;33m[node3] [09-11|21:32:36.076] INFO <C Chain> proposervm/vm.go:208 initialized proposervm {"state": "before fork"}
[0;0m[0;35m[node2] [09-11|21:32:36.076] INFO <C Chain> plugin/evm/atomic/state/atomic_backend.go:86 initializing atomic trie                 lastCommittedHeight=0
[0;0m[1;36m[node1] [09-11|21:32:36.076] INFO <C Chain> plugin/evm/atomic/state/atomic_backend.go:167 finished initializing atomic trie        lastAcceptedHeight=0 lastAcceptedAtomicRoot=56e81f..63b421 heightsIndexed=0 lastCommittedRoot=56e81f..63b421 lastCommittedHeight=0 time="46.94µs"
[0;0m[0;35m[node2] [09-11|21:32:36.076] INFO <C Chain> plugin/evm/atomic/state/atomic_backend.go:167 finished initializing atomic trie        lastAcceptedHeight=0 lastAcceptedAtomicRoot=56e81f..63b421 heightsIndexed=0 lastCommittedRoot=56e81f..63b421 lastCommittedHeight=0 time="55.929µs"
[0;0m[1;36m[node1] [09-11|21:32:36.076] INFO <C Chain> proposervm/vm.go:208 initialized proposervm {"state": "before fork"}
[0;0m[1;36m[node1] [09-11|21:32:36.076] INFO <C Chain> snowman/engine.go:98 initializing consensus engine
[0;0m[0;36m[node4] [09-11|21:32:36.076] INFO <C Chain> core/blockchain.go:752 Loaded most recent local header          number=0 hash=608ddb..07b8b1 age=5y10mo6d
[0;0m[0;35m[node2] [09-11|21:32:36.076] INFO <C Chain> proposervm/vm.go:208 initialized proposervm {"state": "before fork"}
[0;0m[0;36m[node4] [09-11|21:32:36.076] INFO <C Chain> core/blockchain.go:753 Loaded most recent local full block      number=0 hash=608ddb..07b8b1 age=5y10mo6d
[0;0m[0;36m[node4] [09-11|21:32:36.076] INFO <C Chain> core/blockchain.go:1846 Loaded Acceptor tip                      hash=000000..000000
[0;0m[0;36m[node4] [09-11|21:32:36.076] INFO <C Chain> core/blockchain.go:1857 Skipping state reprocessing              root=328302..7a638f
[0;0m[0;36m[node4] [09-11|21:32:36.076] INFO <C Chain> core/blockchain.go:577 Not warming accepted cache because there are no accepted blocks
[0;0m[0;36m[node4] [09-11|21:32:36.076] INFO <C Chain> core/txpool/legacypool/legacypool.go:495 Legacy pool tip threshold updated        tip=0
[0;0m[0;36m[node4] [09-11|21:32:36.076] INFO <C Chain> core/blockchain.go:602 Starting Acceptor                        "queue length"=64
[0;0m[1;36m[node1] [09-11|21:32:36.076] INFO health/worker.go:115 registered new check and initialized its state to failing {"name": "health", "name": "C", "tags": ["11111111111111111111111111111111LpoYY"]}
[0;0m[1;33m[node3] [09-11|21:32:36.076] INFO <C Chain> snowman/engine.go:98 initializing consensus engine
[0;0m[0;35m[node2] [09-11|21:32:36.076] INFO <C Chain> snowman/engine.go:98 initializing consensus engine
[0;0m[1;33m[node3] [09-11|21:32:36.076] INFO health/worker.go:115 registered new check and initialized its state to failing {"name": "health", "name": "C", "tags": ["11111111111111111111111111111111LpoYY"]}
[0;0m[0;35m[node2] [09-11|21:32:36.076] INFO health/worker.go:115 registered new check and initialized its state to failing {"name": "health", "name": "C", "tags": ["11111111111111111111111111111111LpoYY"]}
[0;0m[0;36m[node4] [09-11|21:32:36.076] INFO <C Chain> plugin/evm/atomic/state/atomic_backend.go:86 initializing atomic trie                 lastCommittedHeight=0
[0;0m[1;36m[node1] [09-11|21:32:36.076] INFO <C Chain> plugin/evm/vm.go:1067 enabling apis                            apis="[eth eth-filter net web3 internal-eth internal-blockchain internal-transaction internal-account]"
[0;0m[0;36m[node4] [09-11|21:32:36.077] INFO <C Chain> plugin/evm/atomic/state/atomic_backend.go:167 finished initializing atomic trie        lastAcceptedHeight=0 lastAcceptedAtomicRoot=56e81f..63b421 heightsIndexed=0 lastCommittedRoot=56e81f..63b421 lastCommittedHeight=0 time="42.536µs"
[0;0m[1;36m[node1] [09-11|21:32:36.077] INFO <C Chain> plugin/evm/atomic/vm/vm.go:340 AVAX API enabled
[0;0m[1;36m[node1] [09-11|21:32:36.077] INFO server/server.go:216 adding route {"url": "/ext/bc/NeA134STyTVwife7gYeNQ6Hwi5GPGC2X7aUFvWsnusnpM2do6", "endpoint": "/rpc"}
[0;0m[0;36m[node4] [09-11|21:32:36.077] INFO <C Chain> proposervm/vm.go:208 initialized proposervm {"state": "before fork"}
[0;0m[1;33m[node3] [09-11|21:32:36.077] INFO <C Chain> plugin/evm/vm.go:1067 enabling apis                            apis="[eth eth-filter net web3 internal-eth internal-blockchain internal-transaction internal-account]"
[0;0m[1;33m[node3] [09-11|21:32:36.077] INFO <C Chain> plugin/evm/atomic/vm/vm.go:340 AVAX API enabled
[0;0m[0;35m[node2] [09-11|21:32:36.077] INFO <C Chain> plugin/evm/vm.go:1067 enabling apis                            apis="[eth eth-filter net web3 internal-eth internal-blockchain internal-transaction internal-account]"
[0;0m[1;36m[node1] [09-11|21:32:36.077] INFO server/server.go:216 adding route {"url": "/ext/bc/NeA134STyTVwife7gYeNQ6Hwi5GPGC2X7aUFvWsnusnpM2do6", "endpoint": "/ws"}
[0;0m[1;33m[node3] [09-11|21:32:36.077] INFO server/server.go:216 adding route {"url": "/ext/bc/NeA134STyTVwife7gYeNQ6Hwi5GPGC2X7aUFvWsnusnpM2do6", "endpoint": "/avax"}
[0;0m[0;35m[node2] [09-11|21:32:36.077] INFO <C Chain> plugin/evm/atomic/vm/vm.go:340 AVAX API enabled
[0;0m[0;36m[node4] [09-11|21:32:36.077] INFO <C Chain> snowman/engine.go:98 initializing consensus engine
[0;0m[1;36m[node1] [09-11|21:32:36.077] INFO server/server.go:216 adding route {"url": "/ext/bc/NeA134STyTVwife7gYeNQ6Hwi5GPGC2X7aUFvWsnusnpM2do6", "endpoint": "/avax"}
[0;0m[0;35m[node2] [09-11|21:32:36.077] INFO server/server.go:216 adding route {"url": "/ext/bc/NeA134STyTVwife7gYeNQ6Hwi5GPGC2X7aUFvWsnusnpM2do6", "endpoint": "/rpc"}
[0;0m[1;36m[node1] [09-11|21:32:36.077] INFO server/server.go:216 adding route {"url": "/ext/bc/NeA134STyTVwife7gYeNQ6Hwi5GPGC2X7aUFvWsnusnpM2do6", "endpoint": "/proposervm"}
[0;0m[1;33m[node3] [09-11|21:32:36.077] INFO server/server.go:216 adding route {"url": "/ext/bc/NeA134STyTVwife7gYeNQ6Hwi5GPGC2X7aUFvWsnusnpM2do6", "endpoint": "/proposervm"}
[0;0m[0;35m[node2] [09-11|21:32:36.077] INFO server/server.go:216 adding route {"url": "/ext/bc/NeA134STyTVwife7gYeNQ6Hwi5GPGC2X7aUFvWsnusnpM2do6", "endpoint": "/ws"}
[0;0m[0;36m[node4] [09-11|21:32:36.077] INFO health/worker.go:115 registered new check and initialized its state to failing {"name": "health", "name": "C", "tags": ["11111111111111111111111111111111LpoYY"]}
[0;0m[1;33m[node3] [09-11|21:32:36.077] INFO server/server.go:216 adding route {"url": "/ext/bc/NeA134STyTVwife7gYeNQ6Hwi5GPGC2X7aUFvWsnusnpM2do6", "endpoint": "/rpc"}
[0;0m[0;35m[node2] [09-11|21:32:36.077] INFO server/server.go:216 adding route {"url": "/ext/bc/NeA134STyTVwife7gYeNQ6Hwi5GPGC2X7aUFvWsnusnpM2do6", "endpoint": "/avax"}
[0;0m[1;33m[node3] [09-11|21:32:36.077] INFO server/server.go:216 adding route {"url": "/ext/bc/NeA134STyTVwife7gYeNQ6Hwi5GPGC2X7aUFvWsnusnpM2do6", "endpoint": "/ws"}
[0;0m[0;35m[node2] [09-11|21:32:36.077] INFO server/server.go:216 adding route {"url": "/ext/bc/NeA134STyTVwife7gYeNQ6Hwi5GPGC2X7aUFvWsnusnpM2do6", "endpoint": "/proposervm"}
[0;0m[1;36m[node1] [09-11|21:32:36.077] INFO indexer/index.go:92 created new index {"nextAcceptedIndex": 0}
[0;0m[1;36m[node1] [09-11|21:32:36.077] INFO server/server.go:245 adding route {"url": "/ext/index/C", "endpoint": "/block"}
[0;0m[1;33m[node3] [09-11|21:32:36.077] INFO indexer/index.go:92 created new index {"nextAcceptedIndex": 0}
[0;0m[0;36m[node4] [09-11|21:32:36.077] INFO <C Chain> plugin/evm/vm.go:1067 enabling apis                            apis="[eth eth-filter net web3 internal-eth internal-blockchain internal-transaction internal-account]"
[0;0m[1;33m[node3] [09-11|21:32:36.077] INFO server/server.go:245 adding route {"url": "/ext/index/C", "endpoint": "/block"}
[0;0m[0;35m[node2] [09-11|21:32:36.077] INFO indexer/index.go:92 created new index {"nextAcceptedIndex": 0}
[0;0m[1;36m[node1] [09-11|21:32:36.077] INFO <C Chain> syncer/state_syncer.go:113 starting state sync
[0;0m[0;36m[node4] [09-11|21:32:36.077] INFO <C Chain> plugin/evm/atomic/vm/vm.go:340 AVAX API enabled
[0;0m[0;35m[node2] [09-11|21:32:36.077] INFO server/server.go:245 adding route {"url": "/ext/index/C", "endpoint": "/block"}
[0;0m[1;36m[node1] [09-11|21:32:36.077] INFO chains/manager.go:376 creating chain {"subnetID": "11111111111111111111111111111111LpoYY", "chainID": "2NuxE6iXPyM9tknyHCVkTGQVM6Bj2rYMNW7tRd4aNiXXE3oPcB", "vmID": "jvYyfQTxGMJLuGWa55kdP2p2zSUYsQ5Raupu4TW34ZAUBAbtq"}
[0;0m[0;36m[node4] [09-11|21:32:36.077] INFO server/server.go:216 adding route {"url": "/ext/bc/NeA134STyTVwife7gYeNQ6Hwi5GPGC2X7aUFvWsnusnpM2do6", "endpoint": "/rpc"}
[0;0m[1;33m[node3] [09-11|21:32:36.077] INFO <C Chain> syncer/state_syncer.go:113 starting state sync
[0;0m[1;33m[node3] [09-11|21:32:36.077] INFO chains/manager.go:376 creating chain {"subnetID": "11111111111111111111111111111111LpoYY", "chainID": "2NuxE6iXPyM9tknyHCVkTGQVM6Bj2rYMNW7tRd4aNiXXE3oPcB", "vmID": "jvYyfQTxGMJLuGWa55kdP2p2zSUYsQ5Raupu4TW34ZAUBAbtq"}
[0;0m[0;35m[node2] [09-11|21:32:36.077] INFO <C Chain> syncer/state_syncer.go:113 starting state sync
[0;0m[0;35m[node2] [09-11|21:32:36.077] INFO chains/manager.go:376 creating chain {"subnetID": "11111111111111111111111111111111LpoYY", "chainID": "2NuxE6iXPyM9tknyHCVkTGQVM6Bj2rYMNW7tRd4aNiXXE3oPcB", "vmID": "jvYyfQTxGMJLuGWa55kdP2p2zSUYsQ5Raupu4TW34ZAUBAbtq"}
[0;0m[0;36m[node4] [09-11|21:32:36.077] INFO server/server.go:216 adding route {"url": "/ext/bc/NeA134STyTVwife7gYeNQ6Hwi5GPGC2X7aUFvWsnusnpM2do6", "endpoint": "/ws"}
[0;0m[0;36m[node4] [09-11|21:32:36.077] INFO server/server.go:216 adding route {"url": "/ext/bc/NeA134STyTVwife7gYeNQ6Hwi5GPGC2X7aUFvWsnusnpM2do6", "endpoint": "/avax"}
[0;0m[0;36m[node4] [09-11|21:32:36.077] INFO server/server.go:216 adding route {"url": "/ext/bc/NeA134STyTVwife7gYeNQ6Hwi5GPGC2X7aUFvWsnusnpM2do6", "endpoint": "/proposervm"}
[0;0m[1;33m[node3] [09-11|21:32:36.077] INFO <C Chain> syncer/state_syncer.go:469 starting state sync
[0;0m[0;35m[node2] [09-11|21:32:36.077] INFO <C Chain> syncer/state_syncer.go:469 starting state sync
[0;0m[1;36m[node1] [09-11|21:32:36.077] INFO <C Chain> syncer/state_syncer.go:469 starting state sync
[0;0m[0;36m[node4] [09-11|21:32:36.078] INFO indexer/index.go:92 created new index {"nextAcceptedIndex": 0}
[0;0m[0;36m[node4] [09-11|21:32:36.078] INFO server/server.go:245 adding route {"url": "/ext/index/C", "endpoint": "/block"}
[0;0m[1;36m[node1] [09-11|21:32:36.078] INFO <X Chain> avm/vm.go:153 VM config initialized {"config": {"network":{"max-validator-set-staleness":60000000000,"target-gossip-size":20480,"push-gossip-percent-stake":0.9,"push-gossip-num-validators":100,"push-gossip-num-peers":0,"push-regossip-num-validators":10,"push-regossip-num-peers":0,"push-gossip-discarded-cache-size":16384,"push-gossip-max-regossip-frequency":30000000000,"push-gossip-frequency":500000000,"pull-gossip-frequency":1500000000,"pull-gossip-throttling-period":3600000000000,"pull-gossip-requests-per-validator":2400,"expected-bloom-filter-elements":8192,"expected-bloom-filter-false-positive-probability":0.01,"max-bloom-filter-false-positive-probability":0.05},"checksums-enabled":false}}
[0;0m[0;36m[node4] [09-11|21:32:36.078] INFO <C Chain> syncer/state_syncer.go:113 starting state sync
[0;0m[0;36m[node4] [09-11|21:32:36.078] INFO chains/manager.go:376 creating chain {"subnetID": "11111111111111111111111111111111LpoYY", "chainID": "2NuxE6iXPyM9tknyHCVkTGQVM6Bj2rYMNW7tRd4aNiXXE3oPcB", "vmID": "jvYyfQTxGMJLuGWa55kdP2p2zSUYsQ5Raupu4TW34ZAUBAbtq"}
[0;0m[1;33m[node3] [09-11|21:32:36.078] INFO <X Chain> avm/vm.go:153 VM config initialized {"config": {"network":{"max-validator-set-staleness":60000000000,"target-gossip-size":20480,"push-gossip-percent-stake":0.9,"push-gossip-num-validators":100,"push-gossip-num-peers":0,"push-regossip-num-validators":10,"push-regossip-num-peers":0,"push-gossip-discarded-cache-size":16384,"push-gossip-max-regossip-frequency":30000000000,"push-gossip-frequency":500000000,"pull-gossip-frequency":1500000000,"pull-gossip-throttling-period":3600000000000,"pull-gossip-requests-per-validator":2400,"expected-bloom-filter-elements":8192,"expected-bloom-filter-false-positive-probability":0.01,"max-bloom-filter-false-positive-probability":0.05},"checksums-enabled":false}}
[0;0m[0;35m[node2] [09-11|21:32:36.078] INFO <X Chain> avm/vm.go:153 VM config initialized {"config": {"network":{"max-validator-set-staleness":60000000000,"target-gossip-size":20480,"push-gossip-percent-stake":0.9,"push-gossip-num-validators":100,"push-gossip-num-peers":0,"push-regossip-num-validators":10,"push-regossip-num-peers":0,"push-gossip-discarded-cache-size":16384,"push-gossip-max-regossip-frequency":30000000000,"push-gossip-frequency":500000000,"pull-gossip-frequency":1500000000,"pull-gossip-throttling-period":3600000000000,"pull-gossip-requests-per-validator":2400,"expected-bloom-filter-elements":8192,"expected-bloom-filter-false-positive-probability":0.01,"max-bloom-filter-false-positive-probability":0.05},"checksums-enabled":false}}
[0;0m[1;36m[node1] [09-11|21:32:36.078] INFO <X Chain> avm/vm.go:523 fee asset is established {"alias": "AVAX", "assetID": "28VTWcsTZ55draGkmjdcS9CFFv4zC3PbvVjkyoqxzNC7Y5msRP"}
[0;0m[0;36m[node4] [09-11|21:32:36.078] INFO <C Chain> syncer/state_syncer.go:469 starting state sync
[0;0m[1;36m[node1] [09-11|21:32:36.078] INFO chains/manager.go:756 creating proposervm wrapper {"activationTime": "[12-05|05:00:00.000]", "minPChainHeight": 0, "minBlockDelay": "1s", "numHistoricalBlocks": 0}
[0;0m[1;36m[node1] [09-11|21:32:36.078] INFO <X Chain> snowman/engine.go:98 initializing consensus engine
[0;0m[1;33m[node3] [09-11|21:32:36.078] INFO <X Chain> avm/vm.go:523 fee asset is established {"alias": "AVAX", "assetID": "28VTWcsTZ55draGkmjdcS9CFFv4zC3PbvVjkyoqxzNC7Y5msRP"}
[0;0m[1;33m[node3] [09-11|21:32:36.078] INFO chains/manager.go:756 creating proposervm wrapper {"activationTime": "[12-05|05:00:00.000]", "minPChainHeight": 0, "minBlockDelay": "1s", "numHistoricalBlocks": 0}
[0;0m[0;35m[node2] [09-11|21:32:36.078] INFO <X Chain> avm/vm.go:523 fee asset is established {"alias": "AVAX", "assetID": "28VTWcsTZ55draGkmjdcS9CFFv4zC3PbvVjkyoqxzNC7Y5msRP"}
[0;0m[0;35m[node2] [09-11|21:32:36.078] INFO chains/manager.go:756 creating proposervm wrapper {"activationTime": "[12-05|05:00:00.000]", "minPChainHeight": 0, "minBlockDelay": "1s", "numHistoricalBlocks": 0}
[0;0m[1;33m[node3] [09-11|21:32:36.078] INFO <X Chain> snowman/engine.go:98 initializing consensus engine
[0;0m[1;36m[node1] [09-11|21:32:36.078] INFO health/worker.go:115 registered new check and initialized its state to failing {"name": "health", "name": "X", "tags": ["11111111111111111111111111111111LpoYY"]}
[0;0m[0;35m[node2] [09-11|21:32:36.078] INFO <X Chain> snowman/engine.go:98 initializing consensus engine
[0;0m[1;36m[node1] [09-11|21:32:36.078] INFO server/server.go:216 adding route {"url": "/ext/bc/2NuxE6iXPyM9tknyHCVkTGQVM6Bj2rYMNW7tRd4aNiXXE3oPcB", "endpoint": ""}
[0;0m[1;33m[node3] [09-11|21:32:36.078] INFO health/worker.go:115 registered new check and initialized its state to failing {"name": "health", "name": "X", "tags": ["11111111111111111111111111111111LpoYY"]}
[0;0m[0;36m[node4] [09-11|21:32:36.078] INFO <X Chain> avm/vm.go:153 VM config initialized {"config": {"network":{"max-validator-set-staleness":60000000000,"target-gossip-size":20480,"push-gossip-percent-stake":0.9,"push-gossip-num-validators":100,"push-gossip-num-peers":0,"push-regossip-num-validators":10,"push-regossip-num-peers":0,"push-gossip-discarded-cache-size":16384,"push-gossip-max-regossip-frequency":30000000000,"push-gossip-frequency":500000000,"pull-gossip-frequency":1500000000,"pull-gossip-throttling-period":3600000000000,"pull-gossip-requests-per-validator":2400,"expected-bloom-filter-elements":8192,"expected-bloom-filter-false-positive-probability":0.01,"max-bloom-filter-false-positive-probability":0.05},"checksums-enabled":false}}
[0;0m[1;36m[node1] [09-11|21:32:36.078] INFO server/server.go:216 adding route {"url": "/ext/bc/2NuxE6iXPyM9tknyHCVkTGQVM6Bj2rYMNW7tRd4aNiXXE3oPcB", "endpoint": "/wallet"}
[0;0m[0;35m[node2] [09-11|21:32:36.078] INFO health/worker.go:115 registered new check and initialized its state to failing {"name": "health", "name": "X", "tags": ["11111111111111111111111111111111LpoYY"]}
[0;0m[1;33m[node3] [09-11|21:32:36.078] INFO server/server.go:216 adding route {"url": "/ext/bc/2NuxE6iXPyM9tknyHCVkTGQVM6Bj2rYMNW7tRd4aNiXXE3oPcB", "endpoint": "/wallet"}
[0;0m[0;35m[node2] [09-11|21:32:36.078] INFO server/server.go:216 adding route {"url": "/ext/bc/2NuxE6iXPyM9tknyHCVkTGQVM6Bj2rYMNW7tRd4aNiXXE3oPcB", "endpoint": ""}
[0;0m[1;33m[node3] [09-11|21:32:36.078] INFO server/server.go:216 adding route {"url": "/ext/bc/2NuxE6iXPyM9tknyHCVkTGQVM6Bj2rYMNW7tRd4aNiXXE3oPcB", "endpoint": ""}
[0;0m[1;36m[node1] [09-11|21:32:36.078] INFO indexer/index.go:92 created new index {"nextAcceptedIndex": 0}
[0;0m[0;35m[node2] [09-11|21:32:36.078] INFO server/server.go:216 adding route {"url": "/ext/bc/2NuxE6iXPyM9tknyHCVkTGQVM6Bj2rYMNW7tRd4aNiXXE3oPcB", "endpoint": "/wallet"}
[0;0m[1;36m[node1] [09-11|21:32:36.078] INFO server/server.go:245 adding route {"url": "/ext/index/X", "endpoint": "/block"}
[0;0m[0;36m[node4] [09-11|21:32:36.078] INFO <X Chain> avm/vm.go:523 fee asset is established {"alias": "AVAX", "assetID": "28VTWcsTZ55draGkmjdcS9CFFv4zC3PbvVjkyoqxzNC7Y5msRP"}
[0;0m[1;36m[node1] [09-11|21:32:36.078] INFO indexer/index.go:92 created new index {"nextAcceptedIndex": 0}
[0;0m[0;36m[node4] [09-11|21:32:36.078] INFO chains/manager.go:756 creating proposervm wrapper {"activationTime": "[12-05|05:00:00.000]", "minPChainHeight": 0, "minBlockDelay": "1s", "numHistoricalBlocks": 0}
[0;0m[1;33m[node3] [09-11|21:32:36.078] INFO indexer/index.go:92 created new index {"nextAcceptedIndex": 0}
[0;0m[1;36m[node1] [09-11|21:32:36.078] INFO server/server.go:245 adding route {"url": "/ext/index/X", "endpoint": "/vtx"}
[0;0m[1;33m[node3] [09-11|21:32:36.079] INFO server/server.go:245 adding route {"url": "/ext/index/X", "endpoint": "/block"}
[0;0m[0;35m[node2] [09-11|21:32:36.079] INFO indexer/index.go:92 created new index {"nextAcceptedIndex": 0}
[0;0m[0;36m[node4] [09-11|21:32:36.079] INFO <X Chain> snowman/engine.go:98 initializing consensus engine
[0;0m[0;35m[node2] [09-11|21:32:36.079] INFO server/server.go:245 adding route {"url": "/ext/index/X", "endpoint": "/block"}
[0;0m[1;36m[node1] [09-11|21:32:36.079] INFO indexer/index.go:92 created new index {"nextAcceptedIndex": 0}
[0;0m[1;36m[node1] [09-11|21:32:36.079] INFO server/server.go:245 adding route {"url": "/ext/index/X", "endpoint": "/tx"}
[0;0m[1;33m[node3] [09-11|21:32:36.079] INFO indexer/index.go:92 created new index {"nextAcceptedIndex": 0}
[0;0m[1;33m[node3] [09-11|21:32:36.079] INFO server/server.go:245 adding route {"url": "/ext/index/X", "endpoint": "/vtx"}
[0;0m[1;36m[node1] [09-11|21:32:36.079] INFO <X Chain> bootstrap/bootstrapper.go:320 starting bootstrap
[0;0m[0;36m[node4] [09-11|21:32:36.079] INFO health/worker.go:115 registered new check and initialized its state to failing {"name": "health", "name": "X", "tags": ["11111111111111111111111111111111LpoYY"]}
[0;0m[1;36m[node1] [09-11|21:32:36.079] INFO <X Chain> bootstrap/bootstrapper.go:600 executing transactions
[0;0m[1;33m[node3] [09-11|21:32:36.079] INFO indexer/index.go:92 created new index {"nextAcceptedIndex": 0}
[0;0m[1;36m[node1] [09-11|21:32:36.079] INFO <X Chain> queue/jobs.go:223 executed operations {"numExecuted": 0}
[0;0m[1;33m[node3] [09-11|21:32:36.079] INFO server/server.go:245 adding route {"url": "/ext/index/X", "endpoint": "/tx"}
[0;0m[1;36m[node1] [09-11|21:32:36.079] INFO <X Chain> bootstrap/bootstrapper.go:612 executing vertices
[0;0m[1;36m[node1] [09-11|21:32:36.079] INFO <X Chain> queue/jobs.go:223 executed operations {"numExecuted": 0}
[0;0m[1;33m[node3] [09-11|21:32:36.079] INFO <X Chain> bootstrap/bootstrapper.go:320 starting bootstrap
[0;0m[0;36m[node4] [09-11|21:32:36.079] INFO server/server.go:216 adding route {"url": "/ext/bc/2NuxE6iXPyM9tknyHCVkTGQVM6Bj2rYMNW7tRd4aNiXXE3oPcB", "endpoint": ""}
[0;0m[1;33m[node3] [09-11|21:32:36.079] INFO <X Chain> bootstrap/bootstrapper.go:600 executing transactions
[0;0m[1;33m[node3] [09-11|21:32:36.079] INFO <X Chain> queue/jobs.go:223 executed operations {"numExecuted": 0}
[0;0m[0;36m[node4] [09-11|21:32:36.079] INFO server/server.go:216 adding route {"url": "/ext/bc/2NuxE6iXPyM9tknyHCVkTGQVM6Bj2rYMNW7tRd4aNiXXE3oPcB", "endpoint": "/wallet"}
[0;0m[1;33m[node3] [09-11|21:32:36.079] INFO <X Chain> bootstrap/bootstrapper.go:612 executing vertices
[0;0m[1;33m[node3] [09-11|21:32:36.079] INFO <X Chain> queue/jobs.go:223 executed operations {"numExecuted": 0}
[0;0m[0;36m[node4] [09-11|21:32:36.079] INFO indexer/index.go:92 created new index {"nextAcceptedIndex": 0}
[0;0m[0;36m[node4] [09-11|21:32:36.079] INFO server/server.go:245 adding route {"url": "/ext/index/X", "endpoint": "/block"}
[0;0m[1;36m[node1] [09-11|21:32:36.079] INFO <X Chain> proposervm/vm.go:208 initialized proposervm {"state": "before fork"}
[0;0m[0;36m[node4] [09-11|21:32:36.079] INFO indexer/index.go:92 created new index {"nextAcceptedIndex": 0}
[0;0m[0;36m[node4] [09-11|21:32:36.079] INFO server/server.go:245 adding route {"url": "/ext/index/X", "endpoint": "/vtx"}
[0;0m[1;36m[node1] [09-11|21:32:36.079] INFO <X Chain> bootstrap/bootstrapper.go:192 starting bootstrapper {"lastAcceptedID": "237MUBy5GzA7E67wBoPHQdSh2YL5s67GyUjjurmZvzn8UYgxSS", "lastAcceptedHeight": 0}
[0;0m[1;33m[node3] [09-11|21:32:36.079] INFO <X Chain> proposervm/vm.go:208 initialized proposervm {"state": "before fork"}
[0;0m[0;36m[node4] [09-11|21:32:36.079] INFO indexer/index.go:92 created new index {"nextAcceptedIndex": 0}
[0;0m[1;33m[node3] [09-11|21:32:36.079] INFO <X Chain> bootstrap/bootstrapper.go:192 starting bootstrapper {"lastAcceptedID": "237MUBy5GzA7E67wBoPHQdSh2YL5s67GyUjjurmZvzn8UYgxSS", "lastAcceptedHeight": 0}
[0;0m[0;36m[node4] [09-11|21:32:36.079] INFO server/server.go:245 adding route {"url": "/ext/index/X", "endpoint": "/tx"}
[0;0m[0;36m[node4] [09-11|21:32:36.079] INFO <X Chain> bootstrap/bootstrapper.go:320 starting bootstrap
[0;0m[0;36m[node4] [09-11|21:32:36.079] INFO <X Chain> bootstrap/bootstrapper.go:600 executing transactions
[0;0m[0;36m[node4] [09-11|21:32:36.079] INFO <X Chain> queue/jobs.go:223 executed operations {"numExecuted": 0}
[0;0m[0;36m[node4] [09-11|21:32:36.079] INFO <X Chain> bootstrap/bootstrapper.go:612 executing vertices
[0;0m[0;36m[node4] [09-11|21:32:36.079] INFO <X Chain> queue/jobs.go:223 executed operations {"numExecuted": 0}
[0;0m[0;35m[node2] [09-11|21:32:36.079] INFO indexer/index.go:92 created new index {"nextAcceptedIndex": 0}
[0;0m[0;35m[node2] [09-11|21:32:36.080] INFO server/server.go:245 adding route {"url": "/ext/index/X", "endpoint": "/vtx"}
[0;0m[0;36m[node4] [09-11|21:32:36.080] INFO <X Chain> proposervm/vm.go:208 initialized proposervm {"state": "before fork"}
[0;0m[0;36m[node4] [09-11|21:32:36.080] INFO <X Chain> bootstrap/bootstrapper.go:192 starting bootstrapper {"lastAcceptedID": "237MUBy5GzA7E67wBoPHQdSh2YL5s67GyUjjurmZvzn8UYgxSS", "lastAcceptedHeight": 0}
[0;0m[0;35m[node2] [09-11|21:32:36.080] INFO indexer/index.go:92 created new index {"nextAcceptedIndex": 0}
[0;0m[0;35m[node2] [09-11|21:32:36.080] INFO server/server.go:245 adding route {"url": "/ext/index/X", "endpoint": "/tx"}
[0;0m[0;35m[node2] [09-11|21:32:36.080] INFO <X Chain> bootstrap/bootstrapper.go:320 starting bootstrap
[0;0m[0;35m[node2] [09-11|21:32:36.080] INFO <X Chain> bootstrap/bootstrapper.go:600 executing transactions
[0;0m[0;35m[node2] [09-11|21:32:36.080] INFO <X Chain> queue/jobs.go:223 executed operations {"numExecuted": 0}
[0;0m[0;35m[node2] [09-11|21:32:36.081] INFO <X Chain> bootstrap/bootstrapper.go:612 executing vertices
[0;0m[0;35m[node2] [09-11|21:32:36.081] INFO <X Chain> queue/jobs.go:223 executed operations {"numExecuted": 0}
[0;0m[0;35m[node2] [09-11|21:32:36.082] INFO <X Chain> proposervm/vm.go:208 initialized proposervm {"state": "before fork"}
[0;0m[0;35m[node2] [09-11|21:32:36.082] INFO <X Chain> bootstrap/bootstrapper.go:192 starting bootstrapper {"lastAcceptedID": "237MUBy5GzA7E67wBoPHQdSh2YL5s67GyUjjurmZvzn8UYgxSS", "lastAcceptedHeight": 0}
[0;0m[1;34m[node5] [09-11|21:32:36.239] INFO <P Chain> bootstrap/bootstrapper.go:397 starting to fetch blocks {"numKnownBlocks": 0, "numAcceptedBlocks": 1, "numMissingBlocks": 1}
[0;0m[1;34m[node5] [09-11|21:32:36.239] INFO <P Chain> bootstrap/storage.go:195 executing blocks {"numToExecute": 0}
[0;0m[1;34m[node5] [09-11|21:32:36.239] INFO <P Chain> bootstrap/storage.go:187 executed blocks {"numExecuted": 0, "numToExecute": 0, "halted": false, "duration": "28.472µs"}
[0;0m[1;34m[node5] [09-11|21:32:36.239] INFO <P Chain> bootstrap/bootstrapper.go:738 waiting for the remaining chains in this subnet to finish syncing
[0;0m[1;34m[node5] [09-11|21:32:36.239] INFO chains/manager.go:376 creating chain {"subnetID": "11111111111111111111111111111111LpoYY", "chainID": "NeA134STyTVwife7gYeNQ6Hwi5GPGC2X7aUFvWsnusnpM2do6", "vmID": "mgj786NP7uDwBCcq6YwThhaN8FLyybkCa4zBWTQbNgmK6k9A6"}
[0;0m[1;34m[node5] [09-11|21:32:36.240] INFO chains/manager.go:1180 creating proposervm wrapper {"activationTime": "[12-05|05:00:00.000]", "minPChainHeight": 0, "minBlockDelay": "0s", "numHistoricalBlocks": 0}
[0;0m[1;34m[node5] [09-11|21:32:36.240] INFO <C Chain> plugin/evm/vm.go:299 Initializing Coreth VM                   Version=v1.14.2 "libevm version"=1.13.14-0.4.0.rc.2 Config="{GasTarget:<nil> MinDelayTarget:<nil> AdminAPIEnabled:false AdminAPIDir: WarpAPIEnabled:false EnabledEthAPIs:[eth eth-filter net web3 internal-eth internal-blockchain internal-transaction internal-account] ContinuousProfilerDir: ContinuousProfilerFrequency:15m0s ContinuousProfilerMaxFiles:5 RPCGasCap:50000000 RPCTxFeeCap:100 TrieCleanCache:512 TrieDirtyCache:512 TrieDirtyCommitTarget:20 TriePrefetcherParallelism:16 SnapshotCache:256 Preimages:false SnapshotWait:false SnapshotVerify:false Pruning:true AcceptorQueueLimit:64 CommitInterval:4096 AllowMissingTries:false PopulateMissingTries:<nil> PopulateMissingTriesParallelism:1024 PruneWarpDB:false HistoricalProofQueryWindow:43200 MetricsExpensiveEnabled:false LocalTxsEnabled:false PriceOptionSlowFeePercentage:95 PriceOptionFastFeePercentage:105 PriceOptionMaxTip:20000000000 TxPoolPriceLimit:1 TxPoolPriceBump:10 TxPoolAccountSlots:16 TxPoolGlobalSlots:5120 TxPoolAccountQueue:64 TxPoolGlobalQueue:1024 TxPoolLifetime:10m0s APIMaxDuration:0s WSCPURefillRate:0s WSCPUMaxStored:0s MaxBlocksPerRequest:0 AllowUnfinalizedQueries:false AllowUnprotectedTxs:false AllowUnprotectedTxHashes:[0xfefb2da535e927b85fe68eb81cb2e4a5827c905f78381a01ef2322aa9b0aee8e] KeystoreDirectory: KeystoreExternalSigner: KeystoreInsecureUnlockAllowed:false PushGossipPercentStake:0.9 PushGossipNumValidators:100 PushGossipNumPeers:0 PushRegossipNumValidators:10 PushRegossipNumPeers:0 PushGossipFrequency:100ms PullGossipFrequency:1s RegossipFrequency:30s LogLevel:info LogJSONFormat:false OfflinePruning:false OfflinePruningBloomFilterSize:512 OfflinePruningDataDirectory: MaxOutboundActiveRequests:16 StateSyncEnabled:<nil> StateSyncSkipResume:false StateSyncServerTrieCache:64 StateSyncIDs: StateSyncCommitInterval:16384 StateSyncMinBlocks:300000 StateSyncRequestSize:1024 InspectDatabase:false SkipUpgradeCheck:false AcceptedCacheSize:32 TransactionHistory:0 StateHistory:32 SkipTxIndexing:false WarpOffChainMessages:[] HTTPBodyLimit:0 BatchRequestLimit:1000 BatchResponseMaxSize:25000000 StateScheme:}"
[0;0m[1;34m[node5] [09-11|21:32:36.240] INFO <C Chain> core/state_processor_ext.go:55 Activating new precompile                name=warpConfig config="{\"blockTimestamp\":1607144400,\"quorumNumerator\":0,\"requirePrimaryNetworkSigners\":false}"
[0;0m[1;34m[node5] [09-11|21:32:36.241] INFO <C Chain> /home/runner/go/pkg/mod/github.com/ava-labs/libevm@v1.13.14-0.4.0.rc.2/triedb/hashdb/database.go:448 Persisted trie from memory database      nodes=3 size=406.00B time="8.374µs" gcnodes=0 gcsize=0.00B gctime=0s livenodes=0 livesize=0.00B
[0;0m[1;34m[node5] [09-11|21:32:36.241] INFO <C Chain> plugin/evm/vm.go:339 read last accepted                       hash=608ddb..07b8b1 height=0
[0;0m[1;34m[node5] [09-11|21:32:36.241] INFO <C Chain> eth/backend.go:150 Allocated memory caches                  "trie clean"=512.00MiB "trie dirty"=512.00MiB "snapshot clean"=256.00MiB
[0;0m[1;34m[node5] [09-11|21:32:36.241] INFO <C Chain> /home/runner/go/pkg/mod/github.com/ava-labs/libevm@v1.13.14-0.4.0.rc.2/core/rawdb/accessors_trie.go:337 State scheme set to already existing     scheme=hash
[0;0m[1;34m[node5] [09-11|21:32:36.241] INFO <C Chain> eth/backend.go:198 Initialising Ethereum protocol           network=43112 dbversion=8
[0;0m[1;34m[node5] [09-11|21:32:36.241] INFO <C Chain> core/state_processor_ext.go:55 Activating new precompile                name=warpConfig config="{\"blockTimestamp\":1607144400,\"quorumNumerator\":0,\"requirePrimaryNetworkSigners\":false}"
[0;0m[1;34m[node5] [09-11|21:32:36.241] INFO <C Chain> /home/runner/go/pkg/mod/github.com/ava-labs/libevm@v1.13.14-0.4.0.rc.2/triedb/hashdb/database.go:448 Persisted trie from memory database      nodes=3 size=406.00B time="12.371µs" gcnodes=0 gcsize=0.00B gctime=0s livenodes=0 livesize=0.00B
[0;0m[1;34m[node5] [09-11|21:32:36.242] INFO <C Chain> core/blockchain.go:408 
[0;0m[1;34m[node5] [09-11|21:32:36.242] INFO <C Chain> core/blockchain.go:409 ---------------------------------------------------------------------------------------------------------------------------------------------------------
[0;0m[1;34m[node5] [09-11|21:32:36.242] INFO <C Chain> core/blockchain.go:411 Chain ID:  43112 (unknown)
[0;0m[1;34m[node5] [09-11|21:32:36.242] INFO <C Chain> core/blockchain.go:411 Consensus: unknown
[0;0m[1;34m[node5] [09-11|21:32:36.242] INFO <C Chain> core/blockchain.go:411 
[0;0m[1;34m[node5] [09-11|21:32:36.242] INFO <C Chain> core/blockchain.go:411 Pre-Merge hard forks (block based):
[0;0m[1;34m[node5] [09-11|21:32:36.242] INFO <C Chain> core/blockchain.go:411  - Homestead:                   #0        (https://github.com/ethereum/execution-specs/blob/master/network-upgrades/mainnet-upgrades/homestead.md)
[0;0m[1;34m[node5] [09-11|21:32:36.242] INFO <C Chain> core/blockchain.go:411  - DAO Fork:                    #0        (https://github.com/ethereum/execution-specs/blob/master/network-upgrades/mainnet-upgrades/dao-fork.md)
[0;0m[1;34m[node5] [09-11|21:32:36.242] INFO <C Chain> core/blockchain.go:411  - Tangerine Whistle (EIP 150): #0        (https://github.com/ethereum/execution-specs/blob/master/network-upgrades/mainnet-upgrades/tangerine-whistle.md)
[0;0m[1;34m[node5] [09-11|21:32:36.242] INFO <C Chain> core/blockchain.go:411  - Spurious Dragon/1 (EIP 155): #0        (https://github.com/ethereum/execution-specs/blob/master/network-upgrades/mainnet-upgrades/spurious-dragon.md)
[0;0m[1;34m[node5] [09-11|21:32:36.242] INFO <C Chain> core/blockchain.go:411  - Spurious Dragon/2 (EIP 158): #0        (https://github.com/ethereum/execution-specs/blob/master/network-upgrades/mainnet-upgrades/spurious-dragon.md)
[0;0m[1;34m[node5] [09-11|21:32:36.242] INFO <C Chain> core/blockchain.go:411  - Byzantium:                   #0        (https://github.com/ethereum/execution-specs/blob/master/network-upgrades/mainnet-upgrades/byzantium.md)
[0;0m[1;34m[node5] [09-11|21:32:36.242] INFO <C Chain> core/blockchain.go:411  - Constantinople:              #0        (https://github.com/ethereum/execution-specs/blob/master/network-upgrades/mainnet-upgrades/constantinople.md)
[0;0m[1;34m[node5] [09-11|21:32:36.242] INFO <C Chain> core/blockchain.go:411  - Petersburg:                  #0        (https://github.com/ethereum/execution-specs/blob/master/network-upgrades/mainnet-upgrades/petersburg.md)
[0;0m[1;34m[node5] [09-11|21:32:36.242] INFO <C Chain> core/blockchain.go:411  - Istanbul:                    #0        (https://github.com/ethereum/execution-specs/blob/master/network-upgrades/mainnet-upgrades/istanbul.md)
[0;0m[1;34m[node5] [09-11|21:32:36.242] INFO <C Chain> core/blockchain.go:411  - Muir Glacier:                #0        (https://github.com/ethereum/execution-specs/blob/master/network-upgrades/mainnet-upgrades/muir-glacier.md)
[0;0m[1;34m[node5] [09-11|21:32:36.242] INFO <C Chain> core/blockchain.go:411  - Berlin:                      #0        (https://github.com/ethereum/execution-specs/blob/master/network-upgrades/mainnet-upgrades/berlin.md)
[0;0m[1;34m[node5] [09-11|21:32:36.242] INFO <C Chain> core/blockchain.go:411  - London:                      #0        (https://github.com/ethereum/execution-specs/blob/master/network-upgrades/mainnet-upgrades/london.md)
[0;0m[1;34m[node5] [09-11|21:32:36.242] INFO <C Chain> core/blockchain.go:411 
[0;0m[1;34m[node5] [09-11|21:32:36.242] INFO <C Chain> core/blockchain.go:411 The Merge is not yet available for this network!
[0;0m[1;34m[node5] [09-11|21:32:36.242] INFO <C Chain> core/blockchain.go:411  - Hard-fork specification: https://github.com/ethereum/execution-specs/blob/master/network-upgrades/mainnet-upgrades/paris.md
[0;0m[1;34m[node5] [09-11|21:32:36.242] INFO <C Chain> core/blockchain.go:411 
[0;0m[1;34m[node5] [09-11|21:32:36.242] INFO <C Chain> core/blockchain.go:411 Post-Merge hard forks (timestamp based):
[0;0m[1;34m[node5] [09-11|21:32:36.242] INFO <C Chain> core/blockchain.go:411  - Shanghai:                    @1607144400 (https://github.com/ethereum/execution-specs/blob/master/network-upgrades/mainnet-upgrades/shanghai.md)
[0;0m[1;34m[node5] [09-11|21:32:36.242] INFO <C Chain> core/blockchain.go:411  - Cancun:                      @1607144400 (https://github.com/ethereum/execution-specs/blob/master/network-upgrades/mainnet-upgrades/cancun.md)
[0;0m[1;34m[node5] [09-11|21:32:36.242] INFO <C Chain> core/blockchain.go:411 Avalanche Upgrades (timestamp based):
[0;0m[1;34m[node5] [09-11|21:32:36.242] INFO <C Chain> core/blockchain.go:411  - Apricot Phase 1 Timestamp:        @1607144400 (https://github.com/ava-labs/avalanchego/releases/tag/v1.3.0)
[0;0m[1;34m[node5] [09-11|21:32:36.242] INFO <C Chain> core/blockchain.go:411  - Apricot Phase 2 Timestamp:        @1607144400 (https://github.com/ava-labs/avalanchego/releases/tag/v1.4.0)
[0;0m[1;34m[node5] [09-11|21:32:36.242] INFO <C Chain> core/blockchain.go:411  - Apricot Phase 3 Timestamp:        @1607144400 (https://github.com/ava-labs/avalanchego/releases/tag/v1.5.0)
[0;0m[1;34m[node5] [09-11|21:32:36.242] INFO <C Chain> core/blockchain.go:411  - Apricot Phase 4 Timestamp:        @1607144400 (https://github.com/ava-labs/avalanchego/releases/tag/v1.6.0)
[0;0m[1;34m[node5] [09-11|21:32:36.242] INFO <C Chain> core/blockchain.go:411  - Apricot Phase 5 Timestamp:        @1607144400 (https://github.com/ava-labs/avalanchego/releases/tag/v1.7.0)
[0;0m[1;34m[node5] [09-11|21:32:36.242] INFO <C Chain> core/blockchain.go:411  - Apricot Phase P6 Timestamp        @1607144400 (https://github.com/ava-labs/avalanchego/releases/tag/v1.8.0)
[0;0m[1;34m[node5] [09-11|21:32:36.242] INFO <C Chain> core/blockchain.go:411  - Apricot Phase 6 Timestamp:        @1607144400 (https://github.com/ava-labs/avalanchego/releases/tag/v1.8.0)
[0;0m[1;34m[node5] [09-11|21:32:36.242] INFO <C Chain> core/blockchain.go:411  - Apricot Phase Post-6 Timestamp:   @1607144400 (https://github.com/ava-labs/avalanchego/releases/tag/v1.8.0)
[0;0m[1;34m[node5] [09-11|21:32:36.242] INFO <C Chain> core/blockchain.go:411  - Banff Timestamp:                  @1607144400 (https://github.com/ava-labs/avalanchego/releases/tag/v1.9.0)
[0;0m[1;34m[node5] [09-11|21:32:36.242] INFO <C Chain> core/blockchain.go:411  - Cortina Timestamp:                @1607144400 (https://github.com/ava-labs/avalanchego/releases/tag/v1.10.0)
[0;0m[1;34m[node5] [09-11|21:32:36.242] INFO <C Chain> core/blockchain.go:411  - Durango Timestamp:                @1607144400 (https://github.com/ava-labs/avalanchego/releases/tag/v1.11.0)
[0;0m[1;34m[node5] [09-11|21:32:36.242] INFO <C Chain> core/blockchain.go:411  - Etna Timestamp:                   @1607144400 (https://github.com/ava-labs/avalanchego/releases/tag/v1.12.0)
[0;0m[1;34m[node5] [09-11|21:32:36.242] INFO <C Chain> core/blockchain.go:411  - Fortuna Timestamp:                @1607144400 (https://github.com/ava-labs/avalanchego/releases/tag/v1.13.0)
[0;0m[1;34m[node5] [09-11|21:32:36.242] INFO <C Chain> core/blockchain.go:411  - Granite Timestamp:                @1607144400 (https://github.com/ava-labs/avalanchego/releases/tag/v1.14.0)
[0;0m[1;34m[node5] [09-11|21:32:36.242] INFO <C Chain> core/blockchain.go:411  - Helicon Timestamp:                @253399622400 (Unscheduled)
[0;0m[1;34m[node5] [09-11|21:32:36.242] INFO <C Chain> core/blockchain.go:411 
[0;0m[1;34m[node5] [09-11|21:32:36.242] INFO <C Chain> core/blockchain.go:411 Upgrade Config: {"precompileUpgrades":[{"warpConfig":{"blockTimestamp":1607144400,"quorumNumerator":0,"requirePrimaryNetworkSigners":false}}]}
[0;0m[1;34m[node5] [09-11|21:32:36.242] INFO <C Chain> core/blockchain.go:411 
[0;0m[1;34m[node5] [09-11|21:32:36.242] INFO <C Chain> core/blockchain.go:413 ---------------------------------------------------------------------------------------------------------------------------------------------------------
[0;0m[1;34m[node5] [09-11|21:32:36.242] INFO <C Chain> core/blockchain.go:414 
[0;0m[1;34m[node5] [09-11|21:32:36.242] INFO <C Chain> core/blockchain.go:752 Loaded most recent local header          number=0 hash=608ddb..07b8b1 age=5y10mo6d
[0;0m[1;34m[node5] [09-11|21:32:36.242] INFO <C Chain> core/blockchain.go:753 Loaded most recent local full block      number=0 hash=608ddb..07b8b1 age=5y10mo6d
[0;0m[1;34m[node5] [09-11|21:32:36.242] INFO <C Chain> core/blockchain.go:1846 Loaded Acceptor tip                      hash=000000..000000
[0;0m[1;34m[node5] [09-11|21:32:36.242] INFO <C Chain> core/blockchain.go:1857 Skipping state reprocessing              root=328302..7a638f
[0;0m[1;34m[node5] [09-11|21:32:36.242] INFO <C Chain> core/blockchain.go:577 Not warming accepted cache because there are no accepted blocks
[0;0m[1;34m[node5] [09-11|21:32:36.242] INFO <C Chain> core/txpool/legacypool/legacypool.go:495 Legacy pool tip threshold updated        tip=0
[0;0m[1;34m[node5] [09-11|21:32:36.242] INFO <C Chain> core/blockchain.go:602 Starting Acceptor                        "queue length"=64
[0;0m[1;34m[node5] [09-11|21:32:36.243] INFO <C Chain> plugin/evm/atomic/state/atomic_backend.go:86 initializing atomic trie                 lastCommittedHeight=0
[0;0m[1;34m[node5] [09-11|21:32:36.243] INFO <C Chain> plugin/evm/atomic/state/atomic_backend.go:167 finished initializing atomic trie        lastAcceptedHeight=0 lastAcceptedAtomicRoot=56e81f..63b421 heightsIndexed=0 lastCommittedRoot=56e81f..63b421 lastCommittedHeight=0 time="52.957µs"
[0;0m[1;34m[node5] [09-11|21:32:36.243] INFO <C Chain> proposervm/vm.go:208 initialized proposervm {"state": "before fork"}
[0;0m[1;34m[node5] [09-11|21:32:36.243] INFO <C Chain> snowman/engine.go:98 initializing consensus engine
[0;0m[1;34m[node5] [09-11|21:32:36.243] INFO health/worker.go:115 registered new check and initialized its state to failing {"name": "health", "name": "C", "tags": ["11111111111111111111111111111111LpoYY"]}
[0;0m[1;34m[node5] [09-11|21:32:36.243] INFO <C Chain> plugin/evm/vm.go:1067 enabling apis                            apis="[eth eth-filter net web3 internal-eth internal-blockchain internal-transaction internal-account]"
[0;0m[1;34m[node5] [09-11|21:32:36.243] INFO <C Chain> plugin/evm/atomic/vm/vm.go:340 AVAX API enabled
[0;0m[1;34m[node5] [09-11|21:32:36.243] INFO server/server.go:216 adding route {"url": "/ext/bc/NeA134STyTVwife7gYeNQ6Hwi5GPGC2X7aUFvWsnusnpM2do6", "endpoint": "/rpc"}
[0;0m[1;34m[node5] [09-11|21:32:36.243] INFO server/server.go:216 adding route {"url": "/ext/bc/NeA134STyTVwife7gYeNQ6Hwi5GPGC2X7aUFvWsnusnpM2do6", "endpoint": "/ws"}
[0;0m[1;34m[node5] [09-11|21:32:36.243] INFO server/server.go:216 adding route {"url": "/ext/bc/NeA134STyTVwife7gYeNQ6Hwi5GPGC2X7aUFvWsnusnpM2do6", "endpoint": "/avax"}
[0;0m[1;34m[node5] [09-11|21:32:36.243] INFO server/server.go:216 adding route {"url": "/ext/bc/NeA134STyTVwife7gYeNQ6Hwi5GPGC2X7aUFvWsnusnpM2do6", "endpoint": "/proposervm"}
[0;0m[1;34m[node5] [09-11|21:32:36.244] INFO indexer/index.go:92 created new index {"nextAcceptedIndex": 0}
[0;0m[1;34m[node5] [09-11|21:32:36.244] INFO server/server.go:245 adding route {"url": "/ext/index/C", "endpoint": "/block"}
[0;0m[1;34m[node5] [09-11|21:32:36.244] INFO <C Chain> syncer/state_syncer.go:113 starting state sync
[0;0m[1;34m[node5] [09-11|21:32:36.244] INFO chains/manager.go:376 creating chain {"subnetID": "11111111111111111111111111111111LpoYY", "chainID": "2NuxE6iXPyM9tknyHCVkTGQVM6Bj2rYMNW7tRd4aNiXXE3oPcB", "vmID": "jvYyfQTxGMJLuGWa55kdP2p2zSUYsQ5Raupu4TW34ZAUBAbtq"}
[0;0m[1;34m[node5] [09-11|21:32:36.244] INFO <C Chain> syncer/state_syncer.go:469 starting state sync
[0;0m[1;34m[node5] [09-11|21:32:36.244] INFO <X Chain> avm/vm.go:153 VM config initialized {"config": {"network":{"max-validator-set-staleness":60000000000,"target-gossip-size":20480,"push-gossip-percent-stake":0.9,"push-gossip-num-validators":100,"push-gossip-num-peers":0,"push-regossip-num-validators":10,"push-regossip-num-peers":0,"push-gossip-discarded-cache-size":16384,"push-gossip-max-regossip-frequency":30000000000,"push-gossip-frequency":500000000,"pull-gossip-frequency":1500000000,"pull-gossip-throttling-period":3600000000000,"pull-gossip-requests-per-validator":2400,"expected-bloom-filter-elements":8192,"expected-bloom-filter-false-positive-probability":0.01,"max-bloom-filter-false-positive-probability":0.05},"checksums-enabled":false}}
[0;0m[1;34m[node5] [09-11|21:32:36.245] INFO <X Chain> avm/vm.go:523 fee asset is established {"alias": "AVAX", "assetID": "28VTWcsTZ55draGkmjdcS9CFFv4zC3PbvVjkyoqxzNC7Y5msRP"}
[0;0m[1;34m[node5] [09-11|21:32:36.245] INFO chains/manager.go:756 creating proposervm wrapper {"activationTime": "[12-05|05:00:00.000]", "minPChainHeight": 0, "minBlockDelay": "1s", "numHistoricalBlocks": 0}
[0;0m[1;34m[node5] [09-11|21:32:36.245] INFO <X Chain> snowman/engine.go:98 initializing consensus engine
[0;0m[1;34m[node5] [09-11|21:32:36.245] INFO health/worker.go:115 registered new check and initialized its state to failing {"name": "health", "name": "X", "tags": ["11111111111111111111111111111111LpoYY"]}
[0;0m[1;34m[node5] [09-11|21:32:36.245] INFO server/server.go:216 adding route {"url": "/ext/bc/2NuxE6iXPyM9tknyHCVkTGQVM6Bj2rYMNW7tRd4aNiXXE3oPcB", "endpoint": ""}
[0;0m[1;34m[node5] [09-11|21:32:36.245] INFO server/server.go:216 adding route {"url": "/ext/bc/2NuxE6iXPyM9tknyHCVkTGQVM6Bj2rYMNW7tRd4aNiXXE3oPcB", "endpoint": "/wallet"}
[0;0m[1;34m[node5] [09-11|21:32:36.245] INFO indexer/index.go:92 created new index {"nextAcceptedIndex": 0}
[0;0m[1;34m[node5] [09-11|21:32:36.245] INFO server/server.go:245 adding route {"url": "/ext/index/X", "endpoint": "/block"}
[0;0m[1;34m[node5] [09-11|21:32:36.247] INFO <C Chain> /home/runner/work/avalanchego-internal/avalanchego-internal/graft/evm/sync/engine/client.go:227 last accepted too close to most recent syncable block, skipping state sync lastAccepted=0 syncableHeight=0
[0;0m[1;34m[node5] [09-11|21:32:36.247] INFO indexer/index.go:92 created new index {"nextAcceptedIndex": 0}
[0;0m[1;34m[node5] [09-11|21:32:36.247] INFO server/server.go:245 adding route {"url": "/ext/index/X", "endpoint": "/vtx"}
[0;0m[1;34m[node5] [09-11|21:32:36.247] INFO <C Chain> syncer/state_syncer.go:391 accepted state summary {"summaryID": "hffnN9SXf6jsxQPxhMZjPJRvF9yeKpV9U4fQgfCWgUJomUPqe", "syncMode": "Skipped", "numTotalSummaries": 1}
[0;0m[1;34m[node5] [09-11|21:32:36.247] INFO indexer/index.go:92 created new index {"nextAcceptedIndex": 0}
[0;0m[1;34m[node5] [09-11|21:32:36.247] INFO server/server.go:245 adding route {"url": "/ext/index/X", "endpoint": "/tx"}
[0;0m[1;34m[node5] [09-11|21:32:36.247] INFO <C Chain> core/blockchain.go:1818 Initializing snapshots                   async=false rebuild=true headHash=608ddb..07b8b1 headRoot=328302..7a638f
[0;0m[1;34m[node5] [09-11|21:32:36.248] INFO <X Chain> bootstrap/bootstrapper.go:320 starting bootstrap
[0;0m[1;34m[node5] [09-11|21:32:36.248] INFO <X Chain> bootstrap/bootstrapper.go:600 executing transactions
[0;0m[1;34m[node5] [09-11|21:32:36.248] INFO <X Chain> queue/jobs.go:223 executed operations {"numExecuted": 0}
[0;0m[1;34m[node5] [09-11|21:32:36.248] INFO <X Chain> bootstrap/bootstrapper.go:612 executing vertices
[0;0m[1;34m[node5] [09-11|21:32:36.248] INFO <X Chain> queue/jobs.go:223 executed operations {"numExecuted": 0}
[0;0m[1;34m[node5] [09-11|21:32:36.248] INFO <C Chain> bootstrap/bootstrapper.go:192 starting bootstrapper {"lastAcceptedID": "jXM4J36kLkSjgg1XgdrSPGtqAHxwok4NdcSx8j1hCmGUna9Ac", "lastAcceptedHeight": 0}
[0;0m[1;34m[node5] [09-11|21:32:36.248] INFO <X Chain> proposervm/vm.go:208 initialized proposervm {"state": "before fork"}
[0;0m[1;34m[node5] [09-11|21:32:36.248] INFO <X Chain> bootstrap/bootstrapper.go:192 starting bootstrapper {"lastAcceptedID": "237MUBy5GzA7E67wBoPHQdSh2YL5s67GyUjjurmZvzn8UYgxSS", "lastAcceptedHeight": 0}
[0;0m[1;34m[node5] [09-11|21:32:36.249] INFO <X Chain> bootstrap/bootstrapper.go:397 starting to fetch blocks {"numKnownBlocks": 0, "numAcceptedBlocks": 1, "numMissingBlocks": 1}
[0;0m[1;34m[node5] [09-11|21:32:36.249] INFO <X Chain> bootstrap/storage.go:195 executing blocks {"numToExecute": 0}
[0;0m[1;34m[node5] [09-11|21:32:36.249] INFO <X Chain> bootstrap/storage.go:187 executed blocks {"numExecuted": 0, "numToExecute": 0, "halted": false, "duration": "25.448µs"}
[0;0m[1;34m[node5] [09-11|21:32:36.249] INFO <X Chain> bootstrap/bootstrapper.go:738 waiting for the remaining chains in this subnet to finish syncing
[0;0m[1;34m[node5] [09-11|21:32:36.251] INFO <C Chain> bootstrap/bootstrapper.go:397 starting to fetch blocks {"numKnownBlocks": 0, "numAcceptedBlocks": 1, "numMissingBlocks": 1}
[0;0m[1;34m[node5] [09-11|21:32:36.251] INFO <C Chain> bootstrap/storage.go:195 executing blocks {"numToExecute": 0}
[0;0m[1;34m[node5] [09-11|21:32:36.251] INFO <C Chain> bootstrap/storage.go:187 executed blocks {"numExecuted": 0, "numToExecute": 0, "halted": false, "duration": "22.099µs"}
[0;0m[1;34m[node5] [09-11|21:32:36.251] INFO <C Chain> snowman/engine.go:511 starting consensus {"lastAcceptedID": "jXM4J36kLkSjgg1XgdrSPGtqAHxwok4NdcSx8j1hCmGUna9Ac", "lastAcceptedHeight": 0}
[0;0m[1;34m[node5] [09-11|21:32:36.251] INFO <P Chain> snowman/engine.go:511 starting consensus {"lastAcceptedID": "2YDe9WGVREm2ajmzCAC7rsheELRrAdjyCMNyQt12Dp6r9HQau", "lastAcceptedHeight": 6}
[0;0m[1;34m[node5] [09-11|21:32:36.251] INFO <X Chain> snowman/engine.go:511 starting consensus {"lastAcceptedID": "237MUBy5GzA7E67wBoPHQdSh2YL5s67GyUjjurmZvzn8UYgxSS", "lastAcceptedHeight": 0}
[0;0m[1;34m[node5] [09-11|21:32:36.251] INFO <P Chain> validators/logger.go:50 node added to validator set {"subnetID": "11111111111111111111111111111111LpoYY", "nodeID": "NodeID-P7oB2McjBGgW2NXXWVYjV8JEDFoW9xDE5", "publicKey": "0xa37e938a8e1fb71286ae1a9dc81585bae5c63d8cae3b95160ce9acce621c8ee64afa0491a2c757ba24d8be2da1052090", "txID": "Gj6q3cUZmsxtKFrbMtFWoYJHZ6Kpg9WjrEkA1Me7ur8NPMcPp", "weight": 2000000000000000}
[0;0m[1;34m[node5] [09-11|21:32:36.251] INFO <P Chain> validators/logger.go:50 node added to validator set {"subnetID": "99qx6GvmNDqvtLVdVkzBJs2qrjVJ94gZKmauAUWJGJDMdHA41", "nodeID": "NodeID-P7oB2McjBGgW2NXXWVYjV8JEDFoW9xDE5", "publicKey": "0xa37e938a8e1fb71286ae1a9dc81585bae5c63d8cae3b95160ce9acce621c8ee64afa0491a2c757ba24d8be2da1052090", "txID": "2pauisGhMLZ2Ru8LvyJ2ZxQ3zdPMyMBtYx3tqToWKngVHYzHcs", "weight": 1000}
[0;0m[1;36m[node1] [09-11|21:32:36.436] INFO health/worker.go:261 check started passing {"name": "health", "name": "C", "tags": ["11111111111111111111111111111111LpoYY"]}
[0;0m[1;36m[node1] [09-11|21:32:36.436] INFO health/worker.go:261 check started passing {"name": "health", "name": "X", "tags": ["11111111111111111111111111111111LpoYY"]}
[0;0m[0;35m[node2] [09-11|21:32:36.633] INFO health/worker.go:261 check started passing {"name": "health", "name": "X", "tags": ["11111111111111111111111111111111LpoYY"]}
[0;0m[0;35m[node2] [09-11|21:32:36.633] INFO health/worker.go:261 check started passing {"name": "health", "name": "C", "tags": ["11111111111111111111111111111111LpoYY"]}
[0;0m[1;33m[node3] [09-11|21:32:36.816] INFO health/worker.go:261 check started passing {"name": "health", "name": "C", "tags": ["11111111111111111111111111111111LpoYY"]}
[0;0m[1;33m[node3] [09-11|21:32:36.816] INFO health/worker.go:261 check started passing {"name": "health", "name": "X", "tags": ["11111111111111111111111111111111LpoYY"]}
[0;0m[1;36m[node1] [09-11|21:32:36.984] WARN health/health.go:110 failing check {"namespace": "health", "reason": {"C":{"message":{"engine":{"consensus":{},"vm":null},"networking":{"disconnectedValidators":[],"percentConnected":1}},"timestamp":"2026-09-11T21:32:36.436640674Z","duration":8827},"P":{"message":{"engine":{"consensus":{},"vm":null},"networking":{"disconnectedValidators":[],"percentConnected":1}},"timestamp":"2026-09-11T21:32:36.436631421Z","duration":26910},"X":{"message":{"engine":{"consensus":{},"vm":null},"networking":{"disconnectedValidators":[],"percentConnected":1}},"timestamp":"2026-09-11T21:32:36.436705238Z","duration":13684},"bls":{"message":"node has the correct BLS key","timestamp":"2026-09-11T21:32:36.436570333Z","duration":9363},"bootstrapped":{"message":["11111111111111111111111111111111LpoYY"],"error":"subnets not bootstrapped","timestamp":"2026-09-11T21:32:36.43669544Z","duration":2568,"contiguousFailures":3,"timeOfFirstFailure":"2026-09-11T21:32:32.436678856Z"},"database":{"timestamp":"2026-09-11T21:32:36.436688268Z","duration":13515},"diskspace":{"message":{"availableDiskBytes":1245012340736,"availableDiskPercentage":29},"timestamp":"2026-09-11T21:32:36.436692012Z","duration":4457},"futureupgrade":{"message":{"localUpgradeTime":"2020-12-05T05:00:00Z","modeUpgradeTime":"2020-12-05T05:00:00Z","modeUpgradeWeightPercentage":80,"numUpgradeTimes":1},"timestamp":"2026-09-11T21:32:36.436603858Z","duration":32795},"network":{"message":{"connectedPeers":4,"sendFailRate":0,"timeSinceLastMsgReceived":"436.544001ms","timeSinceLastMsgSent":"436.544001ms"},"timestamp":"2026-09-11T21:32:36.436547531Z","duration":11031},"router":{"message":{"longestRunningRequest":"358.737169ms","outstandingRequests":3},"timestamp":"2026-09-11T21:32:36.436711395Z","duration":13624}}}
[0;0m[1;33m[node3] [09-11|21:32:36.985] WARN health/health.go:110 failing check {"namespace": "health", "reason": {"C":{"message":{"engine":{"consensus":{},"vm":null},"networking":{"disconnectedValidators":[],"percentConnected":1}},"timestamp":"2026-09-11T21:32:36.816032313Z","duration":12230},"P":{"message":{"engine":{"consensus":{},"vm":null},"networking":{"disconnectedValidators":[],"percentConnected":1}},"timestamp":"2026-09-11T21:32:36.816135339Z","duration":22600},"X":{"message":{"engine":{"consensus":{},"vm":null},"networking":{"disconnectedValidators":[],"percentConnected":1}},"timestamp":"2026-09-11T21:32:36.816143916Z","duration":5254},"bls":{"message":"node has the correct BLS key","timestamp":"2026-09-11T21:32:36.816010066Z","duration":10794},"bootstrapped":{"message":["11111111111111111111111111111111LpoYY"],"error":"subnets not bootstrapped","timestamp":"2026-09-11T21:32:36.816138217Z","duration":2457,"contiguousFailures":3,"timeOfFirstFailure":"2026-09-11T21:32:32.815871225Z"},"database":{"timestamp":"2026-09-11T21:32:36.816167994Z","duration":5560},"diskspace":{"message":{"availableDiskBytes":1245012230144,"availableDiskPercentage":29},"timestamp":"2026-09-11T21:32:36.816095382Z","duration":3758},"futureupgrade":{"message":{"localUpgradeTime":"2020-12-05T05:00:00Z","modeUpgradeTime":"2020-12-05T05:00:00Z","modeUpgradeWeightPercentage":80,"numUpgradeTimes":1},"timestamp":"2026-09-11T21:32:36.816112345Z","duration":16558},"network":{"message":{"connectedPeers":4,"sendFailRate":0,"timeSinceLastMsgReceived":"816.15737ms","timeSinceLastMsgSent":"816.15737ms"},"timestamp":"2026-09-11T21:32:36.8161587Z","duration":4112},"router":{"message":{"longestRunningRequest":"738.217351ms","outstandingRequests":3},"timestamp":"2026-09-11T21:32:36.816162162Z","duration":3067}}}
[0;0m[0;35m[node2] [09-11|21:32:36.985] WARN health/health.go:110 failing check {"namespace": "health", "reason": {"C":{"message":{"engine":{"consensus":{},"vm":null},"networking":{"disconnectedValidators":[],"percentConnected":1}},"timestamp":"2026-09-11T21:32:36.633646863Z","duration":7825},"P":{"message":{"engine":{"consensus":{},"vm":null},"networking":{"disconnectedValidators":[],"percentConnected":1}},"timestamp":"2026-09-11T21:32:36.633564694Z","duration":19030},"X":{"message":{"engine":{"consensus":{},"vm":null},"networking":{"disconnectedValidators":[],"percentConnected":1}},"timestamp":"2026-09-11T21:32:36.633575606Z","duration":5795},"bls":{"message":"node has the correct BLS key","timestamp":"2026-09-11T21:32:36.633638907Z","duration":11690},"bootstrapped":{"message":["11111111111111111111111111111111LpoYY"],"error":"subnets not bootstrapped","timestamp":"2026-09-11T21:32:36.633568908Z","duration":3548,"contiguousFailures":3,"timeOfFirstFailure":"2026-09-11T21:32:32.633289847Z"},"database":{"timestamp":"2026-09-11T21:32:36.633664094Z","duration":4847},"diskspace":{"message":{"availableDiskBytes":1245012340736,"availableDiskPercentage":29},"timestamp":"2026-09-11T21:32:36.633626925Z","duration":3950},"futureupgrade":{"message":{"localUpgradeTime":"2020-12-05T05:00:00Z","modeUpgradeTime":"2020-12-05T05:00:00Z","modeUpgradeWeightPercentage":80,"numUpgradeTimes":1},"timestamp":"2026-09-11T21:32:36.633544197Z","duration":31262},"network":{"message":{"connectedPeers":4,"sendFailRate":0,"timeSinceLastMsgReceived":"633.62057ms","timeSinceLastMsgSent":"633.62057ms"},"timestamp":"2026-09-11T21:32:36.633622052Z","duration":4627},"router":{"message":{"longestRunningRequest":"555.684215ms","outstandingRequests":2},"timestamp":"2026-09-11T21:32:36.633658979Z","duration":4124}}}
[0;0m[1;34m[node5] [09-11|21:32:36.985] WARN health/health.go:110 failing check {"namespace": "health", "reason": {"C":{"error":"not yet run","timestamp":"0001-01-01T00:00:00Z","duration":0},"P":{"message":{"engine":{"consensus":{},"vm":null},"networking":{"disconnectedValidators":[],"percentConnected":1}},"timestamp":"2026-09-11T21:32:35.203778005Z","duration":15771},"X":{"error":"not yet run","timestamp":"0001-01-01T00:00:00Z","duration":0},"bls":{"message":"node has the correct BLS key","timestamp":"2026-09-11T21:32:35.203743538Z","duration":6040},"bootstrapped":{"message":["11111111111111111111111111111111LpoYY"],"error":"subnets not bootstrapped","timestamp":"2026-09-11T21:32:35.203707399Z","duration":7705,"contiguousFailures":2,"timeOfFirstFailure":"2026-09-11T21:32:33.203706189Z"},"database":{"timestamp":"2026-09-11T21:32:35.20373139Z","duration":9257},"diskspace":{"message":{"availableDiskBytes":1245012631552,"availableDiskPercentage":29},"timestamp":"2026-09-11T21:32:35.203736794Z","duration":4761},"futureupgrade":{"message":{"localUpgradeTime":"2020-12-05T05:00:00Z","modeUpgradeTime":"2020-12-05T05:00:00Z","modeUpgradeWeightPercentage":80,"numUpgradeTimes":1},"timestamp":"2026-09-11T21:32:35.203761537Z","duration":17671},"network":{"message":{"connectedPeers":4,"sendFailRate":0,"timeSinceLastMsgReceived":"1.203714029s","timeSinceLastMsgSent":"2.203714029s"},"timestamp":"2026-09-11T21:32:35.203716513Z","duration":7118},"router":{"message":{"longestRunningRequest":"3.965975219s","outstandingRequests":1},"timestamp":"2026-09-11T21:32:35.203721535Z","duration":4340}}}
[0;0m[0;36m[node4] [09-11|21:32:37.038] INFO health/worker.go:261 check started passing {"name": "health", "name": "C", "tags": ["11111111111111111111111111111111LpoYY"]}
[0;0m[0;36m[node4] [09-11|21:32:37.038] INFO health/worker.go:261 check started passing {"name": "health", "name": "X", "tags": ["11111111111111111111111111111111LpoYY"]}
[0;0m[0;36m[node4] [09-11|21:32:37.055] WARN health/health.go:110 failing check {"namespace": "health", "reason": {"C":{"message":{"engine":{"consensus":{},"vm":null},"networking":{"disconnectedValidators":[],"percentConnected":1}},"timestamp":"2026-09-11T21:32:37.038333172Z","duration":6467},"P":{"message":{"engine":{"consensus":{},"vm":null},"networking":{"disconnectedValidators":[],"percentConnected":1}},"timestamp":"2026-09-11T21:32:37.038322773Z","duration":18417},"X":{"message":{"engine":{"consensus":{},"vm":null},"networking":{"disconnectedValidators":[],"percentConnected":1}},"timestamp":"2026-09-11T21:32:37.038381239Z","duration":5481},"bls":{"message":"node has the correct BLS key","timestamp":"2026-09-11T21:32:37.038406267Z","duration":5035},"bootstrapped":{"message":["11111111111111111111111111111111LpoYY"],"error":"subnets not bootstrapped","timestamp":"2026-09-11T21:32:37.038325847Z","duration":2457,"contiguousFailures":3,"timeOfFirstFailure":"2026-09-11T21:32:33.038718499Z"},"database":{"timestamp":"2026-09-11T21:32:37.038396153Z","duration":6655},"diskspace":{"message":{"availableDiskBytes":1245012230144,"availableDiskPercentage":29},"timestamp":"2026-09-11T21:32:37.03841182Z","duration":3225},"futureupgrade":{"message":{"localUpgradeTime":"2020-12-05T05:00:00Z","modeUpgradeTime":"2020-12-05T05:00:00Z","modeUpgradeWeightPercentage":80,"numUpgradeTimes":1},"timestamp":"2026-09-11T21:32:37.038293819Z","duration":40839},"network":{"message":{"connectedPeers":4,"sendFailRate":0,"timeSinceLastMsgReceived":"38.435859ms","timeSinceLastMsgSent":"1.038435859s"},"timestamp":"2026-09-11T21:32:37.038439668Z","duration":37715},"router":{"message":{"longestRunningRequest":"959.938221ms","outstandingRequests":2},"timestamp":"2026-09-11T21:32:37.038400715Z","duration":3837}}}
[0;0m[1;34m[node5] [09-11|21:32:37.204] INFO health/worker.go:261 check started passing {"name": "health", "name": "C", "tags": ["11111111111111111111111111111111LpoYY"]}
[0;0m[1;34m[node5] [09-11|21:32:37.204] INFO health/worker.go:261 check started passing {"name": "health", "name": "bootstrapped", "tags": ["application"]}
[0;0m[1;34m[node5] [09-11|21:32:37.204] INFO health/worker.go:261 check started passing {"name": "readiness", "name": "bootstrapped", "tags": ["application"]}
[0;0m[1;34m[node5] [09-11|21:32:37.204] INFO health/worker.go:261 check started passing {"name": "health", "name": "X", "tags": ["11111111111111111111111111111111LpoYY"]}
[0;0m[1;33m[node3] [09-11|21:32:38.079] INFO <C Chain> /home/runner/work/avalanchego-internal/avalanchego-internal/graft/evm/sync/engine/client.go:227 last accepted too close to most recent syncable block, skipping state sync lastAccepted=0 syncableHeight=0
[0;0m[1;33m[node3] [09-11|21:32:38.079] INFO <C Chain> syncer/state_syncer.go:391 accepted state summary {"summaryID": "hffnN9SXf6jsxQPxhMZjPJRvF9yeKpV9U4fQgfCWgUJomUPqe", "syncMode": "Skipped", "numTotalSummaries": 1}
[0;0m[1;33m[node3] [09-11|21:32:38.079] INFO <C Chain> core/blockchain.go:1818 Initializing snapshots                   async=false rebuild=true headHash=608ddb..07b8b1 headRoot=328302..7a638f
[0;0m[1;33m[node3] [09-11|21:32:38.079] INFO <C Chain> bootstrap/bootstrapper.go:192 starting bootstrapper {"lastAcceptedID": "jXM4J36kLkSjgg1XgdrSPGtqAHxwok4NdcSx8j1hCmGUna9Ac", "lastAcceptedHeight": 0}
[0;0m[0;35m[node2] [09-11|21:32:38.079] INFO <C Chain> /home/runner/work/avalanchego-internal/avalanchego-internal/graft/evm/sync/engine/client.go:227 last accepted too close to most recent syncable block, skipping state sync lastAccepted=0 syncableHeight=0
[0;0m[1;36m[node1] [09-11|21:32:38.079] INFO <C Chain> /home/runner/work/avalanchego-internal/avalanchego-internal/graft/evm/sync/engine/client.go:227 last accepted too close to most recent syncable block, skipping state sync lastAccepted=0 syncableHeight=0
[0;0m[0;35m[node2] [09-11|21:32:38.079] INFO <C Chain> syncer/state_syncer.go:391 accepted state summary {"summaryID": "hffnN9SXf6jsxQPxhMZjPJRvF9yeKpV9U4fQgfCWgUJomUPqe", "syncMode": "Skipped", "numTotalSummaries": 1}
[0;0m[1;36m[node1] [09-11|21:32:38.079] INFO <C Chain> syncer/state_syncer.go:391 accepted state summary {"summaryID": "hffnN9SXf6jsxQPxhMZjPJRvF9yeKpV9U4fQgfCWgUJomUPqe", "syncMode": "Skipped", "numTotalSummaries": 1}
[0;0m[0;35m[node2] [09-11|21:32:38.079] INFO <C Chain> core/blockchain.go:1818 Initializing snapshots                   async=false rebuild=true headHash=608ddb..07b8b1 headRoot=328302..7a638f
[0;0m[1;36m[node1] [09-11|21:32:38.079] INFO <C Chain> core/blockchain.go:1818 Initializing snapshots                   async=false rebuild=true headHash=608ddb..07b8b1 headRoot=328302..7a638f
[0;0m[0;35m[node2] [09-11|21:32:38.080] INFO <C Chain> bootstrap/bootstrapper.go:192 starting bootstrapper {"lastAcceptedID": "jXM4J36kLkSjgg1XgdrSPGtqAHxwok4NdcSx8j1hCmGUna9Ac", "lastAcceptedHeight": 0}
[0;0m[1;36m[node1] [09-11|21:32:38.080] INFO <C Chain> bootstrap/bootstrapper.go:192 starting bootstrapper {"lastAcceptedID": "jXM4J36kLkSjgg1XgdrSPGtqAHxwok4NdcSx8j1hCmGUna9Ac", "lastAcceptedHeight": 0}
[0;0m[0;36m[node4] [09-11|21:32:38.080] INFO <C Chain> /home/runner/work/avalanchego-internal/avalanchego-internal/graft/evm/sync/engine/client.go:227 last accepted too close to most recent syncable block, skipping state sync lastAccepted=0 syncableHeight=0
[0;0m[0;36m[node4] [09-11|21:32:38.080] INFO <C Chain> syncer/state_syncer.go:391 accepted state summary {"summaryID": "hffnN9SXf6jsxQPxhMZjPJRvF9yeKpV9U4fQgfCWgUJomUPqe", "syncMode": "Skipped", "numTotalSummaries": 1}
[0;0m[0;36m[node4] [09-11|21:32:38.080] INFO <C Chain> core/blockchain.go:1818 Initializing snapshots                   async=false rebuild=true headHash=608ddb..07b8b1 headRoot=328302..7a638f
[0;0m[1;36m[node1] [09-11|21:32:38.080] INFO <X Chain> bootstrap/bootstrapper.go:397 starting to fetch blocks {"numKnownBlocks": 0, "numAcceptedBlocks": 1, "numMissingBlocks": 1}
[0;0m[1;36m[node1] [09-11|21:32:38.080] INFO <X Chain> bootstrap/storage.go:195 executing blocks {"numToExecute": 0}
[0;0m[1;36m[node1] [09-11|21:32:38.080] INFO <X Chain> bootstrap/storage.go:187 executed blocks {"numExecuted": 0, "numToExecute": 0, "halted": false, "duration": "28.522µs"}
[0;0m[1;36m[node1] [09-11|21:32:38.080] INFO <X Chain> bootstrap/bootstrapper.go:738 waiting for the remaining chains in this subnet to finish syncing
[0;0m[0;36m[node4] [09-11|21:32:38.080] INFO <C Chain> bootstrap/bootstrapper.go:192 starting bootstrapper {"lastAcceptedID": "jXM4J36kLkSjgg1XgdrSPGtqAHxwok4NdcSx8j1hCmGUna9Ac", "lastAcceptedHeight": 0}
[0;0m[1;33m[node3] [09-11|21:32:38.080] INFO <X Chain> bootstrap/bootstrapper.go:397 starting to fetch blocks {"numKnownBlocks": 0, "numAcceptedBlocks": 1, "numMissingBlocks": 1}
[0;0m[1;33m[node3] [09-11|21:32:38.080] INFO <X Chain> bootstrap/storage.go:195 executing blocks {"numToExecute": 0}
[0;0m[1;33m[node3] [09-11|21:32:38.080] INFO <X Chain> bootstrap/storage.go:187 executed blocks {"numExecuted": 0, "numToExecute": 0, "halted": false, "duration": "23.151µs"}
[0;0m[1;33m[node3] [09-11|21:32:38.080] INFO <X Chain> bootstrap/bootstrapper.go:738 waiting for the remaining chains in this subnet to finish syncing
[0;0m[1;33m[node3] [09-11|21:32:38.081] INFO <C Chain> bootstrap/bootstrapper.go:397 starting to fetch blocks {"numKnownBlocks": 0, "numAcceptedBlocks": 1, "numMissingBlocks": 1}
[0;0m[1;33m[node3] [09-11|21:32:38.081] INFO <C Chain> bootstrap/storage.go:195 executing blocks {"numToExecute": 0}
[0;0m[1;33m[node3] [09-11|21:32:38.081] INFO <C Chain> bootstrap/storage.go:187 executed blocks {"numExecuted": 0, "numToExecute": 0, "halted": false, "duration": "24.777µs"}
[0;0m[0;36m[node4] [09-11|21:32:38.081] INFO <X Chain> bootstrap/bootstrapper.go:397 starting to fetch blocks {"numKnownBlocks": 0, "numAcceptedBlocks": 1, "numMissingBlocks": 1}
[0;0m[0;35m[node2] [09-11|21:32:38.081] INFO <C Chain> bootstrap/bootstrapper.go:397 starting to fetch blocks {"numKnownBlocks": 0, "numAcceptedBlocks": 1, "numMissingBlocks": 1}
[0;0m[1;33m[node3] [09-11|21:32:38.081] INFO <C Chain> snowman/engine.go:511 starting consensus {"lastAcceptedID": "jXM4J36kLkSjgg1XgdrSPGtqAHxwok4NdcSx8j1hCmGUna9Ac", "lastAcceptedHeight": 0}
[0;0m[1;33m[node3] [09-11|21:32:38.081] INFO <X Chain> snowman/engine.go:511 starting consensus {"lastAcceptedID": "237MUBy5GzA7E67wBoPHQdSh2YL5s67GyUjjurmZvzn8UYgxSS", "lastAcceptedHeight": 0}
[0;0m[0;36m[node4] [09-11|21:32:38.081] INFO <X Chain> bootstrap/storage.go:195 executing blocks {"numToExecute": 0}
[0;0m[0;35m[node2] [09-11|21:32:38.081] INFO <C Chain> bootstrap/storage.go:195 executing blocks {"numToExecute": 0}
[0;0m[0;35m[node2] [09-11|21:32:38.081] INFO <C Chain> bootstrap/storage.go:187 executed blocks {"numExecuted": 0, "numToExecute": 0, "halted": false, "duration": "17.399µs"}
[0;0m[0;35m[node2] [09-11|21:32:38.081] INFO <C Chain> bootstrap/bootstrapper.go:738 waiting for the remaining chains in this subnet to finish syncing
[0;0m[0;36m[node4] [09-11|21:32:38.081] INFO <X Chain> bootstrap/storage.go:187 executed blocks {"numExecuted": 0, "numToExecute": 0, "halted": false, "duration": "38.102µs"}
[0;0m[0;36m[node4] [09-11|21:32:38.081] INFO <X Chain> bootstrap/bootstrapper.go:738 waiting for the remaining chains in this subnet to finish syncing
[0;0m[1;36m[node1] [09-11|21:32:38.081] INFO <C Chain> bootstrap/bootstrapper.go:397 starting to fetch blocks {"numKnownBlocks": 0, "numAcceptedBlocks": 1, "numMissingBlocks": 1}
[0;0m[1;33m[node3] [09-11|21:32:38.081] INFO <P Chain> snowman/engine.go:511 starting consensus {"lastAcceptedID": "2YDe9WGVREm2ajmzCAC7rsheELRrAdjyCMNyQt12Dp6r9HQau", "lastAcceptedHeight": 6}
[0;0m[1;36m[node1] [09-11|21:32:38.081] INFO <C Chain> bootstrap/storage.go:195 executing blocks {"numToExecute": 0}
[0;0m[1;33m[node3] [09-11|21:32:38.081] INFO <P Chain> validators/logger.go:50 node added to validator set {"subnetID": "11111111111111111111111111111111LpoYY", "nodeID": "NodeID-NFBbbJ4qCmNaCzeW7sxErhvWqvEQMnYcN", "publicKey": "0xb20ab07ea5cf8b77ab50f2071a6f1d2aab693c8bd89761430cd29de9fa0dbae83a32c7697d59ff1b06995b1596c16fa6", "txID": "28JxZLJsEqTGuP9MK5vpb4DDzMpRkRXBGekNAj3skM8uzEw9p1", "weight": 2000000000000000}
[0;0m[1;36m[node1] [09-11|21:32:38.081] INFO <C Chain> bootstrap/storage.go:187 executed blocks {"numExecuted": 0, "numToExecute": 0, "halted": false, "duration": "24.606µs"}
[0;0m[1;33m[node3] [09-11|21:32:38.081] INFO <P Chain> validators/logger.go:50 node added to validator set {"subnetID": "99qx6GvmNDqvtLVdVkzBJs2qrjVJ94gZKmauAUWJGJDMdHA41", "nodeID": "NodeID-NFBbbJ4qCmNaCzeW7sxErhvWqvEQMnYcN", "publicKey": "0xb20ab07ea5cf8b77ab50f2071a6f1d2aab693c8bd89761430cd29de9fa0dbae83a32c7697d59ff1b06995b1596c16fa6", "txID": "NczvSQZo7nUFh5kar5hd8tDHtzM8iAs2g4Sva2Srhek4pKBKx", "weight": 1000}
[0;0m[1;36m[node1] [09-11|21:32:38.081] INFO <C Chain> snowman/engine.go:511 starting consensus {"lastAcceptedID": "jXM4J36kLkSjgg1XgdrSPGtqAHxwok4NdcSx8j1hCmGUna9Ac", "lastAcceptedHeight": 0}
[0;0m[0;36m[node4] [09-11|21:32:38.081] INFO <C Chain> bootstrap/bootstrapper.go:397 starting to fetch blocks {"numKnownBlocks": 0, "numAcceptedBlocks": 1, "numMissingBlocks": 1}
[0;0m[1;36m[node1] [09-11|21:32:38.081] INFO <P Chain> snowman/engine.go:511 starting consensus {"lastAcceptedID": "2YDe9WGVREm2ajmzCAC7rsheELRrAdjyCMNyQt12Dp6r9HQau", "lastAcceptedHeight": 6}
[0;0m[1;36m[node1] [09-11|21:32:38.081] INFO <X Chain> snowman/engine.go:511 starting consensus {"lastAcceptedID": "237MUBy5GzA7E67wBoPHQdSh2YL5s67GyUjjurmZvzn8UYgxSS", "lastAcceptedHeight": 0}
[0;0m[1;36m[node1] [09-11|21:32:38.081] INFO <P Chain> validators/logger.go:50 node added to validator set {"subnetID": "11111111111111111111111111111111LpoYY", "nodeID": "NodeID-7Xhw2mDxuDS44j42TCB6U5579esbSt3Lg", "publicKey": "0xb3ebbe748a1f06d19ee25d4e345ba8d6b5a426498a140c2519b518e3e6224abd7895075892f361acf24c10af968bc7de", "txID": "SGaJpi43SqJKFMU7fG75jjxPjoJkur158bqJBH5PYG4RGuRpR", "weight": 2000000000000000}
[0;0m[1;36m[node1] [09-11|21:32:38.081] INFO <P Chain> validators/logger.go:50 node added to validator set {"subnetID": "99qx6GvmNDqvtLVdVkzBJs2qrjVJ94gZKmauAUWJGJDMdHA41", "nodeID": "NodeID-7Xhw2mDxuDS44j42TCB6U5579esbSt3Lg", "publicKey": "0xb3ebbe748a1f06d19ee25d4e345ba8d6b5a426498a140c2519b518e3e6224abd7895075892f361acf24c10af968bc7de", "txID": "2ivXGQhJt7SEMwFqeypbS7U4GPRmPK66Vg4fPbNBNeURKVXcA", "weight": 1000}
[0;0m[0;36m[node4] [09-11|21:32:38.081] INFO <C Chain> bootstrap/storage.go:195 executing blocks {"numToExecute": 0}
[0;0m[0;36m[node4] [09-11|21:32:38.081] INFO <C Chain> bootstrap/storage.go:187 executed blocks {"numExecuted": 0, "numToExecute": 0, "halted": false, "duration": "24.634µs"}
[0;0m[0;36m[node4] [09-11|21:32:38.081] INFO <C Chain> snowman/engine.go:511 starting consensus {"lastAcceptedID": "jXM4J36kLkSjgg1XgdrSPGtqAHxwok4NdcSx8j1hCmGUna9Ac", "lastAcceptedHeight": 0}
[0;0m[0;36m[node4] [09-11|21:32:38.081] INFO <X Chain> snowman/engine.go:511 starting consensus {"lastAcceptedID": "237MUBy5GzA7E67wBoPHQdSh2YL5s67GyUjjurmZvzn8UYgxSS", "lastAcceptedHeight": 0}
[0;0m[0;36m[node4] [09-11|21:32:38.081] INFO <P Chain> snowman/engine.go:511 starting consensus {"lastAcceptedID": "2YDe9WGVREm2ajmzCAC7rsheELRrAdjyCMNyQt12Dp6r9HQau", "lastAcceptedHeight": 6}
[0;0m[0;36m[node4] [09-11|21:32:38.081] INFO <P Chain> validators/logger.go:50 node added to validator set {"subnetID": "11111111111111111111111111111111LpoYY", "nodeID": "NodeID-GWPcbFJZFfZreETSoWjPimr846mXEKCtu", "publicKey": "0xb43f74196c2b9e9980f815a99288ef76166b42e93663dcbce3526f9652cdb58b31a3d68798b08fb9806024620ca1d6cd", "txID": "RnPq7DXzTwFhNWfhgJ7E4NKpEYJJWGLw2qJnH8ydvcXKGVKUR", "weight": 2000000000000000}
[0;0m[0;36m[node4] [09-11|21:32:38.081] INFO <P Chain> validators/logger.go:50 node added to validator set {"subnetID": "99qx6GvmNDqvtLVdVkzBJs2qrjVJ94gZKmauAUWJGJDMdHA41", "nodeID": "NodeID-GWPcbFJZFfZreETSoWjPimr846mXEKCtu", "publicKey": "0xb43f74196c2b9e9980f815a99288ef76166b42e93663dcbce3526f9652cdb58b31a3d68798b08fb9806024620ca1d6cd", "txID": "u3Z9KSk8QdiSZskECxtbRYSRbUPeWw9kVeos7pJefdhE4xJSK", "weight": 1000}
[0;0m[0;35m[node2] [09-11|21:32:38.082] INFO <X Chain> bootstrap/bootstrapper.go:397 starting to fetch blocks {"numKnownBlocks": 0, "numAcceptedBlocks": 1, "numMissingBlocks": 1}
[0;0m[0;35m[node2] [09-11|21:32:38.083] INFO <X Chain> bootstrap/storage.go:195 executing blocks {"numToExecute": 0}
[0;0m[0;35m[node2] [09-11|21:32:38.083] INFO <X Chain> bootstrap/storage.go:187 executed blocks {"numExecuted": 0, "numToExecute": 0, "halted": false, "duration": "24.538µs"}
[0;0m[0;35m[node2] [09-11|21:32:38.083] INFO <X Chain> snowman/engine.go:511 starting consensus {"lastAcceptedID": "237MUBy5GzA7E67wBoPHQdSh2YL5s67GyUjjurmZvzn8UYgxSS", "lastAcceptedHeight": 0}
[0;0m[0;35m[node2] [09-11|21:32:38.083] INFO <C Chain> snowman/engine.go:511 starting consensus {"lastAcceptedID": "jXM4J36kLkSjgg1XgdrSPGtqAHxwok4NdcSx8j1hCmGUna9Ac", "lastAcceptedHeight": 0}
[0;0m[0;35m[node2] [09-11|21:32:38.083] INFO <P Chain> snowman/engine.go:511 starting consensus {"lastAcceptedID": "2YDe9WGVREm2ajmzCAC7rsheELRrAdjyCMNyQt12Dp6r9HQau", "lastAcceptedHeight": 6}
[0;0m[0;35m[node2] [09-11|21:32:38.083] INFO <P Chain> validators/logger.go:50 node added to validator set {"subnetID": "11111111111111111111111111111111LpoYY", "nodeID": "NodeID-MFrZFVCXPv5iCn6M9K6XduxGTYp891xXZ", "publicKey": "0x8b49c4259529a801cc961c72248773b550379ff718a49f4ccc0e1f2ac338fe204432329aa1712f408f97eee12b22dd05", "txID": "Z6fouvT2SR1s3yRFSydwLgfMjwp41rW1pmD3eJwhUrdWr9T6q", "weight": 2000000000000000}
[0;0m[0;35m[node2] [09-11|21:32:38.083] INFO <P Chain> validators/logger.go:50 node added to validator set {"subnetID": "99qx6GvmNDqvtLVdVkzBJs2qrjVJ94gZKmauAUWJGJDMdHA41", "nodeID": "NodeID-MFrZFVCXPv5iCn6M9K6XduxGTYp891xXZ", "publicKey": "0x8b49c4259529a801cc961c72248773b550379ff718a49f4ccc0e1f2ac338fe204432329aa1712f408f97eee12b22dd05", "txID": "qLS8pxKGQehJoheS6R5RBt7SGa6emTWsJV6NTdBCwNsVeFqLe", "weight": 1000}
[0;0m[1;36m[node1] [09-11|21:32:38.436] INFO health/worker.go:261 check started passing {"name": "readiness", "name": "bootstrapped", "tags": ["application"]}
[0;0m[1;36m[node1] [09-11|21:32:38.436] INFO health/worker.go:261 check started passing {"name": "health", "name": "bootstrapped", "tags": ["application"]}
[0;0m[0;35m[node2] [09-11|21:32:38.633] INFO health/worker.go:261 check started passing {"name": "readiness", "name": "bootstrapped", "tags": ["application"]}
[0;0m[0;35m[node2] [09-11|21:32:38.633] INFO health/worker.go:261 check started passing {"name": "health", "name": "bootstrapped", "tags": ["application"]}
[0;0m[1;33m[node3] [09-11|21:32:38.816] INFO health/worker.go:261 check started passing {"name": "readiness", "name": "bootstrapped", "tags": ["application"]}
[0;0m[1;33m[node3] [09-11|21:32:38.816] INFO health/worker.go:261 check started passing {"name": "health", "name": "bootstrapped", "tags": ["application"]}
[0;0m[0;36m[node4] [09-11|21:32:39.038] INFO health/worker.go:261 check started passing {"name": "readiness", "name": "bootstrapped", "tags": ["application"]}
[0;0m[0;36m[node4] [09-11|21:32:39.038] INFO health/worker.go:261 check started passing {"name": "health", "name": "bootstrapped", "tags": ["application"]}
[0;0m[09-11|21:32:40.056] INFO local/blockchain.go:115 getClientURI {"nodeName": "node2", "uri": "http://127.0.0.1:34133"}
[09-11|21:32:40.056] INFO local/blockchain.go:1633 [0;32mreloading plugin binaries[0;0m
[09-11|21:32:40.059] INFO local/blockchain.go:1589 [0;32mwaiting for the nodes to become subnet validators[0;0m
[09-11|21:32:40.059] INFO local/blockchain.go:1794 [0;32mcreating each custom chain[0;0m
[09-11|21:32:40.059] INFO local/blockchain.go:1801 creating blockchain {"vm-name": "defmivm", "vm-ID": "mDV3RhDBqCL8Vt7msBmMzNP2gAMjFXUktxEZsD66p7GGMiqa8"}
[1;34m[node5] [09-11|21:32:40.151] INFO <P Chain> proposervm/block.go:313 built block {"blkID": "2uwK9k1YJs6T3BbSzEEprs5F1KEHWzGFvwreqWJvrHFpqe7HfA", "innerBlkID": "sA5UXSMwbif6t9UrkNM8GKCqsypSDtdk39yuPtNzoq6fcid5x", "height": 7, "pChainHeight": 6, "parentTimestamp": "[09-11|21:32:30.000]", "blockTimestamp": "[09-11|21:32:40.000]", "epoch": {"pChainHeight":0,"number":1,"startTime":1789162345}}
[0;0m[1;33m[node3] [09-11|21:32:40.160] INFO chains/manager.go:376 creating chain {"subnetID": "99qx6GvmNDqvtLVdVkzBJs2qrjVJ94gZKmauAUWJGJDMdHA41", "chainID": "XgL1J2iaJF8SzRobPwiT6HRd7B7CtDYhxobvWF7U56Yr2cXmd", "vmID": "mDV3RhDBqCL8Vt7msBmMzNP2gAMjFXUktxEZsD66p7GGMiqa8"}
[0;0m[1;34m[node5] [09-11|21:32:40.160] INFO chains/manager.go:376 creating chain {"subnetID": "99qx6GvmNDqvtLVdVkzBJs2qrjVJ94gZKmauAUWJGJDMdHA41", "chainID": "XgL1J2iaJF8SzRobPwiT6HRd7B7CtDYhxobvWF7U56Yr2cXmd", "vmID": "mDV3RhDBqCL8Vt7msBmMzNP2gAMjFXUktxEZsD66p7GGMiqa8"}
[0;0m[0;35m[node2] [09-11|21:32:40.160] INFO chains/manager.go:376 creating chain {"subnetID": "99qx6GvmNDqvtLVdVkzBJs2qrjVJ94gZKmauAUWJGJDMdHA41", "chainID": "XgL1J2iaJF8SzRobPwiT6HRd7B7CtDYhxobvWF7U56Yr2cXmd", "vmID": "mDV3RhDBqCL8Vt7msBmMzNP2gAMjFXUktxEZsD66p7GGMiqa8"}
[0;0m[0;36m[node4] [09-11|21:32:40.160] INFO chains/manager.go:376 creating chain {"subnetID": "99qx6GvmNDqvtLVdVkzBJs2qrjVJ94gZKmauAUWJGJDMdHA41", "chainID": "XgL1J2iaJF8SzRobPwiT6HRd7B7CtDYhxobvWF7U56Yr2cXmd", "vmID": "mDV3RhDBqCL8Vt7msBmMzNP2gAMjFXUktxEZsD66p7GGMiqa8"}
[0;0m[1;36m[node1] [09-11|21:32:40.161] INFO chains/manager.go:376 creating chain {"subnetID": "99qx6GvmNDqvtLVdVkzBJs2qrjVJ94gZKmauAUWJGJDMdHA41", "chainID": "XgL1J2iaJF8SzRobPwiT6HRd7B7CtDYhxobvWF7U56Yr2cXmd", "vmID": "mDV3RhDBqCL8Vt7msBmMzNP2gAMjFXUktxEZsD66p7GGMiqa8"}
[0;0m[0;36m[node4] [09-11|21:32:40.165] INFO <XgL1J2iaJF8SzRobPwiT6HRd7B7CtDYhxobvWF7U56Yr2cXmd Chain> subprocess/runtime.go:143 plugin handshake succeeded {"addr": "127.0.0.1:38561"}
[0;0m[1;34m[node5] [09-11|21:32:40.165] INFO <XgL1J2iaJF8SzRobPwiT6HRd7B7CtDYhxobvWF7U56Yr2cXmd Chain> subprocess/runtime.go:143 plugin handshake succeeded {"addr": "127.0.0.1:39123"}
[0;0m[0;35m[node2] [09-11|21:32:40.166] INFO <XgL1J2iaJF8SzRobPwiT6HRd7B7CtDYhxobvWF7U56Yr2cXmd Chain> subprocess/runtime.go:143 plugin handshake succeeded {"addr": "127.0.0.1:33183"}
[0;0m[0;36m[node4] [09-11|21:32:40.166] INFO chains/manager.go:1180 creating proposervm wrapper {"activationTime": "[12-05|05:00:00.000]", "minPChainHeight": 0, "minBlockDelay": "0s", "numHistoricalBlocks": 0}
[0;0m[1;33m[node3] [09-11|21:32:40.166] INFO <XgL1J2iaJF8SzRobPwiT6HRd7B7CtDYhxobvWF7U56Yr2cXmd Chain> subprocess/runtime.go:143 plugin handshake succeeded {"addr": "127.0.0.1:34393"}
[0;0m[1;34m[node5] [09-11|21:32:40.166] INFO chains/manager.go:1180 creating proposervm wrapper {"activationTime": "[12-05|05:00:00.000]", "minPChainHeight": 0, "minBlockDelay": "0s", "numHistoricalBlocks": 0}
[0;0m[0;35m[node2] [09-11|21:32:40.166] INFO chains/manager.go:1180 creating proposervm wrapper {"activationTime": "[12-05|05:00:00.000]", "minPChainHeight": 0, "minBlockDelay": "0s", "numHistoricalBlocks": 0}
[0;0m[1;33m[node3] [09-11|21:32:40.167] INFO chains/manager.go:1180 creating proposervm wrapper {"activationTime": "[12-05|05:00:00.000]", "minPChainHeight": 0, "minBlockDelay": "0s", "numHistoricalBlocks": 0}
[0;0m[0;36m[node4] [09-11|21:32:40.167] INFO <XgL1J2iaJF8SzRobPwiT6HRd7B7CtDYhxobvWF7U56Yr2cXmd Chain> rpcchainvm/vm_client.go:166 grpc: serving database {"address": "127.0.0.1:35553"}
[0;0m[1;36m[node1] [09-11|21:32:40.167] INFO <XgL1J2iaJF8SzRobPwiT6HRd7B7CtDYhxobvWF7U56Yr2cXmd Chain> subprocess/runtime.go:143 plugin handshake succeeded {"addr": "127.0.0.1:33685"}
[0;0m[1;34m[node5] [09-11|21:32:40.167] INFO <XgL1J2iaJF8SzRobPwiT6HRd7B7CtDYhxobvWF7U56Yr2cXmd Chain> rpcchainvm/vm_client.go:166 grpc: serving database {"address": "127.0.0.1:44957"}
[0;0m[09-11|21:32:40.167] INFO local/blockchain.go:1817 created a new blockchain {"vm-name": "defmivm", "vm-ID": "mDV3RhDBqCL8Vt7msBmMzNP2gAMjFXUktxEZsD66p7GGMiqa8", "blockchain-ID": "XgL1J2iaJF8SzRobPwiT6HRd7B7CtDYhxobvWF7U56Yr2cXmd"}
[09-11|21:32:40.167] INFO local/blockchain.go:673 [0;34m[;1mwaiting for custom chains to report healthy...[0;0m[0;0m
[09-11|21:32:40.167] INFO local/network.go:668 checking local network healthiness {"num-of-nodes": 5}
[0;35m[node2] [09-11|21:32:40.167] INFO <XgL1J2iaJF8SzRobPwiT6HRd7B7CtDYhxobvWF7U56Yr2cXmd Chain> rpcchainvm/vm_client.go:166 grpc: serving database {"address": "127.0.0.1:38201"}
[0;0m[0;36m[node4] [09-11|21:32:40.167] INFO <XgL1J2iaJF8SzRobPwiT6HRd7B7CtDYhxobvWF7U56Yr2cXmd Chain> rpcchainvm/vm_client.go:183 grpc: serving vm services {"address": "127.0.0.1:32853"}
[0;0m[1;33m[node3] [09-11|21:32:40.167] INFO <XgL1J2iaJF8SzRobPwiT6HRd7B7CtDYhxobvWF7U56Yr2cXmd Chain> rpcchainvm/vm_client.go:166 grpc: serving database {"address": "127.0.0.1:35815"}
[0;0m[1;34m[node5] [09-11|21:32:40.167] INFO <XgL1J2iaJF8SzRobPwiT6HRd7B7CtDYhxobvWF7U56Yr2cXmd Chain> rpcchainvm/vm_client.go:183 grpc: serving vm services {"address": "127.0.0.1:40529"}
[0;0m[1;36m[node1] [09-11|21:32:40.167] INFO chains/manager.go:1180 creating proposervm wrapper {"activationTime": "[12-05|05:00:00.000]", "minPChainHeight": 0, "minBlockDelay": "0s", "numHistoricalBlocks": 0}
[0;0m[0;35m[node2] [09-11|21:32:40.168] INFO <XgL1J2iaJF8SzRobPwiT6HRd7B7CtDYhxobvWF7U56Yr2cXmd Chain> rpcchainvm/vm_client.go:183 grpc: serving vm services {"address": "127.0.0.1:39693"}
[0;0m[09-11|21:32:40.168] INFO local/blockchain.go:115 getClientURI {"nodeName": "node2", "uri": "http://127.0.0.1:34133"}
[1;33m[node3] [09-11|21:32:40.168] INFO <XgL1J2iaJF8SzRobPwiT6HRd7B7CtDYhxobvWF7U56Yr2cXmd Chain> rpcchainvm/vm_client.go:183 grpc: serving vm services {"address": "127.0.0.1:34211"}
[0;0m[09-11|21:32:40.168] INFO local/blockchain.go:690 inspecting node log directory for custom chain logs {"log-dir": "/workspace/runs/native-04/network-data/node5/logs", "node-name": "node5"}
[09-11|21:32:40.168] INFO local/blockchain.go:692 checking log {"vm-ID": "mDV3RhDBqCL8Vt7msBmMzNP2gAMjFXUktxEZsD66p7GGMiqa8", "subnet-ID": "99qx6GvmNDqvtLVdVkzBJs2qrjVJ94gZKmauAUWJGJDMdHA41", "blockchain-ID": "XgL1J2iaJF8SzRobPwiT6HRd7B7CtDYhxobvWF7U56Yr2cXmd", "path": "/workspace/runs/native-04/network-data/node5/logs/XgL1J2iaJF8SzRobPwiT6HRd7B7CtDYhxobvWF7U56Yr2cXmd.log"}
[09-11|21:32:40.168] INFO local/blockchain.go:700 found the log {"path": "/workspace/runs/native-04/network-data/node5/logs/XgL1J2iaJF8SzRobPwiT6HRd7B7CtDYhxobvWF7U56Yr2cXmd.log"}
[09-11|21:32:40.168] INFO local/blockchain.go:690 inspecting node log directory for custom chain logs {"log-dir": "/workspace/runs/native-04/network-data/node4/logs", "node-name": "node4"}
[09-11|21:32:40.168] INFO local/blockchain.go:692 checking log {"vm-ID": "mDV3RhDBqCL8Vt7msBmMzNP2gAMjFXUktxEZsD66p7GGMiqa8", "subnet-ID": "99qx6GvmNDqvtLVdVkzBJs2qrjVJ94gZKmauAUWJGJDMdHA41", "blockchain-ID": "XgL1J2iaJF8SzRobPwiT6HRd7B7CtDYhxobvWF7U56Yr2cXmd", "path": "/workspace/runs/native-04/network-data/node4/logs/XgL1J2iaJF8SzRobPwiT6HRd7B7CtDYhxobvWF7U56Yr2cXmd.log"}
[09-11|21:32:40.168] INFO local/blockchain.go:700 found the log {"path": "/workspace/runs/native-04/network-data/node4/logs/XgL1J2iaJF8SzRobPwiT6HRd7B7CtDYhxobvWF7U56Yr2cXmd.log"}
[09-11|21:32:40.168] INFO local/blockchain.go:690 inspecting node log directory for custom chain logs {"log-dir": "/workspace/runs/native-04/network-data/node3/logs", "node-name": "node3"}
[09-11|21:32:40.168] INFO local/blockchain.go:692 checking log {"vm-ID": "mDV3RhDBqCL8Vt7msBmMzNP2gAMjFXUktxEZsD66p7GGMiqa8", "subnet-ID": "99qx6GvmNDqvtLVdVkzBJs2qrjVJ94gZKmauAUWJGJDMdHA41", "blockchain-ID": "XgL1J2iaJF8SzRobPwiT6HRd7B7CtDYhxobvWF7U56Yr2cXmd", "path": "/workspace/runs/native-04/network-data/node3/logs/XgL1J2iaJF8SzRobPwiT6HRd7B7CtDYhxobvWF7U56Yr2cXmd.log"}
[09-11|21:32:40.168] INFO local/blockchain.go:700 found the log {"path": "/workspace/runs/native-04/network-data/node3/logs/XgL1J2iaJF8SzRobPwiT6HRd7B7CtDYhxobvWF7U56Yr2cXmd.log"}
[09-11|21:32:40.168] INFO local/blockchain.go:690 inspecting node log directory for custom chain logs {"log-dir": "/workspace/runs/native-04/network-data/node2/logs", "node-name": "node2"}
[09-11|21:32:40.168] INFO local/blockchain.go:692 checking log {"vm-ID": "mDV3RhDBqCL8Vt7msBmMzNP2gAMjFXUktxEZsD66p7GGMiqa8", "subnet-ID": "99qx6GvmNDqvtLVdVkzBJs2qrjVJ94gZKmauAUWJGJDMdHA41", "blockchain-ID": "XgL1J2iaJF8SzRobPwiT6HRd7B7CtDYhxobvWF7U56Yr2cXmd", "path": "/workspace/runs/native-04/network-data/node2/logs/XgL1J2iaJF8SzRobPwiT6HRd7B7CtDYhxobvWF7U56Yr2cXmd.log"}
[09-11|21:32:40.168] INFO local/blockchain.go:700 found the log {"path": "/workspace/runs/native-04/network-data/node2/logs/XgL1J2iaJF8SzRobPwiT6HRd7B7CtDYhxobvWF7U56Yr2cXmd.log"}
[09-11|21:32:40.168] INFO local/blockchain.go:690 inspecting node log directory for custom chain logs {"log-dir": "/workspace/runs/native-04/network-data/node1/logs", "node-name": "node1"}
[09-11|21:32:40.168] INFO local/blockchain.go:692 checking log {"vm-ID": "mDV3RhDBqCL8Vt7msBmMzNP2gAMjFXUktxEZsD66p7GGMiqa8", "subnet-ID": "99qx6GvmNDqvtLVdVkzBJs2qrjVJ94gZKmauAUWJGJDMdHA41", "blockchain-ID": "XgL1J2iaJF8SzRobPwiT6HRd7B7CtDYhxobvWF7U56Yr2cXmd", "path": "/workspace/runs/native-04/network-data/node1/logs/XgL1J2iaJF8SzRobPwiT6HRd7B7CtDYhxobvWF7U56Yr2cXmd.log"}
[1;36m[node1] [09-11|21:32:40.168] INFO <XgL1J2iaJF8SzRobPwiT6HRd7B7CtDYhxobvWF7U56Yr2cXmd Chain> rpcchainvm/vm_client.go:166 grpc: serving database {"address": "127.0.0.1:33099"}
[0;0m[09-11|21:32:40.168] INFO local/blockchain.go:700 found the log {"path": "/workspace/runs/native-04/network-data/node1/logs/XgL1J2iaJF8SzRobPwiT6HRd7B7CtDYhxobvWF7U56Yr2cXmd.log"}
[09-11|21:32:40.168] INFO local/blockchain.go:719 [0;32mall custom chains are running!!![0;0m
[09-11|21:32:40.168] INFO local/blockchain.go:721 [0;32m[;1mall custom chains are ready on RPC server-side -- network-runner RPC client can poll and query the cluster status[0;0m[0;0m
[09-11|21:32:40.168] INFO local/blockchain.go:155 [0;34m[;1mregistering blockchain aliases[0;0m[0;0m
[1;36m[node1] [09-11|21:32:40.168] INFO <XgL1J2iaJF8SzRobPwiT6HRd7B7CtDYhxobvWF7U56Yr2cXmd Chain> rpcchainvm/vm_client.go:183 grpc: serving vm services {"address": "127.0.0.1:46283"}
[0;0m[09-11|21:32:40.169] INFO ux/output.go:13 [0;34m[;1mwaiting for all nodes to report healthy...[0;0m[0;0m
[09-11|21:32:40.169] INFO local/network.go:668 checking local network healthiness {"num-of-nodes": 5}
[09-11|21:32:40.171] INFO server/network.go:712 [1;34m[blockchain RPC for "mDV3RhDBqCL8Vt7msBmMzNP2gAMjFXUktxEZsD66p7GGMiqa8"] "http://127.0.0.1:46207/ext/bc/XgL1J2iaJF8SzRobPwiT6HRd7B7CtDYhxobvWF7U56Yr2cXmd"[0;0m
[09-11|21:32:40.171] INFO server/network.go:712 [1;34m[blockchain RPC for "mDV3RhDBqCL8Vt7msBmMzNP2gAMjFXUktxEZsD66p7GGMiqa8"] "http://127.0.0.1:34133/ext/bc/XgL1J2iaJF8SzRobPwiT6HRd7B7CtDYhxobvWF7U56Yr2cXmd"[0;0m
[09-11|21:32:40.171] INFO server/network.go:712 [1;34m[blockchain RPC for "mDV3RhDBqCL8Vt7msBmMzNP2gAMjFXUktxEZsD66p7GGMiqa8"] "http://127.0.0.1:42647/ext/bc/XgL1J2iaJF8SzRobPwiT6HRd7B7CtDYhxobvWF7U56Yr2cXmd"[0;0m
[09-11|21:32:40.171] INFO server/network.go:712 [1;34m[blockchain RPC for "mDV3RhDBqCL8Vt7msBmMzNP2gAMjFXUktxEZsD66p7GGMiqa8"] "http://127.0.0.1:34387/ext/bc/XgL1J2iaJF8SzRobPwiT6HRd7B7CtDYhxobvWF7U56Yr2cXmd"[0;0m
[09-11|21:32:40.171] INFO server/network.go:712 [1;34m[blockchain RPC for "mDV3RhDBqCL8Vt7msBmMzNP2gAMjFXUktxEZsD66p7GGMiqa8"] "http://127.0.0.1:40121/ext/bc/XgL1J2iaJF8SzRobPwiT6HRd7B7CtDYhxobvWF7U56Yr2cXmd"[0;0m
[09-11|21:32:40.171] INFO server/server.go:385 network healthy
[1;36m[node1] [09-11|21:32:40.173] INFO <XgL1J2iaJF8SzRobPwiT6HRd7B7CtDYhxobvWF7U56Yr2cXmd Chain> proposervm/vm.go:208 initialized proposervm {"state": "before fork"}
[0;0m[1;36m[node1] [09-11|21:32:40.173] INFO <XgL1J2iaJF8SzRobPwiT6HRd7B7CtDYhxobvWF7U56Yr2cXmd Chain> snowman/engine.go:98 initializing consensus engine
[0;0m[1;36m[node1] [09-11|21:32:40.173] INFO health/worker.go:115 registered new check and initialized its state to failing {"name": "health", "name": "XgL1J2iaJF8SzRobPwiT6HRd7B7CtDYhxobvWF7U56Yr2cXmd", "tags": ["99qx6GvmNDqvtLVdVkzBJs2qrjVJ94gZKmauAUWJGJDMdHA41"]}
[0;0m[1;36m[node1] [09-11|21:32:40.174] INFO server/server.go:216 adding route {"url": "/ext/bc/XgL1J2iaJF8SzRobPwiT6HRd7B7CtDYhxobvWF7U56Yr2cXmd", "endpoint": ""}
[0;0m[1;36m[node1] [09-11|21:32:40.174] INFO server/server.go:216 adding route {"url": "/ext/bc/XgL1J2iaJF8SzRobPwiT6HRd7B7CtDYhxobvWF7U56Yr2cXmd", "endpoint": "/proposervm"}
[0;0m[1;33m[node3] [09-11|21:32:40.174] INFO <XgL1J2iaJF8SzRobPwiT6HRd7B7CtDYhxobvWF7U56Yr2cXmd Chain> proposervm/vm.go:208 initialized proposervm {"state": "before fork"}
[0;0m[1;33m[node3] [09-11|21:32:40.174] INFO <XgL1J2iaJF8SzRobPwiT6HRd7B7CtDYhxobvWF7U56Yr2cXmd Chain> snowman/engine.go:98 initializing consensus engine
[0;0m[1;33m[node3] [09-11|21:32:40.174] INFO health/worker.go:115 registered new check and initialized its state to failing {"name": "health", "name": "XgL1J2iaJF8SzRobPwiT6HRd7B7CtDYhxobvWF7U56Yr2cXmd", "tags": ["99qx6GvmNDqvtLVdVkzBJs2qrjVJ94gZKmauAUWJGJDMdHA41"]}
[0;0m[1;36m[node1] [09-11|21:32:40.175] INFO <XgL1J2iaJF8SzRobPwiT6HRd7B7CtDYhxobvWF7U56Yr2cXmd Chain> syncer/state_syncer.go:113 starting state sync
[0;0m[0;36m[node4] [09-11|21:32:40.175] INFO <XgL1J2iaJF8SzRobPwiT6HRd7B7CtDYhxobvWF7U56Yr2cXmd Chain> proposervm/vm.go:208 initialized proposervm {"state": "before fork"}
[0;0m[1;33m[node3] [09-11|21:32:40.175] INFO server/server.go:216 adding route {"url": "/ext/bc/XgL1J2iaJF8SzRobPwiT6HRd7B7CtDYhxobvWF7U56Yr2cXmd", "endpoint": ""}
[0;0m[0;36m[node4] [09-11|21:32:40.175] INFO <XgL1J2iaJF8SzRobPwiT6HRd7B7CtDYhxobvWF7U56Yr2cXmd Chain> snowman/engine.go:98 initializing consensus engine
[0;0m[1;33m[node3] [09-11|21:32:40.175] INFO server/server.go:216 adding route {"url": "/ext/bc/XgL1J2iaJF8SzRobPwiT6HRd7B7CtDYhxobvWF7U56Yr2cXmd", "endpoint": "/proposervm"}
[0;0m[0;36m[node4] [09-11|21:32:40.175] INFO health/worker.go:115 registered new check and initialized its state to failing {"name": "health", "name": "XgL1J2iaJF8SzRobPwiT6HRd7B7CtDYhxobvWF7U56Yr2cXmd", "tags": ["99qx6GvmNDqvtLVdVkzBJs2qrjVJ94gZKmauAUWJGJDMdHA41"]}
[0;0m[1;34m[node5] [09-11|21:32:40.175] INFO <XgL1J2iaJF8SzRobPwiT6HRd7B7CtDYhxobvWF7U56Yr2cXmd Chain> proposervm/vm.go:208 initialized proposervm {"state": "before fork"}
[0;0m[1;34m[node5] [09-11|21:32:40.176] INFO <XgL1J2iaJF8SzRobPwiT6HRd7B7CtDYhxobvWF7U56Yr2cXmd Chain> snowman/engine.go:98 initializing consensus engine
[0;0m[1;33m[node3] [09-11|21:32:40.176] INFO <XgL1J2iaJF8SzRobPwiT6HRd7B7CtDYhxobvWF7U56Yr2cXmd Chain> syncer/state_syncer.go:113 starting state sync
[0;0m[0;36m[node4] [09-11|21:32:40.176] INFO server/server.go:216 adding route {"url": "/ext/bc/XgL1J2iaJF8SzRobPwiT6HRd7B7CtDYhxobvWF7U56Yr2cXmd", "endpoint": ""}
[0;0m[0;36m[node4] [09-11|21:32:40.176] INFO server/server.go:216 adding route {"url": "/ext/bc/XgL1J2iaJF8SzRobPwiT6HRd7B7CtDYhxobvWF7U56Yr2cXmd", "endpoint": "/proposervm"}
[0;0m[1;34m[node5] [09-11|21:32:40.176] INFO health/worker.go:115 registered new check and initialized its state to failing {"name": "health", "name": "XgL1J2iaJF8SzRobPwiT6HRd7B7CtDYhxobvWF7U56Yr2cXmd", "tags": ["99qx6GvmNDqvtLVdVkzBJs2qrjVJ94gZKmauAUWJGJDMdHA41"]}
[0;0m[0;36m[node4] [09-11|21:32:40.176] INFO <XgL1J2iaJF8SzRobPwiT6HRd7B7CtDYhxobvWF7U56Yr2cXmd Chain> syncer/state_syncer.go:113 starting state sync
[0;0m[1;33m[node3] [09-11|21:32:40.176] INFO <XgL1J2iaJF8SzRobPwiT6HRd7B7CtDYhxobvWF7U56Yr2cXmd Chain> syncer/state_syncer.go:469 starting state sync
[0;0m[1;34m[node5] [09-11|21:32:40.176] INFO server/server.go:216 adding route {"url": "/ext/bc/XgL1J2iaJF8SzRobPwiT6HRd7B7CtDYhxobvWF7U56Yr2cXmd", "endpoint": "/proposervm"}
[0;0m[0;35m[node2] [09-11|21:32:40.177] INFO <XgL1J2iaJF8SzRobPwiT6HRd7B7CtDYhxobvWF7U56Yr2cXmd Chain> proposervm/vm.go:208 initialized proposervm {"state": "before fork"}
[0;0m[0;35m[node2] [09-11|21:32:40.177] INFO <XgL1J2iaJF8SzRobPwiT6HRd7B7CtDYhxobvWF7U56Yr2cXmd Chain> snowman/engine.go:98 initializing consensus engine
[0;0m[0;35m[node2] [09-11|21:32:40.177] INFO health/worker.go:115 registered new check and initialized its state to failing {"name": "health", "name": "XgL1J2iaJF8SzRobPwiT6HRd7B7CtDYhxobvWF7U56Yr2cXmd", "tags": ["99qx6GvmNDqvtLVdVkzBJs2qrjVJ94gZKmauAUWJGJDMdHA41"]}
[0;0m[1;34m[node5] [09-11|21:32:40.177] INFO server/server.go:216 adding route {"url": "/ext/bc/XgL1J2iaJF8SzRobPwiT6HRd7B7CtDYhxobvWF7U56Yr2cXmd", "endpoint": ""}
[0;0m[0;35m[node2] [09-11|21:32:40.177] INFO server/server.go:216 adding route {"url": "/ext/bc/XgL1J2iaJF8SzRobPwiT6HRd7B7CtDYhxobvWF7U56Yr2cXmd", "endpoint": ""}
[0;0m[0;35m[node2] [09-11|21:32:40.177] INFO server/server.go:216 adding route {"url": "/ext/bc/XgL1J2iaJF8SzRobPwiT6HRd7B7CtDYhxobvWF7U56Yr2cXmd", "endpoint": "/proposervm"}
[0;0m[1;34m[node5] [09-11|21:32:40.178] INFO <XgL1J2iaJF8SzRobPwiT6HRd7B7CtDYhxobvWF7U56Yr2cXmd Chain> syncer/state_syncer.go:113 starting state sync
[0;0m[0;35m[node2] [09-11|21:32:40.178] INFO <XgL1J2iaJF8SzRobPwiT6HRd7B7CtDYhxobvWF7U56Yr2cXmd Chain> syncer/state_syncer.go:113 starting state sync
[0;0m[0;35m[node2] [09-11|21:32:40.179] INFO <XgL1J2iaJF8SzRobPwiT6HRd7B7CtDYhxobvWF7U56Yr2cXmd Chain> syncer/state_syncer.go:469 starting state sync
[0;0m[0;36m[node4] [09-11|21:32:40.218] INFO <XgL1J2iaJF8SzRobPwiT6HRd7B7CtDYhxobvWF7U56Yr2cXmd Chain> syncer/state_syncer.go:469 starting state sync
[0;0m[1;36m[node1] [09-11|21:32:40.298] INFO <XgL1J2iaJF8SzRobPwiT6HRd7B7CtDYhxobvWF7U56Yr2cXmd Chain> syncer/state_syncer.go:469 starting state sync
[0;0m[1;34m[node5] [09-11|21:32:40.301] INFO <XgL1J2iaJF8SzRobPwiT6HRd7B7CtDYhxobvWF7U56Yr2cXmd Chain> syncer/state_syncer.go:469 starting state sync
[0;0m[1;36m[node1] [09-11|21:32:40.436] WARN health/worker.go:252 check started failing {"name": "health", "name": "bootstrapped", "tags": ["application"], "error": "subnets not bootstrapped"}
[0;0m[1;36m[node1] [09-11|21:32:40.545] INFO health/worker.go:261 check started passing {"name": "health", "name": "XgL1J2iaJF8SzRobPwiT6HRd7B7CtDYhxobvWF7U56Yr2cXmd", "tags": ["99qx6GvmNDqvtLVdVkzBJs2qrjVJ94gZKmauAUWJGJDMdHA41"]}
[0;0m[09-11|21:32:40.608] INFO server/server.go:1462 ListBlockchains
[0;35m[node2] [09-11|21:32:40.633] WARN health/worker.go:252 check started failing {"name": "health", "name": "bootstrapped", "tags": ["application"], "error": "subnets not bootstrapped"}
[0;0m[0;35m[node2] [09-11|21:32:40.634] INFO health/worker.go:261 check started passing {"name": "health", "name": "XgL1J2iaJF8SzRobPwiT6HRd7B7CtDYhxobvWF7U56Yr2cXmd", "tags": ["99qx6GvmNDqvtLVdVkzBJs2qrjVJ94gZKmauAUWJGJDMdHA41"]}
[0;0m[0;35m[node2] [09-11|21:32:40.750] INFO <XgL1J2iaJF8SzRobPwiT6HRd7B7CtDYhxobvWF7U56Yr2cXmd Chain> syncer/state_syncer.go:391 accepted state summary {"summaryID": "2aLMfxBGQu6qc4pzkmi8uwo3jECbVgFybEjXsdbeedpCVcAahL", "syncMode": "Skipped", "numTotalSummaries": 1}
[0;0m[0;35m[node2] [09-11|21:32:40.751] INFO <XgL1J2iaJF8SzRobPwiT6HRd7B7CtDYhxobvWF7U56Yr2cXmd Chain> bootstrap/bootstrapper.go:192 starting bootstrapper {"lastAcceptedID": "2mnY6LBLXu8C7dhn2N1oYdezUoU1LV1UzrLtnZAvpXRWZjux1w", "lastAcceptedHeight": 0}
[0;0m[1;33m[node3] [09-11|21:32:40.815] WARN health/worker.go:252 check started failing {"name": "health", "name": "bootstrapped", "tags": ["application"], "error": "subnets not bootstrapped"}
[0;0m[1;33m[node3] [09-11|21:32:40.816] INFO health/worker.go:261 check started passing {"name": "health", "name": "XgL1J2iaJF8SzRobPwiT6HRd7B7CtDYhxobvWF7U56Yr2cXmd", "tags": ["99qx6GvmNDqvtLVdVkzBJs2qrjVJ94gZKmauAUWJGJDMdHA41"]}
[0;0m[0;36m[node4] [09-11|21:32:40.955] INFO <XgL1J2iaJF8SzRobPwiT6HRd7B7CtDYhxobvWF7U56Yr2cXmd Chain> syncer/state_syncer.go:391 accepted state summary {"summaryID": "2aLMfxBGQu6qc4pzkmi8uwo3jECbVgFybEjXsdbeedpCVcAahL", "syncMode": "Skipped", "numTotalSummaries": 1}
[0;0m[0;36m[node4] [09-11|21:32:40.996] INFO <XgL1J2iaJF8SzRobPwiT6HRd7B7CtDYhxobvWF7U56Yr2cXmd Chain> bootstrap/bootstrapper.go:192 starting bootstrapper {"lastAcceptedID": "2mnY6LBLXu8C7dhn2N1oYdezUoU1LV1UzrLtnZAvpXRWZjux1w", "lastAcceptedHeight": 0}
[0;0m[1;34m[node5] [09-11|21:32:40.998] INFO <XgL1J2iaJF8SzRobPwiT6HRd7B7CtDYhxobvWF7U56Yr2cXmd Chain> syncer/state_syncer.go:391 accepted state summary {"summaryID": "2aLMfxBGQu6qc4pzkmi8uwo3jECbVgFybEjXsdbeedpCVcAahL", "syncMode": "Skipped", "numTotalSummaries": 1}
[0;0m[0;36m[node4] [09-11|21:32:41.037] WARN health/worker.go:252 check started failing {"name": "health", "name": "bootstrapped", "tags": ["application"], "error": "subnets not bootstrapped"}
[0;0m[0;35m[node2] [09-11|21:32:41.037] INFO <XgL1J2iaJF8SzRobPwiT6HRd7B7CtDYhxobvWF7U56Yr2cXmd Chain> bootstrap/bootstrapper.go:397 starting to fetch blocks {"numKnownBlocks": 0, "numAcceptedBlocks": 1, "numMissingBlocks": 1}
[0;0m[0;35m[node2] [09-11|21:32:41.037] INFO <XgL1J2iaJF8SzRobPwiT6HRd7B7CtDYhxobvWF7U56Yr2cXmd Chain> bootstrap/storage.go:195 executing blocks {"numToExecute": 0}
[0;0m[0;35m[node2] [09-11|21:32:41.037] INFO <XgL1J2iaJF8SzRobPwiT6HRd7B7CtDYhxobvWF7U56Yr2cXmd Chain> bootstrap/storage.go:187 executed blocks {"numExecuted": 0, "numToExecute": 0, "halted": false, "duration": "18.469µs"}
[0;0m[0;36m[node4] [09-11|21:32:41.038] INFO health/worker.go:261 check started passing {"name": "health", "name": "XgL1J2iaJF8SzRobPwiT6HRd7B7CtDYhxobvWF7U56Yr2cXmd", "tags": ["99qx6GvmNDqvtLVdVkzBJs2qrjVJ94gZKmauAUWJGJDMdHA41"]}
[0;0m[0;35m[node2] [09-11|21:32:41.038] INFO <XgL1J2iaJF8SzRobPwiT6HRd7B7CtDYhxobvWF7U56Yr2cXmd Chain> snowman/engine.go:511 starting consensus {"lastAcceptedID": "2mnY6LBLXu8C7dhn2N1oYdezUoU1LV1UzrLtnZAvpXRWZjux1w", "lastAcceptedHeight": 0}
[0;0m[1;34m[node5] [09-11|21:32:41.039] INFO <XgL1J2iaJF8SzRobPwiT6HRd7B7CtDYhxobvWF7U56Yr2cXmd Chain> bootstrap/bootstrapper.go:192 starting bootstrapper {"lastAcceptedID": "2mnY6LBLXu8C7dhn2N1oYdezUoU1LV1UzrLtnZAvpXRWZjux1w", "lastAcceptedHeight": 0}
[0;0m[1;36m[node1] [09-11|21:32:41.078] INFO <XgL1J2iaJF8SzRobPwiT6HRd7B7CtDYhxobvWF7U56Yr2cXmd Chain> syncer/state_syncer.go:391 accepted state summary {"summaryID": "2aLMfxBGQu6qc4pzkmi8uwo3jECbVgFybEjXsdbeedpCVcAahL", "syncMode": "Skipped", "numTotalSummaries": 1}
[0;0m[1;36m[node1] [09-11|21:32:41.119] INFO <XgL1J2iaJF8SzRobPwiT6HRd7B7CtDYhxobvWF7U56Yr2cXmd Chain> bootstrap/bootstrapper.go:192 starting bootstrapper {"lastAcceptedID": "2mnY6LBLXu8C7dhn2N1oYdezUoU1LV1UzrLtnZAvpXRWZjux1w", "lastAcceptedHeight": 0}
[0;0m[1;34m[node5] [09-11|21:32:41.202] INFO <XgL1J2iaJF8SzRobPwiT6HRd7B7CtDYhxobvWF7U56Yr2cXmd Chain> bootstrap/bootstrapper.go:397 starting to fetch blocks {"numKnownBlocks": 0, "numAcceptedBlocks": 1, "numMissingBlocks": 1}
[0;0m[1;34m[node5] [09-11|21:32:41.202] INFO <XgL1J2iaJF8SzRobPwiT6HRd7B7CtDYhxobvWF7U56Yr2cXmd Chain> bootstrap/storage.go:195 executing blocks {"numToExecute": 0}
[0;0m[1;34m[node5] [09-11|21:32:41.202] INFO <XgL1J2iaJF8SzRobPwiT6HRd7B7CtDYhxobvWF7U56Yr2cXmd Chain> bootstrap/storage.go:187 executed blocks {"numExecuted": 0, "numToExecute": 0, "halted": false, "duration": "26.188µs"}
[0;0m[0;36m[node4] [09-11|21:32:41.202] INFO <XgL1J2iaJF8SzRobPwiT6HRd7B7CtDYhxobvWF7U56Yr2cXmd Chain> bootstrap/bootstrapper.go:397 starting to fetch blocks {"numKnownBlocks": 0, "numAcceptedBlocks": 1, "numMissingBlocks": 1}
[0;0m[1;34m[node5] [09-11|21:32:41.202] INFO <XgL1J2iaJF8SzRobPwiT6HRd7B7CtDYhxobvWF7U56Yr2cXmd Chain> snowman/engine.go:511 starting consensus {"lastAcceptedID": "2mnY6LBLXu8C7dhn2N1oYdezUoU1LV1UzrLtnZAvpXRWZjux1w", "lastAcceptedHeight": 0}
[0;0m[0;36m[node4] [09-11|21:32:41.202] INFO <XgL1J2iaJF8SzRobPwiT6HRd7B7CtDYhxobvWF7U56Yr2cXmd Chain> bootstrap/storage.go:195 executing blocks {"numToExecute": 0}
[0;0m[0;36m[node4] [09-11|21:32:41.202] INFO <XgL1J2iaJF8SzRobPwiT6HRd7B7CtDYhxobvWF7U56Yr2cXmd Chain> bootstrap/storage.go:187 executed blocks {"numExecuted": 0, "numToExecute": 0, "halted": false, "duration": "21.688µs"}
[0;0m[1;36m[node1] [09-11|21:32:41.203] INFO <XgL1J2iaJF8SzRobPwiT6HRd7B7CtDYhxobvWF7U56Yr2cXmd Chain> bootstrap/bootstrapper.go:397 starting to fetch blocks {"numKnownBlocks": 0, "numAcceptedBlocks": 1, "numMissingBlocks": 1}
[0;0m[1;36m[node1] [09-11|21:32:41.203] INFO <XgL1J2iaJF8SzRobPwiT6HRd7B7CtDYhxobvWF7U56Yr2cXmd Chain> bootstrap/storage.go:195 executing blocks {"numToExecute": 0}
[0;0m[1;36m[node1] [09-11|21:32:41.203] INFO <XgL1J2iaJF8SzRobPwiT6HRd7B7CtDYhxobvWF7U56Yr2cXmd Chain> bootstrap/storage.go:187 executed blocks {"numExecuted": 0, "numToExecute": 0, "halted": false, "duration": "20.07µs"}
[0;0m[1;36m[node1] [09-11|21:32:41.203] INFO <XgL1J2iaJF8SzRobPwiT6HRd7B7CtDYhxobvWF7U56Yr2cXmd Chain> snowman/engine.go:511 starting consensus {"lastAcceptedID": "2mnY6LBLXu8C7dhn2N1oYdezUoU1LV1UzrLtnZAvpXRWZjux1w", "lastAcceptedHeight": 0}
[0;0m[0;36m[node4] [09-11|21:32:41.244] INFO <XgL1J2iaJF8SzRobPwiT6HRd7B7CtDYhxobvWF7U56Yr2cXmd Chain> snowman/engine.go:511 starting consensus {"lastAcceptedID": "2mnY6LBLXu8C7dhn2N1oYdezUoU1LV1UzrLtnZAvpXRWZjux1w", "lastAcceptedHeight": 0}
[0;0m[1;34m[node5] [09-11|21:32:41.284] INFO health/worker.go:261 check started passing {"name": "health", "name": "XgL1J2iaJF8SzRobPwiT6HRd7B7CtDYhxobvWF7U56Yr2cXmd", "tags": ["99qx6GvmNDqvtLVdVkzBJs2qrjVJ94gZKmauAUWJGJDMdHA41"]}
[0;0m[1;33m[node3] [09-11|21:32:42.179] INFO <XgL1J2iaJF8SzRobPwiT6HRd7B7CtDYhxobvWF7U56Yr2cXmd Chain> syncer/state_syncer.go:391 accepted state summary {"summaryID": "2aLMfxBGQu6qc4pzkmi8uwo3jECbVgFybEjXsdbeedpCVcAahL", "syncMode": "Skipped", "numTotalSummaries": 1}
[0;0m[1;33m[node3] [09-11|21:32:42.179] INFO <XgL1J2iaJF8SzRobPwiT6HRd7B7CtDYhxobvWF7U56Yr2cXmd Chain> bootstrap/bootstrapper.go:192 starting bootstrapper {"lastAcceptedID": "2mnY6LBLXu8C7dhn2N1oYdezUoU1LV1UzrLtnZAvpXRWZjux1w", "lastAcceptedHeight": 0}
[0;0m[1;33m[node3] [09-11|21:32:42.221] INFO <XgL1J2iaJF8SzRobPwiT6HRd7B7CtDYhxobvWF7U56Yr2cXmd Chain> bootstrap/bootstrapper.go:397 starting to fetch blocks {"numKnownBlocks": 0, "numAcceptedBlocks": 1, "numMissingBlocks": 1}
[0;0m[1;33m[node3] [09-11|21:32:42.221] INFO <XgL1J2iaJF8SzRobPwiT6HRd7B7CtDYhxobvWF7U56Yr2cXmd Chain> bootstrap/storage.go:195 executing blocks {"numToExecute": 0}
[0;0m[1;33m[node3] [09-11|21:32:42.221] INFO <XgL1J2iaJF8SzRobPwiT6HRd7B7CtDYhxobvWF7U56Yr2cXmd Chain> bootstrap/storage.go:187 executed blocks {"numExecuted": 0, "numToExecute": 0, "halted": false, "duration": "19.19µs"}
[0;0m[1;33m[node3] [09-11|21:32:42.222] INFO <XgL1J2iaJF8SzRobPwiT6HRd7B7CtDYhxobvWF7U56Yr2cXmd Chain> snowman/engine.go:511 starting consensus {"lastAcceptedID": "2mnY6LBLXu8C7dhn2N1oYdezUoU1LV1UzrLtnZAvpXRWZjux1w", "lastAcceptedHeight": 0}
[0;0m[0;35m[node2] [09-11|21:32:42.265] INFO <XgL1J2iaJF8SzRobPwiT6HRd7B7CtDYhxobvWF7U56Yr2cXmd Chain> proposervm/pre_fork_block.go:238 built block {"blkID": "2Fw8tFTRzKkJKXfwc15kFWyjehp61f3kzFQ6yMaJFQBkBJwsyY", "innerBlkID": "iSApi6UeCCLcou3inK37mAxZYu4NeqQDchMPpX1y5we1fbdxZ", "height": 1, "pChainHeight": 6, "parentTimestamp": "[09-11|21:32:16.000]", "blockTimestamp": "[09-11|21:32:42.000]"}
[0;0m[0;36m[node4] [09-11|21:32:42.267] INFO <XgL1J2iaJF8SzRobPwiT6HRd7B7CtDYhxobvWF7U56Yr2cXmd Chain> proposervm/pre_fork_block.go:238 built block {"blkID": "2Fw8tFTRzKkJKXfwc15kFWyjehp61f3kzFQ6yMaJFQBkBJwsyY", "innerBlkID": "iSApi6UeCCLcou3inK37mAxZYu4NeqQDchMPpX1y5we1fbdxZ", "height": 1, "pChainHeight": 6, "parentTimestamp": "[09-11|21:32:16.000]", "blockTimestamp": "[09-11|21:32:42.000]"}
[0;0m[1;36m[node1] [09-11|21:32:42.268] INFO <XgL1J2iaJF8SzRobPwiT6HRd7B7CtDYhxobvWF7U56Yr2cXmd Chain> proposervm/pre_fork_block.go:238 built block {"blkID": "2Fw8tFTRzKkJKXfwc15kFWyjehp61f3kzFQ6yMaJFQBkBJwsyY", "innerBlkID": "iSApi6UeCCLcou3inK37mAxZYu4NeqQDchMPpX1y5we1fbdxZ", "height": 1, "pChainHeight": 6, "parentTimestamp": "[09-11|21:32:16.000]", "blockTimestamp": "[09-11|21:32:42.000]"}
[0;0m[1;33m[node3] [09-11|21:32:42.268] INFO <XgL1J2iaJF8SzRobPwiT6HRd7B7CtDYhxobvWF7U56Yr2cXmd Chain> proposervm/pre_fork_block.go:238 built block {"blkID": "2Fw8tFTRzKkJKXfwc15kFWyjehp61f3kzFQ6yMaJFQBkBJwsyY", "innerBlkID": "iSApi6UeCCLcou3inK37mAxZYu4NeqQDchMPpX1y5we1fbdxZ", "height": 1, "pChainHeight": 6, "parentTimestamp": "[09-11|21:32:16.000]", "blockTimestamp": "[09-11|21:32:42.000]"}
[0;0m[1;34m[node5] [09-11|21:32:42.268] INFO <XgL1J2iaJF8SzRobPwiT6HRd7B7CtDYhxobvWF7U56Yr2cXmd Chain> proposervm/pre_fork_block.go:238 built block {"blkID": "2Fw8tFTRzKkJKXfwc15kFWyjehp61f3kzFQ6yMaJFQBkBJwsyY", "innerBlkID": "iSApi6UeCCLcou3inK37mAxZYu4NeqQDchMPpX1y5we1fbdxZ", "height": 1, "pChainHeight": 6, "parentTimestamp": "[09-11|21:32:16.000]", "blockTimestamp": "[09-11|21:32:42.000]"}
[0;0m[0;36m[node4] [09-11|21:32:42.425] INFO <XgL1J2iaJF8SzRobPwiT6HRd7B7CtDYhxobvWF7U56Yr2cXmd Chain> proposervm/block.go:313 built block {"blkID": "XUiwfKPiKwJNDb9pZRCtH549kn4KAgU3Kwr9zmZV2Myuptwtn", "innerBlkID": "2PdnUtqdRoamiJeK4P67QwWfDn8wSBtpWYJ9t9nRZqRqnjChPu", "height": 2, "pChainHeight": 6, "parentTimestamp": "[09-11|21:32:42.000]", "blockTimestamp": "[09-11|21:32:42.000]", "epoch": {"pChainHeight":6,"number":1,"startTime":1789162362}}
[0;0m[1;36m[node1] [09-11|21:32:42.436] INFO health/worker.go:261 check started passing {"name": "health", "name": "bootstrapped", "tags": ["application"]}
[0;0m[0;35m[node2] [09-11|21:32:42.632] INFO health/worker.go:261 check started passing {"name": "health", "name": "bootstrapped", "tags": ["application"]}
[0;0m[1;34m[node5] [09-11|21:32:42.641] INFO <XgL1J2iaJF8SzRobPwiT6HRd7B7CtDYhxobvWF7U56Yr2cXmd Chain> proposervm/block.go:313 built block {"blkID": "29FpHiLj2PRdkqGG39iAiB8mYpAQhXKRXfb6jMokoQ6s8esaH2", "innerBlkID": "zqEHncJWHEw7KSmVLVjTEJSw3d3U2WqrFPipnN6ohV2V5aUgn", "height": 3, "pChainHeight": 6, "parentTimestamp": "[09-11|21:32:42.000]", "blockTimestamp": "[09-11|21:32:42.000]", "epoch": {"pChainHeight":6,"number":1,"startTime":1789162362}}
[0;0m[0;35m[node2] [09-11|21:32:42.815] INFO <XgL1J2iaJF8SzRobPwiT6HRd7B7CtDYhxobvWF7U56Yr2cXmd Chain> proposervm/block.go:313 built block {"blkID": "vspZ79tW23KbFtBut5fxXTQbWAQn3p1SG6dsNu41RAtfXZkec", "innerBlkID": "pBZPVpPzNYNXEZ7ktxouEMj2HRDBYR1BTfaFUfvqmCWsCBCyg", "height": 4, "pChainHeight": 6, "parentTimestamp": "[09-11|21:32:42.000]", "blockTimestamp": "[09-11|21:32:42.000]", "epoch": {"pChainHeight":6,"number":1,"startTime":1789162362}}
[0;0m[1;33m[node3] [09-11|21:32:42.816] INFO health/worker.go:261 check started passing {"name": "health", "name": "bootstrapped", "tags": ["application"]}
[0;0m[1;36m[node1] [09-11|21:32:43.035] INFO <XgL1J2iaJF8SzRobPwiT6HRd7B7CtDYhxobvWF7U56Yr2cXmd Chain> proposervm/block.go:313 built block {"blkID": "2FeueAT2aA63Hdt4irVWgzAsy44pVHvSpAcD9cz1Pjgr8voyTQ", "innerBlkID": "wKqTN6vf2dTETdhGRZY6nGxAj3YuGUwfpwFytkbS3Efe194mG", "height": 5, "pChainHeight": 6, "parentTimestamp": "[09-11|21:32:42.000]", "blockTimestamp": "[09-11|21:32:43.000]", "epoch": {"pChainHeight":6,"number":1,"startTime":1789162362}}
[0;0m[0;36m[node4] [09-11|21:32:43.038] INFO health/worker.go:261 check started passing {"name": "health", "name": "bootstrapped", "tags": ["application"]}
[0;0m[0;35m[node2] [09-11|21:32:43.271] INFO <XgL1J2iaJF8SzRobPwiT6HRd7B7CtDYhxobvWF7U56Yr2cXmd Chain> proposervm/block.go:313 built block {"blkID": "Rvf6FXwXWXUFxKW61o9GVhFT3cXvEYm7fe8oHvRbdXR9RKuhj", "innerBlkID": "ss2veDKWNKfj8pkSED7f7SCtCmSgsaADNm5SgHjykMNv6RFqP", "height": 6, "pChainHeight": 6, "parentTimestamp": "[09-11|21:32:43.000]", "blockTimestamp": "[09-11|21:32:43.000]", "epoch": {"pChainHeight":6,"number":1,"startTime":1789162362}}
[0;0m[0;36m[node4] [09-11|21:32:43.452] INFO <XgL1J2iaJF8SzRobPwiT6HRd7B7CtDYhxobvWF7U56Yr2cXmd Chain> proposervm/block.go:313 built block {"blkID": "fhDvcBJFvCMdZtg8aVTNMXSx7HPqVEUej7QUV6RxKx9gaxFEU", "innerBlkID": "76i7msra9BDbXNoP8aHHN27ZPTYcoN7rjGxjL7cahhfRYPZLJ", "height": 7, "pChainHeight": 6, "parentTimestamp": "[09-11|21:32:43.000]", "blockTimestamp": "[09-11|21:32:43.000]", "epoch": {"pChainHeight":6,"number":1,"startTime":1789162362}}
[0;0m[1;33m[node3] [09-11|21:32:43.697] INFO <XgL1J2iaJF8SzRobPwiT6HRd7B7CtDYhxobvWF7U56Yr2cXmd Chain> proposervm/block.go:313 built block {"blkID": "2gPUSxL1y7NEuoCH58vFPgRDXdr5h3e6TkSgeaAxoYYmCYS2bs", "innerBlkID": "tuP1V8qa2hXSZUcH6XnKwYxnV9hvAbUum8oyC9sGrK778Hmy8", "height": 8, "pChainHeight": 6, "parentTimestamp": "[09-11|21:32:43.000]", "blockTimestamp": "[09-11|21:32:43.000]", "epoch": {"pChainHeight":6,"number":1,"startTime":1789162362}}
[0;0m[1;33m[node3] [09-11|21:32:43.916] INFO <XgL1J2iaJF8SzRobPwiT6HRd7B7CtDYhxobvWF7U56Yr2cXmd Chain> proposervm/block.go:313 built block {"blkID": "cMzpLCWiig3y3pwbU7y9UghjDTVUE14h3JSeVMuprjExxMWgC", "innerBlkID": "2JCsdvpqkD4Rot7spz87HLAsTY8HWTyq6oSfpc7h6PCE8RjrCp", "height": 9, "pChainHeight": 6, "parentTimestamp": "[09-11|21:32:43.000]", "blockTimestamp": "[09-11|21:32:43.000]", "epoch": {"pChainHeight":6,"number":1,"startTime":1789162362}}
[0;0m[0;35m[node2] [09-11|21:32:44.125] INFO <XgL1J2iaJF8SzRobPwiT6HRd7B7CtDYhxobvWF7U56Yr2cXmd Chain> proposervm/block.go:313 built block {"blkID": "2LLiMhVEC7eFqCETWvsPs3TL3EyJVwHAbxhrPwv5rZHk5cLziB", "innerBlkID": "2YappK51y2o65SVXCVr9vtjFdPSNcsNxWKJBQ2QWSPPd3tc64t", "height": 10, "pChainHeight": 6, "parentTimestamp": "[09-11|21:32:43.000]", "blockTimestamp": "[09-11|21:32:44.000]", "epoch": {"pChainHeight":6,"number":1,"startTime":1789162362}}
[0;0m[0;35m[node2] [09-11|21:32:44.348] INFO <XgL1J2iaJF8SzRobPwiT6HRd7B7CtDYhxobvWF7U56Yr2cXmd Chain> proposervm/block.go:313 built block {"blkID": "2FoxEsghNSjGXx1gVcG3325FkbVJvTM82if8unLv8V9cix778j", "innerBlkID": "26kzELQUsVYnVuyHvkk68zkpu8zWyuCk8AGPM8rJTzAVBFbEhs", "height": 11, "pChainHeight": 6, "parentTimestamp": "[09-11|21:32:44.000]", "blockTimestamp": "[09-11|21:32:44.000]", "epoch": {"pChainHeight":6,"number":1,"startTime":1789162362}}
[0;0m[0;35m[node2] [09-11|21:32:44.594] INFO <XgL1J2iaJF8SzRobPwiT6HRd7B7CtDYhxobvWF7U56Yr2cXmd Chain> proposervm/block.go:313 built block {"blkID": "2nX9KTdEm1ixYYdTBdEjGuNDejBVb7BZQ5x1eRPNHqCjcTZEcJ", "innerBlkID": "HYT6M6uwYmhJHJFwRcocYfF9ogCq6Ay9umuBdfM66duPwWv1h", "height": 12, "pChainHeight": 6, "parentTimestamp": "[09-11|21:32:44.000]", "blockTimestamp": "[09-11|21:32:44.000]", "epoch": {"pChainHeight":6,"number":1,"startTime":1789162362}}
[0;0m[1;33m[node3] [09-11|21:32:44.877] INFO <XgL1J2iaJF8SzRobPwiT6HRd7B7CtDYhxobvWF7U56Yr2cXmd Chain> proposervm/block.go:313 built block {"blkID": "HBcQhu9MdWP1Ghwvmbfzk3xCdqQGtgVCyySv8kf1QkEZdBigE", "innerBlkID": "2FKUQsszRmUDYkWpz8tDhz3UkoPrFXLZ3UmVnyKPr2142B4pih", "height": 13, "pChainHeight": 6, "parentTimestamp": "[09-11|21:32:44.000]", "blockTimestamp": "[09-11|21:32:44.000]", "epoch": {"pChainHeight":6,"number":1,"startTime":1789162362}}
[0;0m[0;35m[node2] [09-11|21:32:45.078] INFO <XgL1J2iaJF8SzRobPwiT6HRd7B7CtDYhxobvWF7U56Yr2cXmd Chain> proposervm/block.go:313 built block {"blkID": "y5fcFCgDes3wG6w9JA8o5xng9XzErzSRij7riR7aTVMK5RiEJ", "innerBlkID": "cMG9EFAfKmbJkBfjnF8XkbVACGnYFoZymd6WRZprM4BoWFt3J", "height": 14, "pChainHeight": 6, "parentTimestamp": "[09-11|21:32:44.000]", "blockTimestamp": "[09-11|21:32:45.000]", "epoch": {"pChainHeight":6,"number":1,"startTime":1789162362}}
[0;0m[1;36m[node1] [09-11|21:32:45.359] INFO <XgL1J2iaJF8SzRobPwiT6HRd7B7CtDYhxobvWF7U56Yr2cXmd Chain> proposervm/block.go:313 built block {"blkID": "2PZK5mEywD93qKfsi5TFD5jWRUGdD7hGgNJvg3goUbv8FDwrtc", "innerBlkID": "26zSw9wR2WBNSKbDYvXnY7mfjgTNzna8ZyzSwkkE18eERXfbQ1", "height": 15, "pChainHeight": 6, "parentTimestamp": "[09-11|21:32:45.000]", "blockTimestamp": "[09-11|21:32:45.000]", "epoch": {"pChainHeight":6,"number":1,"startTime":1789162362}}
[0;0m[1;36m[node1] [09-11|21:32:45.564] INFO <XgL1J2iaJF8SzRobPwiT6HRd7B7CtDYhxobvWF7U56Yr2cXmd Chain> proposervm/block.go:313 built block {"blkID": "266idoepDj9unTe3t2pu2QtB6Cqii8WvgGvhLEgeCFNZKPEmKi", "innerBlkID": "UQZnHVLg97GGwDniccpKuv7KAm59SCgzbtf1PqU6QbPo9ntq3", "height": 16, "pChainHeight": 6, "parentTimestamp": "[09-11|21:32:45.000]", "blockTimestamp": "[09-11|21:32:45.000]", "epoch": {"pChainHeight":6,"number":1,"startTime":1789162362}}
[0;0m[1;33m[node3] [09-11|21:32:46.073] INFO <XgL1J2iaJF8SzRobPwiT6HRd7B7CtDYhxobvWF7U56Yr2cXmd Chain> proposervm/block.go:313 built block {"blkID": "45ZXKvJfGwwMriRuZepjHnYyQJ9HpdjLiJEitiSavoUiKeGxN", "innerBlkID": "oGUyGSwuvE8CrePcoD4kFTHJFrC46cgjxLN973ZayHkyD4sX", "height": 17, "pChainHeight": 6, "parentTimestamp": "[09-11|21:32:45.000]", "blockTimestamp": "[09-11|21:32:46.000]", "epoch": {"pChainHeight":6,"number":1,"startTime":1789162362}}
[0;0m[1;33m[node3] [09-11|21:32:46.634] INFO <XgL1J2iaJF8SzRobPwiT6HRd7B7CtDYhxobvWF7U56Yr2cXmd Chain> proposervm/block.go:313 built block {"blkID": "27BCZgBnxirEdJ8iRs4DXm24Z4s2JvwzuiUqacjqHbtAmihcns", "innerBlkID": "k1wUszCZhoScy4uUc9Ky3pGDSj5uGW7SSD3S9aHiF2UAYUHk4", "height": 18, "pChainHeight": 6, "parentTimestamp": "[09-11|21:32:46.000]", "blockTimestamp": "[09-11|21:32:46.000]", "epoch": {"pChainHeight":6,"number":1,"startTime":1789162362}}
[0;0m[0;36m[node4] [09-11|21:32:46.891] INFO <XgL1J2iaJF8SzRobPwiT6HRd7B7CtDYhxobvWF7U56Yr2cXmd Chain> proposervm/block.go:313 built block {"blkID": "25kCKbGhogQ9LbYqGGLdMmK3octHtxLqZyoN5JHFpeQtiRxCeC", "innerBlkID": "24kBnznHqSKEfXPFPmtTWJPxra3nAbEZJg9SzmnmDQ8kw3vDd6", "height": 19, "pChainHeight": 6, "parentTimestamp": "[09-11|21:32:46.000]", "blockTimestamp": "[09-11|21:32:46.000]", "epoch": {"pChainHeight":6,"number":1,"startTime":1789162362}}
[0;0m[1;36m[node1] [09-11|21:32:47.460] INFO <XgL1J2iaJF8SzRobPwiT6HRd7B7CtDYhxobvWF7U56Yr2cXmd Chain> proposervm/block.go:313 built block {"blkID": "rCf9VZqPaBkEyooa3LzLB2gecbGLA1J8DBih99u43TBCTjScA", "innerBlkID": "2LLuyGLa7QqjS8u8i6xAASfxzQBoPbshHvUURGe4gfkUjDFkvi", "height": 20, "pChainHeight": 6, "parentTimestamp": "[09-11|21:32:46.000]", "blockTimestamp": "[09-11|21:32:47.000]", "epoch": {"pChainHeight":6,"number":1,"startTime":1789162362}}
[0;0m[1;34m[node5] [09-11|21:32:47.744] INFO <XgL1J2iaJF8SzRobPwiT6HRd7B7CtDYhxobvWF7U56Yr2cXmd Chain> proposervm/block.go:313 built block {"blkID": "VBnhHyauac1zq51xSCW3Baw1dcetP9n4K9gBxt48CofeaVLrE", "innerBlkID": "2DZwd3HPMUxc1jL72Nvgg4Yer2vSbDSQNYKqTEuB4RZS8bYfEY", "height": 21, "pChainHeight": 6, "parentTimestamp": "[09-11|21:32:47.000]", "blockTimestamp": "[09-11|21:32:47.000]", "epoch": {"pChainHeight":6,"number":1,"startTime":1789162362}}
[0;0m[0;36m[node4] [09-11|21:32:48.441] INFO <XgL1J2iaJF8SzRobPwiT6HRd7B7CtDYhxobvWF7U56Yr2cXmd Chain> proposervm/block.go:313 built block {"blkID": "UUSnoQnvk41YF1TcVty2hXPbXVwVjtjpdxWwPm2md1gB6JjPw", "innerBlkID": "UFJnrta5wQ1UbMtcGvGUxiHRX82UirpLyhmNUWv5Wa8vMy6dw", "height": 22, "pChainHeight": 6, "parentTimestamp": "[09-11|21:32:47.000]", "blockTimestamp": "[09-11|21:32:48.000]", "epoch": {"pChainHeight":6,"number":1,"startTime":1789162362}}
[0;0m[0;35m[node2] [09-11|21:32:48.756] INFO <XgL1J2iaJF8SzRobPwiT6HRd7B7CtDYhxobvWF7U56Yr2cXmd Chain> proposervm/block.go:313 built block {"blkID": "29VBXdepyWBbtn4QPTvLnwtJMvvwH4V6mfi7LLV9AzU9F7FTKv", "innerBlkID": "2PqF1tKQ97KuVu3TRAPCvdozXNaKHuNDmjmfWXPceRWE4b5wpA", "height": 23, "pChainHeight": 6, "parentTimestamp": "[09-11|21:32:48.000]", "blockTimestamp": "[09-11|21:32:48.000]", "epoch": {"pChainHeight":6,"number":1,"startTime":1789162362}}
[0;0m[1;33m[node3] [09-11|21:33:05.439] INFO <XgL1J2iaJF8SzRobPwiT6HRd7B7CtDYhxobvWF7U56Yr2cXmd Chain> proposervm/block.go:313 built block {"blkID": "2bVbDQcW2FJzUCL28vjoua2k8moqN3qi1xxg8xo64wvfghdo6i", "innerBlkID": "qeo2UAEc95eWEpjNhM68K9D6GH7FAYRXRoe6HWqYQu2iCV86f", "height": 24, "pChainHeight": 6, "parentTimestamp": "[09-11|21:32:48.000]", "blockTimestamp": "[09-11|21:33:04.000]", "epoch": {"pChainHeight":6,"number":1,"startTime":1789162362}}
[0;0m[0;35m[node2] [09-11|21:33:10.957] INFO <XgL1J2iaJF8SzRobPwiT6HRd7B7CtDYhxobvWF7U56Yr2cXmd Chain> proposervm/block.go:313 built block {"blkID": "McFb6gNfoYLQpJ45nBPad1rYiJXun2QqNoSCLCRJ4G7kvrRcS", "innerBlkID": "DzVKjdvZAXTiDiNrsqEa2WTXHxS7c3eQ6uUJMqB4bDkYTTTh7", "height": 25, "pChainHeight": 7, "parentTimestamp": "[09-11|21:33:04.000]", "blockTimestamp": "[09-11|21:33:10.000]", "epoch": {"pChainHeight":6,"number":1,"startTime":1789162362}}
[0;0m[0;35m[node2] [09-11|21:34:13.121] INFO <XgL1J2iaJF8SzRobPwiT6HRd7B7CtDYhxobvWF7U56Yr2cXmd Chain> proposervm/block.go:313 built block {"blkID": "DVAYsuSXghF5F7ydbdz6paAz4f3qKYR5Zm9DHXwXWm6tPyCZC", "innerBlkID": "2fJPeSYwnb65PM3XFx33jVeuEmESBvRpfe53Y18hL2oPAiHcEv", "height": 26, "pChainHeight": 7, "parentTimestamp": "[09-11|21:33:10.000]", "blockTimestamp": "[09-11|21:34:13.000]", "epoch": {"pChainHeight":6,"number":1,"startTime":1789162362}}
[0;0m[1;36m[node1] [09-11|21:34:13.593] INFO <XgL1J2iaJF8SzRobPwiT6HRd7B7CtDYhxobvWF7U56Yr2cXmd Chain> proposervm/block.go:313 built block {"blkID": "2PTZc5UbGbARadwiWrSfYSiefdBDqqvTYNGarwiBk9ghE1Sixv", "innerBlkID": "28bRAzbdt3NsFFkYL8gGSW3sfA5QZJiGLV8tKBPnMUPoonfTvu", "height": 27, "pChainHeight": 7, "parentTimestamp": "[09-11|21:34:13.000]", "blockTimestamp": "[09-11|21:34:13.000]", "epoch": {"pChainHeight":7,"number":2,"startTime":1789162453}}
[0;0m[0;36m[node4] [09-11|21:34:14.042] INFO <XgL1J2iaJF8SzRobPwiT6HRd7B7CtDYhxobvWF7U56Yr2cXmd Chain> proposervm/block.go:313 built block {"blkID": "xHUPikxZZB4Lssd7TnG8EsqH4s3YUXsz82ZSa5o7xvTKE8pnk", "innerBlkID": "KT5TExiYJLTQWgT79qyodPQE2UzgVX9v6M1Xow3pP6oxS8iiH", "height": 28, "pChainHeight": 7, "parentTimestamp": "[09-11|21:34:13.000]", "blockTimestamp": "[09-11|21:34:13.000]", "epoch": {"pChainHeight":7,"number":2,"startTime":1789162453}}
[0;0m[1;36m[node1] [09-11|21:34:14.378] INFO <XgL1J2iaJF8SzRobPwiT6HRd7B7CtDYhxobvWF7U56Yr2cXmd Chain> proposervm/block.go:313 built block {"blkID": "39mKzTmhicgSXnBeLFHUEDuc54oeDYrJmPptMqMtEjkF1Cj5g", "innerBlkID": "2anF8pk2smDDaa8hf719A6qak6MdRNbtRx7dpDBfSvX5BTLn5d", "height": 29, "pChainHeight": 7, "parentTimestamp": "[09-11|21:34:13.000]", "blockTimestamp": "[09-11|21:34:14.000]", "epoch": {"pChainHeight":7,"number":2,"startTime":1789162453}}
[0;0m[0;36m[node4] [09-11|21:34:14.906] INFO <XgL1J2iaJF8SzRobPwiT6HRd7B7CtDYhxobvWF7U56Yr2cXmd Chain> proposervm/block.go:313 built block {"blkID": "yBS6runAmKiDXe4C7EjEKRWrCwqiLDJjTQPsXdx6PaQ8FML1m", "innerBlkID": "21uEabyeVkRR4x26D4Z5edbLdZAx1xP7KSnqRjCQht7WR13jPi", "height": 30, "pChainHeight": 7, "parentTimestamp": "[09-11|21:34:14.000]", "blockTimestamp": "[09-11|21:34:14.000]", "epoch": {"pChainHeight":7,"number":2,"startTime":1789162453}}
[0;0m[1;33m[node3] [09-11|21:34:15.396] INFO <XgL1J2iaJF8SzRobPwiT6HRd7B7CtDYhxobvWF7U56Yr2cXmd Chain> proposervm/block.go:313 built block {"blkID": "AWUnqiXc5Jknw8TRVVsEQZFwRFjDwmtvW3A7xowmDwqKKPPkY", "innerBlkID": "2oD1swHtWnVb9YdKvJ21RvjrZHhTbHdoiFRd911ZJ1qX94WjN5", "height": 31, "pChainHeight": 7, "parentTimestamp": "[09-11|21:34:14.000]", "blockTimestamp": "[09-11|21:34:15.000]", "epoch": {"pChainHeight":7,"number":2,"startTime":1789162453}}
[0;0m[1;33m[node3] [09-11|21:34:15.885] INFO <XgL1J2iaJF8SzRobPwiT6HRd7B7CtDYhxobvWF7U56Yr2cXmd Chain> proposervm/block.go:313 built block {"blkID": "2EFA9baLj2Tie9XkMGyb5TQvKgF7JZmRQAPBFVHcb2NWxK8hLt", "innerBlkID": "2Wehp7NpS1R3MpTRQLTMd7wahxv9i4CJaZUu5jTRvBhLWnRVZ8", "height": 32, "pChainHeight": 7, "parentTimestamp": "[09-11|21:34:15.000]", "blockTimestamp": "[09-11|21:34:15.000]", "epoch": {"pChainHeight":7,"number":2,"startTime":1789162453}}
[0;0m[1;36m[node1] [09-11|21:34:16.374] INFO <XgL1J2iaJF8SzRobPwiT6HRd7B7CtDYhxobvWF7U56Yr2cXmd Chain> proposervm/block.go:313 built block {"blkID": "ymguSsdtwnYxCYTiYuw9Pkhngeqek8r352DX1Fxw7VNrXBmfv", "innerBlkID": "2Gsp6J1wVsrTekYyyVfvGmfS59ukqbVYzWvFFvTsDc21Aaupto", "height": 33, "pChainHeight": 7, "parentTimestamp": "[09-11|21:34:15.000]", "blockTimestamp": "[09-11|21:34:16.000]", "epoch": {"pChainHeight":7,"number":2,"startTime":1789162453}}
[0;0m[1;33m[node3] [09-11|21:34:16.965] INFO <XgL1J2iaJF8SzRobPwiT6HRd7B7CtDYhxobvWF7U56Yr2cXmd Chain> proposervm/block.go:313 built block {"blkID": "dGrYe6UWfczcDNLcDJiof522uvpPZ7rgKraDqQ5ZKtmw7HxbU", "innerBlkID": "8PKxrzrNUTRDkach3A1keJWEoSUsTutg5S9Mp9Crhxeygm8PZ", "height": 34, "pChainHeight": 7, "parentTimestamp": "[09-11|21:34:16.000]", "blockTimestamp": "[09-11|21:34:16.000]", "epoch": {"pChainHeight":7,"number":2,"startTime":1789162453}}
[0;0m[1;34m[node5] [09-11|21:34:18.139] INFO <XgL1J2iaJF8SzRobPwiT6HRd7B7CtDYhxobvWF7U56Yr2cXmd Chain> proposervm/block.go:313 built block {"blkID": "YU64RZzQcPJ7GtZsfeJz7N73qViHUHoTMEfhAonVRUrFU8Wfx", "innerBlkID": "T3vHBnVba8thYR7VVicu2wfGxUNjzrSEWWbuoXY4W9Wf7NfVg", "height": 35, "pChainHeight": 7, "parentTimestamp": "[09-11|21:34:16.000]", "blockTimestamp": "[09-11|21:34:18.000]", "epoch": {"pChainHeight":7,"number":2,"startTime":1789162453}}
[0;0m[1;33m[node3] [09-11|21:34:33.427] INFO node/node.go:1828 shutting down node {"exitCode": 0}
[0;0m[1;33m[node3] [09-11|21:34:33.427] INFO health/worker.go:115 registered new check and initialized its state to failing {"name": "health", "name": "shuttingDown", "tags": ["application"]}
[0;0m[1;33m[node3] [09-11|21:34:33.427] INFO chains/manager.go:1543 shutting down chain manager
[0;0m[1;33m[node3] [09-11|21:34:33.427] INFO router/chain_router.go:421 shutting down chain router
[0;0m[1;33m[node3] [09-11|21:34:33.427] INFO <P Chain> snowman/engine.go:435 shutting down consensus engine
[0;0m[1;33m[node3] [09-11|21:34:33.427] INFO <X Chain> snowman/engine.go:435 shutting down consensus engine
[0;0m[1;33m[node3] [09-11|21:34:33.427] INFO <C Chain> snowman/engine.go:435 shutting down consensus engine
[0;0m[1;33m[node3] [09-11|21:34:33.427] INFO <XgL1J2iaJF8SzRobPwiT6HRd7B7CtDYhxobvWF7U56Yr2cXmd Chain> snowman/engine.go:435 shutting down consensus engine
[0;0m[1;33m[node3] [09-11|21:34:33.427] INFO <P Chain> router/chain_router.go:445 chain shutdown {"shutdownDuration": "180.375µs"}
[0;0m[1;33m[node3] [09-11|21:34:33.427] INFO <C Chain> core/txpool/legacypool/legacypool.go:454 Transaction pool stopped
[0;0m[1;33m[node3] [09-11|21:34:33.427] INFO <C Chain> core/blockchain.go:975 Closing quit channel
[0;0m[1;33m[node3] [09-11|21:34:33.427] INFO <C Chain> core/blockchain.go:978 Stopping Acceptor
[0;0m[1;33m[node3] [09-11|21:34:33.427] INFO <C Chain> core/blockchain.go:981 Acceptor queue drained                   t=909ns
[0;0m[1;33m[node3] [09-11|21:34:33.427] INFO <C Chain> core/blockchain.go:984 Shutting down sender cacher
[0;0m[1;33m[node3] [09-11|21:34:33.428] INFO <C Chain> core/blockchain.go:988 Closing scope
[0;0m[1;33m[node3] [09-11|21:34:33.428] INFO <C Chain> core/blockchain.go:992 Waiting for background processes to complete
[0;0m[1;33m[node3] [09-11|21:34:33.428] INFO <C Chain> core/blockchain.go:1011 Shutting down state manager
[0;0m[1;33m[node3] [09-11|21:34:33.428] INFO <C Chain> core/blockchain.go:1016 State manager shut down                  t=666ns
[0;0m[1;33m[node3] [09-11|21:34:33.428] INFO <C Chain> core/blockchain.go:1021 Blockchain stopped
[0;0m[1;33m[node3] [09-11|21:34:33.428] INFO <C Chain> eth/backend.go:407 Stopped shutdownTracker
[0;0m[1;33m[node3] [09-11|21:34:33.428] INFO <C Chain> eth/backend.go:410 Closed chaindb
[0;0m[1;33m[node3] [09-11|21:34:33.428] INFO <C Chain> eth/backend.go:412 Stopped EventMux
[0;0m[1;33m[node3] [09-11|21:34:33.428] INFO <C Chain> router/chain_router.go:445 chain shutdown {"shutdownDuration": "755.195µs"}
[0;0m[1;33m[node3] [09-11|21:34:33.428] INFO <X Chain> router/chain_router.go:445 chain shutdown {"shutdownDuration": "196.277µs"}
[0;0m[1;33m[node3] [09-11|21:34:33.450] INFO <XgL1J2iaJF8SzRobPwiT6HRd7B7CtDYhxobvWF7U56Yr2cXmd Chain> router/chain_router.go:445 chain shutdown {"shutdownDuration": "22.841748ms"}
[0;0m[1;33m[node3] [09-11|21:34:33.450] INFO <XgL1J2iaJF8SzRobPwiT6HRd7B7CtDYhxobvWF7U56Yr2cXmd Chain> subprocess/runtime.go:111 stdout collector shutdown
[0;0m[1;33m[node3] [09-11|21:34:33.450] INFO network/network.go:1142 shutting down the p2p networking
[0;0m[1;33m[node3] [09-11|21:34:33.450] INFO <XgL1J2iaJF8SzRobPwiT6HRd7B7CtDYhxobvWF7U56Yr2cXmd Chain> subprocess/runtime.go:124 stderr collector shutdown
[0;0m[1;33m[node3] [09-11|21:34:33.450] INFO nat/nat.go:193 Unmapped all ports
[0;0m[1;33m[node3] [09-11|21:34:33.450] INFO node/node.go:1885 cleaning up plugin runtimes
[0;0m[1;33m[node3] [09-11|21:34:33.451] INFO node/node.go:1913 finished node shutdown
[0;0m[09-11|21:34:33.632] INFO local/network.go:620 adding node {"node-name": "node3", "node-dir": "/workspace/runs/native-04/network-data/node3", "log-dir": "/workspace/runs/native-04/network-data/node3/logs", "db-dir": "/workspace/runs/native-04/network-data/node3/db", "p2p-port": 40017, "api-port": 42647}
[0;37m[node3] [09-11|21:34:33.807] INFO node/node.go:158 initializing node {"version": "avalanchego/1.14.2", "commit": "6e5acf909c7a16b991142d6b3979bac5699bdb68", "nodeID": "NodeID-NFBbbJ4qCmNaCzeW7sxErhvWqvEQMnYcN", "stakingKeyType": "RSA", "nodePOP": {"publicKey":"0xb20ab07ea5cf8b77ab50f2071a6f1d2aab693c8bd89761430cd29de9fa0dbae83a32c7697d59ff1b06995b1596c16fa6","proofOfPossession":"0xa113145564d7ac540fade2526938fbd33233957901111328c86c4cbe7ed25f678173d95c54b3342fd7b723c3ed813f2b04fecf4a317205ce65638bb34bb58bb6746e74c63e6cbe5cb25c103b290ed270146b756d3901c8b0f99d083a44572c79"}, "providedFlags": {"api-admin-enabled":"true","bootstrap-ids":"NodeID-GWPcbFJZFfZreETSoWjPimr846mXEKCtu,NodeID-7Xhw2mDxuDS44j42TCB6U5579esbSt3Lg,NodeID-MFrZFVCXPv5iCn6M9K6XduxGTYp891xXZ,NodeID-P7oB2McjBGgW2NXXWVYjV8JEDFoW9xDE5","bootstrap-ips":"127.0.0.1:43359,127.0.0.1:45319,127.0.0.1:39243,127.0.0.1:33097","chain-config-dir":"/workspace/runs/native-04/network-data/node3/chainConfigs","config-file":"/workspace/runs/native-04/network-data/node3/configs/config.json","data-dir":"/workspace/runs/native-04/network-data/node3","db-dir":"/workspace/runs/native-04/network-data/node3/db","genesis-file":"/workspace/runs/native-04/network-data/node3/configs/genesis.json","health-check-frequency":"2s","http-host":"","http-port":"42647","index-enabled":"true","log-dir":"/workspace/runs/native-04/network-data/node3/logs","log-display-level":"INFO","log-level":"INFO","network-id":"1337","network-max-reconnect-delay":"1s","plugin-dir":"/workspace/runs/native-04/plugins","public-ip":"127.0.0.1","staking-port":"40017","subnet-config-dir":"/workspace/runs/native-04/network-data/node3/subnetConfigs","track-subnets":"99qx6GvmNDqvtLVdVkzBJs2qrjVJ94gZKmauAUWJGJDMdHA41"}, "config": {"httpConfig":{"readTimeout":30000000000,"readHeaderTimeout":30000000000,"writeHeaderTimeout":30000000000,"idleTimeout":120000000000,"apiConfig":{"indexerConfig":{"indexAPIEnabled":true,"indexAllowIncomplete":false},"adminAPIEnabled":true,"infoAPIEnabled":true,"metricsAPIEnabled":true,"healthAPIEnabled":true},"httpHost":"","httpPort":42647,"httpsEnabled":false,"httpAllowedOrigins":["*"],"httpAllowedHosts":["localhost"],"shutdownTimeout":10000000000,"shutdownWait":0},"ipConfig":{"publicIP":"127.0.0.1","publicIPResolutionService":"","publicIPResolutionFreq":300000000000,"listenHost":"","listenPort":40017},"stakingConfig":{"uptimeRequirement":0.8,"minValidatorStake":2000000000000,"maxValidatorStake":3000000000000000,"minDelegatorStake":25000000000,"minDelegationFee":20000,"minStakeDuration":86400000000000,"maxStakeDuration":31536000000000000,"rewardConfig":{"maxConsumptionRate":120000,"minConsumptionRate":100000,"mintingPeriod":31536000000000000,"supplyCap":720000000000000000},"sybilProtectionEnabled":true,"partialSyncPrimaryNetwork":false,"sybilProtectionDisabledWeight":100,"stakingTLSKeyPath":"/workspace/runs/native-04/network-data/node3/staking/staker.key","stakingTLSCertPath":"/workspace/runs/native-04/network-data/node3/staking/staker.crt","stakingSingerConfig":{"ephemeralSignerEnabled":false,"signerKeyContent":"","keyPath":"/workspace/runs/native-04/network-data/node3/staking/signer.key","RPCEndpoint":"","keyPathIsSet":false}},"txFeeConfig":{"createAssetTxFee":1000000,"txFee":1000000,"dynamicFeeConfig":{"weights":[1,1000,1000,4],"maxCapacity":1000000,"maxPerSecond":100000,"targetPerSecond":50000,"minPrice":1,"excessConversionConstant":2164043},"validatorFeeConfig":{"capacity":20000,"target":10000,"minPrice":1,"excessConversionConstant":865617}},"stateSyncConfig":{"stateSyncIDs":null,"stateSyncIPs":null},"bootstrapConfig":{"bootstrapBeaconConnectionTimeout":60000000000,"bootstrapAncestorsMaxContainersSent":2000,"bootstrapAncestorsMaxContainersReceived":2000,"bootstrapMaxTimeGetAncestors":50000000,"bootstrappers":[{"id":"NodeID-GWPcbFJZFfZreETSoWjPimr846mXEKCtu","ip":"127.0.0.1:43359"},{"id":"NodeID-7Xhw2mDxuDS44j42TCB6U5579esbSt3Lg","ip":"127.0.0.1:45319"},{"id":"NodeID-MFrZFVCXPv5iCn6M9K6XduxGTYp891xXZ","ip":"127.0.0.1:39243"},{"id":"NodeID-P7oB2McjBGgW2NXXWVYjV8JEDFoW9xDE5","ip":"127.0.0.1:33097"}]},"databaseConfig":{"readOnly":false,"path":"/workspace/runs/native-04/network-data/node3/db/network-1337","name":"leveldb"},"upgradeConfig":{"apricotPhase1Time":"2020-12-05T05:00:00Z","apricotPhase2Time":"2020-12-05T05:00:00Z","apricotPhase3Time":"2020-12-05T05:00:00Z","apricotPhase4Time":"2020-12-05T05:00:00Z","apricotPhase4MinPChainHeight":0,"apricotPhase5Time":"2020-12-05T05:00:00Z","apricotPhasePre6Time":"2020-12-05T05:00:00Z","apricotPhase6Time":"2020-12-05T05:00:00Z","apricotPhasePost6Time":"2020-12-05T05:00:00Z","banffTime":"2020-12-05T05:00:00Z","cortinaTime":"2020-12-05T05:00:00Z","cortinaXChainStopVertexID":"11111111111111111111111111111111LpoYY","durangoTime":"2020-12-05T05:00:00Z","etnaTime":"2020-12-05T05:00:00Z","fortunaTime":"2020-12-05T05:00:00Z","graniteTime":"2020-12-05T05:00:00Z","graniteEpochDuration":30000000000,"heliconTime":"9999-12-01T00:00:00Z"},"avaxAssetID":"28VTWcsTZ55draGkmjdcS9CFFv4zC3PbvVjkyoqxzNC7Y5msRP","networkID":1337,"healthCheckFreq":2000000000,"networkConfig":{"healthConfig":{"NoIngressValidatorConnectionGracePeriod":600000000000,"minConnectedPeers":1,"maxTimeSinceMsgReceived":60000000000,"maxTimeSinceMsgSent":60000000000,"maxPortionSendQueueBytesFull":0.9,"maxSendFailRate":0.9,"sendFailRateHalflife":10000000000},"peerListGossipConfig":{"peerListNumValidatorIPs":15,"peerListPullGossipFreq":2000000000,"peerListBloomResetFreq":60000000000},"timeoutConfigs":{"pingPongTimeout":30000000000,"readHandshakeTimeout":15000000000},"delayConfig":{"initialReconnectDelay":1000000000,"maxReconnectDelay":1000000000},"throttlerConfig":{"inboundConnUpgradeThrottlerConfig":{"upgradeCooldown":10000000000,"maxRecentConnsUpgraded":2560},"inboundMsgThrottlerConfig":{"byteThrottlerConfig":{"vdrAllocSize":33554432,"atLargeAllocSize":6291456,"nodeMaxAtLargeBytes":2097152},"bandwidthThrottlerConfig":{"bandwidthRefillRate":524288,"bandwidthMaxBurstRate":2097152},"cpuThrottlerConfig":{"maxRecheckDelay":5000000000},"diskThrottlerConfig":{"maxRecheckDelay":5000000000},"maxProcessingMsgsPerNode":1024},"outboundMsgThrottlerConfig":{"vdrAllocSize":33554432,"atLargeAllocSize":33554432,"nodeMaxAtLargeBytes":2097152},"maxInboundConnsPerSec":256},"proxyEnabled":false,"proxyReadHeaderTimeout":3000000000,"dialerConfig":{"throttleRps":50,"connectionTimeout":30000000000},"tlsKeyLogFile":"","myNodeID":"NodeID-111111111111111111116DBWJs","myIP":null,"networkID":0,"maxClockDifference":60000000000,"pingFrequency":22500000000,"allowPrivateIPs":true,"supportedACPs":[],"objectedACPs":[],"compressionType":"zstd","uptimeMetricFreq":30000000000,"requireValidatorToConnect":false,"maximumInboundMessageTimeout":10000000000,"peerReadBufferSize":8192,"peerWriteBufferSize":8192,"connectToAllValidators":false},"adaptiveTimeoutConfig":{"initialTimeout":5000000000,"minimumTimeout":2000000000,"maximumTimeout":10000000000,"timeoutCoefficient":2,"timeoutHalflife":300000000000},"benchlistConfig":{"halflife":60000000000,"unbenchProbability":0.2,"benchProbability":0.5,"benchDuration":300000000000,"maxPortion":0.08333333333333333},"profilerConfig":{"dir":"/workspace/runs/native-04/network-data/node3/profiles","enabled":false,"freq":900000000000,"maxNumFiles":5},"loggingConfig":{"maxSize":8,"maxFiles":7,"maxAge":0,"directory":"/workspace/runs/native-04/network-data/node3/logs","compress":false,"disableWriterDisplaying":false,"logLevel":"INFO","displayLevel":"INFO","logFormat":"plain"},"pluginDir":"/workspace/runs/native-04/plugins","fdLimit":32768,"meterVMEnabled":true,"routerHealthConfig":{"maxDropRate":1,"maxDropRateHalflife":10000000000,"maxOutstandingRequests":1024,"maxOutstandingDuration":300000000000,"maxRunTimeRequests":10000000000},"consensusShutdownTimeout":60000000000,"consensusGossipFreq":100000000,"consensusAppConcurrency":2,"trackedSubnets":["99qx6GvmNDqvtLVdVkzBJs2qrjVJ94gZKmauAUWJGJDMdHA41"],"proposerMinBlockDelay":1000000000,"subnetConfigs":{"11111111111111111111111111111111LpoYY":{"validatorOnly":false,"allowedNodes":[],"consensusParameters":null,"snowParameters":{"k":20,"alphaPreference":15,"alphaConfidence":15,"beta":20,"concurrentRepolls":4,"optimalProcessing":10,"maxOutstandingItems":256,"maxItemProcessingTime":30000000000},"simplexParameters":null,"proposerNumHistoricalBlocks":0},"99qx6GvmNDqvtLVdVkzBJs2qrjVJ94gZKmauAUWJGJDMdHA41":{"validatorOnly":false,"allowedNodes":[],"consensusParameters":null,"snowParameters":{"k":20,"alphaPreference":15,"alphaConfidence":15,"beta":20,"concurrentRepolls":4,"optimalProcessing":10,"maxOutstandingItems":256,"maxItemProcessingTime":30000000000},"simplexParameters":null,"proposerNumHistoricalBlocks":0}},"chainAliases":null,"vmAliases":null,"systemTrackerProcessingHalflife":15000000000,"systemTrackerFrequency":500000000,"systemTrackerCPUHalflife":15000000000,"systemTrackerDiskHalflife":60000000000,"cpuTargeterConfig":{"vdrAlloc":64,"maxNonVdrUsage":51.2,"maxNonVdrNodeUsage":8},"diskTargeterConfig":{"vdrAlloc":1073741824000,"maxNonVdrUsage":1073741824000,"maxNonVdrNodeUsage":1073741824000},"requiredAvailableDiskSpacePercentage":3,"warningAvailableDiskSpacePercentage":10,"traceConfig":{"exporterConfig":{"type":"disabled","endpoint":"","headers":{},"insecure":true},"traceSampleRate":0.1,"appName":"avalanchego","version":"avalanchego/1.14.2"},"useCurrentHeight":false,"chainDataDir":"/workspace/runs/native-04/network-data/node3/chainData","processContextFilePath":"/workspace/runs/native-04/network-data/node3/process.json"}}
[0;0m[0;37m[node3] [09-11|21:34:33.808] INFO node/node.go:931 initializing NAT
[0;0m[0;37m[node3] [09-11|21:34:33.808] INFO node/node.go:949 initializing API server
[0;0m[0;37m[node3] [09-11|21:34:33.808] WARN node/node.go:986 HTTP server is binding to a potentially public host. You may be vulnerable to a DoS attack if your HTTP port is publicly accessible {"host": ""}
[0;0m[0;37m[node3] [09-11|21:34:33.808] INFO server/server.go:133 API created {"allowedOrigins": ["*"]}
[0;0m[0;37m[node3] [09-11|21:34:33.808] INFO node/node.go:1300 initializing metrics API
[0;0m[0;37m[node3] [09-11|21:34:33.808] INFO server/server.go:245 adding route {"url": "/ext/metrics", "endpoint": ""}
[0;0m[0;37m[node3] [09-11|21:34:33.808] INFO leveldb/db.go:205 creating leveldb {"config": {"blockCacheCapacity":12582912,"blockSize":0,"compactionExpandLimitFactor":0,"compactionGPOverlapsFactor":0,"compactionL0Trigger":0,"compactionSourceLimitFactor":0,"compactionTableSize":0,"compactionTableSizeMultiplier":0,"compactionTableSizeMultiplierPerLevel":null,"compactionTotalSize":0,"compactionTotalSizeMultiplier":0,"disableSeeksCompaction":true,"openFilesCacheCapacity":1024,"writeBuffer":6291456,"filterBitsPerKey":10,"maxManifestFileSize":9223372036854775807,"metricUpdateFrequency":10000000000}}
[0;0m[0;37m[node3] [09-11|21:34:33.855] INFO node/node.go:829 initializing database {"genesisHash": "2ed9HKxaGgRBm1Jca7UtD8yEhtxJGicEL5XYsbKf6R8oERZJ1X"}
[0;0m[0;37m[node3] [09-11|21:34:33.856] INFO node/node.go:1267 initializing SharedMemory
[0;0m[0;37m[node3] [09-11|21:34:33.857] WARN node/node.go:502 P2P IP is private, you will not be publicly discoverable {"ip": "127.0.0.1"}
[0;0m[0;37m[node3] [09-11|21:34:33.857] INFO node/node.go:517 initializing networking {"ip": "127.0.0.1:40017"}
[0;0m[0;37m[node3] [09-11|21:34:33.857] INFO node/node.go:1431 initializing Health API
[0;0m[0;37m[node3] [09-11|21:34:33.857] INFO health/worker.go:115 registered new check and initialized its state to failing {"name": "health", "name": "network", "tags": ["application"]}
[0;0m[0;37m[node3] [09-11|21:34:33.857] INFO health/worker.go:115 registered new check and initialized its state to failing {"name": "health", "name": "router", "tags": ["application"]}
[0;0m[0;37m[node3] [09-11|21:34:33.857] INFO health/worker.go:115 registered new check and initialized its state to failing {"name": "health", "name": "database", "tags": ["application"]}
[0;0m[0;37m[node3] [09-11|21:34:33.857] INFO health/worker.go:115 registered new check and initialized its state to failing {"name": "health", "name": "diskspace", "tags": ["application"]}
[0;0m[0;37m[node3] [09-11|21:34:33.857] INFO health/worker.go:115 registered new check and initialized its state to failing {"name": "health", "name": "bls", "tags": ["application"]}
[0;0m[0;37m[node3] [09-11|21:34:33.857] INFO health/worker.go:115 registered new check and initialized its state to failing {"name": "health", "name": "futureupgrade", "tags": ["application"]}
[0;0m[0;37m[node3] [09-11|21:34:33.857] INFO server/server.go:245 adding route {"url": "/ext/health", "endpoint": ""}
[0;0m[0;37m[node3] [09-11|21:34:33.857] INFO server/server.go:245 adding route {"url": "/ext/health", "endpoint": "/readiness"}
[0;0m[0;37m[node3] [09-11|21:34:33.857] INFO server/server.go:245 adding route {"url": "/ext/health", "endpoint": "/health"}
[0;0m[0;37m[node3] [09-11|21:34:33.857] INFO server/server.go:245 adding route {"url": "/ext/health", "endpoint": "/liveness"}
[0;0m[0;37m[node3] [09-11|21:34:33.857] INFO node/node.go:1041 adding the default VM aliases
[0;0m[0;37m[node3] [09-11|21:34:33.858] INFO node/node.go:1185 initializing VMs
[0;0m[0;37m[node3] [09-11|21:34:33.863] INFO subprocess/runtime.go:143 plugin handshake succeeded {"addr": "127.0.0.1:34235"}
[0;0m[0;37m[node3] [09-11|21:34:33.908] INFO node/node.go:1319 initializing admin API
[0;0m[0;37m[node3] [09-11|21:34:33.908] INFO server/server.go:245 adding route {"url": "/ext/admin", "endpoint": ""}
[0;0m[0;37m[node3] [09-11|21:34:33.908] INFO node/node.go:1373 initializing info API
[0;0m[0;37m[node3] [09-11|21:34:33.908] INFO subprocess/runtime.go:111 stdout collector shutdown
[0;0m[0;37m[node3] [09-11|21:34:33.908] INFO subprocess/runtime.go:124 stderr collector shutdown
[0;0m[0;37m[node3] [09-11|21:34:33.909] INFO server/server.go:245 adding route {"url": "/ext/info", "endpoint": ""}
[0;0m[0;37m[node3] [09-11|21:34:33.909] INFO node/node.go:1667 initializing chain aliases
[0;0m[0;37m[node3] [09-11|21:34:33.909] INFO node/node.go:1694 initializing API aliases
[0;0m[0;37m[node3] [09-11|21:34:33.909] INFO node/node.go:1346 skipping profiler initialization because it has been disabled
[0;0m[0;37m[node3] [09-11|21:34:33.909] INFO node/node.go:907 initializing chains
[0;0m[0;37m[node3] [09-11|21:34:33.909] INFO chains/manager.go:376 creating chain {"subnetID": "11111111111111111111111111111111LpoYY", "chainID": "11111111111111111111111111111111LpoYY", "vmID": "rWhpuQPF1kb72esV2momhMuTYGkEb1oL29pt2EBXWmSy4kxnT"}
[0;0m[0;37m[node3] [09-11|21:34:33.909] INFO chains/manager.go:1180 creating proposervm wrapper {"activationTime": "[12-05|05:00:00.000]", "minPChainHeight": 0, "minBlockDelay": "1s", "numHistoricalBlocks": 0}
[0;0m[0;37m[node3] [09-11|21:34:33.909] INFO health/worker.go:261 check started passing {"name": "health", "name": "database", "tags": ["application"]}
[0;0m[0;37m[node3] [09-11|21:34:33.909] INFO health/worker.go:261 check started passing {"name": "health", "name": "diskspace", "tags": ["application"]}
[0;0m[0;37m[node3] [09-11|21:34:33.909] INFO health/worker.go:261 check started passing {"name": "health", "name": "bls", "tags": ["application"]}
[0;0m[0;37m[node3] [09-11|21:34:33.909] INFO health/worker.go:261 check started passing {"name": "health", "name": "router", "tags": ["application"]}
[0;0m[0;37m[node3] [09-11|21:34:33.909] INFO <P Chain> platformvm/vm.go:113 using VM execution config {"config": {"network":{"max-validator-set-staleness":60000000000,"target-gossip-size":20480,"push-gossip-percent-stake":0.9,"push-gossip-num-validators":100,"push-gossip-num-peers":0,"push-regossip-num-validators":10,"push-regossip-num-peers":0,"push-gossip-discarded-cache-size":16384,"push-gossip-max-regossip-frequency":30000000000,"push-gossip-frequency":500000000,"pull-gossip-frequency":1500000000,"pull-gossip-throttling-period":3600000000000,"pull-gossip-requests-per-validator":2400,"expected-bloom-filter-elements":8192,"expected-bloom-filter-false-positive-probability":0.01,"max-bloom-filter-false-positive-probability":0.05},"block-cache-size":67108864,"tx-cache-size":134217728,"transformed-subnet-tx-cache-size":4194304,"reward-utxos-cache-size":2048,"chain-cache-size":2048,"chain-db-cache-size":2048,"block-id-cache-size":8192,"fx-owner-cache-size":4194304,"subnet-to-l1-conversion-cache-size":4194304,"l1-weights-cache-size":16384,"l1-inactive-validators-cache-size":262144,"l1-subnet-id-node-id-cache-size":16384,"checksums-enabled":false,"mempool-prune-frequency":1800000000000,"mempool-gas-capacity":1000000}}
[0;0m[0;37m[node3] [09-11|21:34:33.917] INFO <P Chain> platformvm/vm.go:233 initializing last accepted {"blkID": "sA5UXSMwbif6t9UrkNM8GKCqsypSDtdk39yuPtNzoq6fcid5x"}
[0;0m[0;37m[node3] [09-11|21:34:33.917] INFO <P Chain> proposervm/vm.go:202 initialized proposervm {"state": "after fork", "forkHeight": 1, "lastAcceptedHeight": 7}
[0;0m[0;37m[node3] [09-11|21:34:33.917] INFO <P Chain> snowman/engine.go:98 initializing consensus engine
[0;0m[0;37m[node3] [09-11|21:34:33.917] INFO <P Chain> state/state.go:3238 blocks already reindexed
[0;0m[0;37m[node3] [09-11|21:34:33.917] INFO health/worker.go:115 registered new check and initialized its state to failing {"name": "health", "name": "P", "tags": ["11111111111111111111111111111111LpoYY"]}
[0;0m[0;37m[node3] [09-11|21:34:33.917] INFO server/server.go:216 adding route {"url": "/ext/bc/11111111111111111111111111111111LpoYY", "endpoint": ""}
[0;0m[0;37m[node3] [09-11|21:34:33.917] INFO server/server.go:216 adding route {"url": "/ext/bc/11111111111111111111111111111111LpoYY", "endpoint": "/proposervm"}
[0;0m[0;37m[node3] [09-11|21:34:33.918] INFO indexer/index.go:92 created new index {"nextAcceptedIndex": 7}
[0;0m[0;37m[node3] [09-11|21:34:33.918] INFO server/server.go:245 adding route {"url": "/ext/index/P", "endpoint": "/block"}
[0;0m[0;37m[node3] [09-11|21:34:33.918] INFO health/worker.go:115 registered new check and initialized its state to failing {"name": "readiness", "name": "bootstrapped", "tags": ["application"]}
[0;0m[0;37m[node3] [09-11|21:34:33.918] INFO health/worker.go:115 registered new check and initialized its state to failing {"name": "health", "name": "bootstrapped", "tags": ["application"]}
[0;0m[0;37m[node3] [09-11|21:34:33.918] INFO <P Chain> bootstrap/bootstrapper.go:192 starting bootstrapper {"lastAcceptedID": "2uwK9k1YJs6T3BbSzEEprs5F1KEHWzGFvwreqWJvrHFpqe7HfA", "lastAcceptedHeight": 7}
[0;0m[0;37m[node3] [09-11|21:34:33.919] INFO chains/manager.go:1512 starting chain creator
[0;0m[0;37m[node3] [09-11|21:34:33.919] INFO node/node.go:647 writing process context {"path": "/workspace/runs/native-04/network-data/node3/process.json"}
[0;0m[0;37m[node3] [09-11|21:34:33.928] INFO node/node.go:674 API server listening {"uri": "http://[::]:42647"}
[0;0m[0;37m[node3] [09-11|21:34:33.948] INFO <P Chain> bootstrap/bootstrapper.go:397 starting to fetch blocks {"numKnownBlocks": 0, "numAcceptedBlocks": 1, "numMissingBlocks": 1}
[0;0m[0;37m[node3] [09-11|21:34:33.948] INFO <P Chain> bootstrap/storage.go:195 executing blocks {"numToExecute": 0}
[0;0m[0;37m[node3] [09-11|21:34:33.948] INFO <P Chain> bootstrap/storage.go:187 executed blocks {"numExecuted": 0, "numToExecute": 0, "halted": false, "duration": "27.327µs"}
[0;0m[0;37m[node3] [09-11|21:34:33.948] INFO <P Chain> bootstrap/bootstrapper.go:738 waiting for the remaining chains in this subnet to finish syncing
[0;0m[0;37m[node3] [09-11|21:34:33.948] INFO chains/manager.go:376 creating chain {"subnetID": "11111111111111111111111111111111LpoYY", "chainID": "NeA134STyTVwife7gYeNQ6Hwi5GPGC2X7aUFvWsnusnpM2do6", "vmID": "mgj786NP7uDwBCcq6YwThhaN8FLyybkCa4zBWTQbNgmK6k9A6"}
[0;0m[0;37m[node3] [09-11|21:34:33.948] INFO chains/manager.go:1180 creating proposervm wrapper {"activationTime": "[12-05|05:00:00.000]", "minPChainHeight": 0, "minBlockDelay": "0s", "numHistoricalBlocks": 0}
[0;0m[0;37m[node3] [09-11|21:34:33.949] INFO <C Chain> plugin/evm/vm.go:299 Initializing Coreth VM                   Version=v1.14.2 "libevm version"=1.13.14-0.4.0.rc.2 Config="{GasTarget:<nil> MinDelayTarget:<nil> AdminAPIEnabled:false AdminAPIDir: WarpAPIEnabled:false EnabledEthAPIs:[eth eth-filter net web3 internal-eth internal-blockchain internal-transaction internal-account] ContinuousProfilerDir: ContinuousProfilerFrequency:15m0s ContinuousProfilerMaxFiles:5 RPCGasCap:50000000 RPCTxFeeCap:100 TrieCleanCache:512 TrieDirtyCache:512 TrieDirtyCommitTarget:20 TriePrefetcherParallelism:16 SnapshotCache:256 Preimages:false SnapshotWait:false SnapshotVerify:false Pruning:true AcceptorQueueLimit:64 CommitInterval:4096 AllowMissingTries:false PopulateMissingTries:<nil> PopulateMissingTriesParallelism:1024 PruneWarpDB:false HistoricalProofQueryWindow:43200 MetricsExpensiveEnabled:false LocalTxsEnabled:false PriceOptionSlowFeePercentage:95 PriceOptionFastFeePercentage:105 PriceOptionMaxTip:20000000000 TxPoolPriceLimit:1 TxPoolPriceBump:10 TxPoolAccountSlots:16 TxPoolGlobalSlots:5120 TxPoolAccountQueue:64 TxPoolGlobalQueue:1024 TxPoolLifetime:10m0s APIMaxDuration:0s WSCPURefillRate:0s WSCPUMaxStored:0s MaxBlocksPerRequest:0 AllowUnfinalizedQueries:false AllowUnprotectedTxs:false AllowUnprotectedTxHashes:[0xfefb2da535e927b85fe68eb81cb2e4a5827c905f78381a01ef2322aa9b0aee8e] KeystoreDirectory: KeystoreExternalSigner: KeystoreInsecureUnlockAllowed:false PushGossipPercentStake:0.9 PushGossipNumValidators:100 PushGossipNumPeers:0 PushRegossipNumValidators:10 PushRegossipNumPeers:0 PushGossipFrequency:100ms PullGossipFrequency:1s RegossipFrequency:30s LogLevel:info LogJSONFormat:false OfflinePruning:false OfflinePruningBloomFilterSize:512 OfflinePruningDataDirectory: MaxOutboundActiveRequests:16 StateSyncEnabled:<nil> StateSyncSkipResume:false StateSyncServerTrieCache:64 StateSyncIDs: StateSyncCommitInterval:16384 StateSyncMinBlocks:300000 StateSyncRequestSize:1024 InspectDatabase:false SkipUpgradeCheck:false AcceptedCacheSize:32 TransactionHistory:0 StateHistory:32 SkipTxIndexing:false WarpOffChainMessages:[] HTTPBodyLimit:0 BatchRequestLimit:1000 BatchResponseMaxSize:25000000 StateScheme:}"
[0;0m[0;37m[node3] [09-11|21:34:33.949] INFO <C Chain> core/state_processor_ext.go:55 Activating new precompile                name=warpConfig config="{\"blockTimestamp\":1607144400,\"quorumNumerator\":0,\"requirePrimaryNetworkSigners\":false}"
[0;0m[0;37m[node3] [09-11|21:34:33.949] INFO <C Chain> /home/runner/go/pkg/mod/github.com/ava-labs/libevm@v1.13.14-0.4.0.rc.2/triedb/hashdb/database.go:448 Persisted trie from memory database      nodes=3 size=406.00B time="10.234µs" gcnodes=0 gcsize=0.00B gctime=0s livenodes=0 livesize=0.00B
[0;0m[0;37m[node3] [09-11|21:34:33.949] INFO <C Chain> plugin/evm/vm.go:339 read last accepted                       hash=608ddb..07b8b1 height=0
[0;0m[0;37m[node3] [09-11|21:34:33.950] INFO <C Chain> eth/backend.go:150 Allocated memory caches                  "trie clean"=512.00MiB "trie dirty"=512.00MiB "snapshot clean"=256.00MiB
[0;0m[0;37m[node3] [09-11|21:34:33.950] INFO <C Chain> /home/runner/go/pkg/mod/github.com/ava-labs/libevm@v1.13.14-0.4.0.rc.2/core/rawdb/accessors_trie.go:337 State scheme set to already existing     scheme=hash
[0;0m[0;37m[node3] [09-11|21:34:33.950] INFO <C Chain> eth/backend.go:198 Initialising Ethereum protocol           network=43112 dbversion=8
[0;0m[0;37m[node3] [09-11|21:34:33.950] INFO <C Chain> core/state_processor_ext.go:55 Activating new precompile                name=warpConfig config="{\"blockTimestamp\":1607144400,\"quorumNumerator\":0,\"requirePrimaryNetworkSigners\":false}"
[0;0m[0;37m[node3] [09-11|21:34:33.950] INFO <C Chain> /home/runner/go/pkg/mod/github.com/ava-labs/libevm@v1.13.14-0.4.0.rc.2/triedb/hashdb/database.go:448 Persisted trie from memory database      nodes=3 size=406.00B time="4.709µs"  gcnodes=0 gcsize=0.00B gctime=0s livenodes=0 livesize=0.00B
[0;0m[0;37m[node3] [09-11|21:34:33.950] INFO <C Chain> core/blockchain.go:408 
[0;0m[0;37m[node3] [09-11|21:34:33.950] INFO <C Chain> core/blockchain.go:409 ---------------------------------------------------------------------------------------------------------------------------------------------------------
[0;0m[0;37m[node3] [09-11|21:34:33.950] INFO <C Chain> core/blockchain.go:411 Chain ID:  43112 (unknown)
[0;0m[0;37m[node3] [09-11|21:34:33.950] INFO <C Chain> core/blockchain.go:411 Consensus: unknown
[0;0m[0;37m[node3] [09-11|21:34:33.950] INFO <C Chain> core/blockchain.go:411 
[0;0m[0;37m[node3] [09-11|21:34:33.950] INFO <C Chain> core/blockchain.go:411 Pre-Merge hard forks (block based):
[0;0m[0;37m[node3] [09-11|21:34:33.950] INFO <C Chain> core/blockchain.go:411  - Homestead:                   #0        (https://github.com/ethereum/execution-specs/blob/master/network-upgrades/mainnet-upgrades/homestead.md)
[0;0m[0;37m[node3] [09-11|21:34:33.950] INFO <C Chain> core/blockchain.go:411  - DAO Fork:                    #0        (https://github.com/ethereum/execution-specs/blob/master/network-upgrades/mainnet-upgrades/dao-fork.md)
[0;0m[0;37m[node3] [09-11|21:34:33.950] INFO <C Chain> core/blockchain.go:411  - Tangerine Whistle (EIP 150): #0        (https://github.com/ethereum/execution-specs/blob/master/network-upgrades/mainnet-upgrades/tangerine-whistle.md)
[0;0m[0;37m[node3] [09-11|21:34:33.950] INFO <C Chain> core/blockchain.go:411  - Spurious Dragon/1 (EIP 155): #0        (https://github.com/ethereum/execution-specs/blob/master/network-upgrades/mainnet-upgrades/spurious-dragon.md)
[0;0m[0;37m[node3] [09-11|21:34:33.950] INFO <C Chain> core/blockchain.go:411  - Spurious Dragon/2 (EIP 158): #0        (https://github.com/ethereum/execution-specs/blob/master/network-upgrades/mainnet-upgrades/spurious-dragon.md)
[0;0m[0;37m[node3] [09-11|21:34:33.950] INFO <C Chain> core/blockchain.go:411  - Byzantium:                   #0        (https://github.com/ethereum/execution-specs/blob/master/network-upgrades/mainnet-upgrades/byzantium.md)
[0;0m[0;37m[node3] [09-11|21:34:33.950] INFO <C Chain> core/blockchain.go:411  - Constantinople:              #0        (https://github.com/ethereum/execution-specs/blob/master/network-upgrades/mainnet-upgrades/constantinople.md)
[0;0m[0;37m[node3] [09-11|21:34:33.950] INFO <C Chain> core/blockchain.go:411  - Petersburg:                  #0        (https://github.com/ethereum/execution-specs/blob/master/network-upgrades/mainnet-upgrades/petersburg.md)
[0;0m[0;37m[node3] [09-11|21:34:33.950] INFO <C Chain> core/blockchain.go:411  - Istanbul:                    #0        (https://github.com/ethereum/execution-specs/blob/master/network-upgrades/mainnet-upgrades/istanbul.md)
[0;0m[0;37m[node3] [09-11|21:34:33.950] INFO <C Chain> core/blockchain.go:411  - Muir Glacier:                #0        (https://github.com/ethereum/execution-specs/blob/master/network-upgrades/mainnet-upgrades/muir-glacier.md)
[0;0m[0;37m[node3] [09-11|21:34:33.950] INFO <C Chain> core/blockchain.go:411  - Berlin:                      #0        (https://github.com/ethereum/execution-specs/blob/master/network-upgrades/mainnet-upgrades/berlin.md)
[0;0m[0;37m[node3] [09-11|21:34:33.950] INFO <C Chain> core/blockchain.go:411  - London:                      #0        (https://github.com/ethereum/execution-specs/blob/master/network-upgrades/mainnet-upgrades/london.md)
[0;0m[0;37m[node3] [09-11|21:34:33.950] INFO <C Chain> core/blockchain.go:411 
[0;0m[0;37m[node3] [09-11|21:34:33.950] INFO <C Chain> core/blockchain.go:411 The Merge is not yet available for this network!
[0;0m[0;37m[node3] [09-11|21:34:33.950] INFO <C Chain> core/blockchain.go:411  - Hard-fork specification: https://github.com/ethereum/execution-specs/blob/master/network-upgrades/mainnet-upgrades/paris.md
[0;0m[0;37m[node3] [09-11|21:34:33.950] INFO <C Chain> core/blockchain.go:411 
[0;0m[0;37m[node3] [09-11|21:34:33.950] INFO <C Chain> core/blockchain.go:411 Post-Merge hard forks (timestamp based):
[0;0m[0;37m[node3] [09-11|21:34:33.950] INFO <C Chain> core/blockchain.go:411  - Shanghai:                    @1607144400 (https://github.com/ethereum/execution-specs/blob/master/network-upgrades/mainnet-upgrades/shanghai.md)
[0;0m[0;37m[node3] [09-11|21:34:33.950] INFO <C Chain> core/blockchain.go:411  - Cancun:                      @1607144400 (https://github.com/ethereum/execution-specs/blob/master/network-upgrades/mainnet-upgrades/cancun.md)
[0;0m[0;37m[node3] [09-11|21:34:33.950] INFO <C Chain> core/blockchain.go:411 Avalanche Upgrades (timestamp based):
[0;0m[0;37m[node3] [09-11|21:34:33.950] INFO <C Chain> core/blockchain.go:411  - Apricot Phase 1 Timestamp:        @1607144400 (https://github.com/ava-labs/avalanchego/releases/tag/v1.3.0)
[0;0m[0;37m[node3] [09-11|21:34:33.950] INFO <C Chain> core/blockchain.go:411  - Apricot Phase 2 Timestamp:        @1607144400 (https://github.com/ava-labs/avalanchego/releases/tag/v1.4.0)
[0;0m[0;37m[node3] [09-11|21:34:33.950] INFO <C Chain> core/blockchain.go:411  - Apricot Phase 3 Timestamp:        @1607144400 (https://github.com/ava-labs/avalanchego/releases/tag/v1.5.0)
[0;0m[0;37m[node3] [09-11|21:34:33.950] INFO <C Chain> core/blockchain.go:411  - Apricot Phase 4 Timestamp:        @1607144400 (https://github.com/ava-labs/avalanchego/releases/tag/v1.6.0)
[0;0m[0;37m[node3] [09-11|21:34:33.950] INFO <C Chain> core/blockchain.go:411  - Apricot Phase 5 Timestamp:        @1607144400 (https://github.com/ava-labs/avalanchego/releases/tag/v1.7.0)
[0;0m[0;37m[node3] [09-11|21:34:33.950] INFO <C Chain> core/blockchain.go:411  - Apricot Phase P6 Timestamp        @1607144400 (https://github.com/ava-labs/avalanchego/releases/tag/v1.8.0)
[0;0m[0;37m[node3] [09-11|21:34:33.950] INFO <C Chain> core/blockchain.go:411  - Apricot Phase 6 Timestamp:        @1607144400 (https://github.com/ava-labs/avalanchego/releases/tag/v1.8.0)
[0;0m[0;37m[node3] [09-11|21:34:33.950] INFO <C Chain> core/blockchain.go:411  - Apricot Phase Post-6 Timestamp:   @1607144400 (https://github.com/ava-labs/avalanchego/releases/tag/v1.8.0)
[0;0m[0;37m[node3] [09-11|21:34:33.950] INFO <C Chain> core/blockchain.go:411  - Banff Timestamp:                  @1607144400 (https://github.com/ava-labs/avalanchego/releases/tag/v1.9.0)
[0;0m[0;37m[node3] [09-11|21:34:33.950] INFO <C Chain> core/blockchain.go:411  - Cortina Timestamp:                @1607144400 (https://github.com/ava-labs/avalanchego/releases/tag/v1.10.0)
[0;0m[0;37m[node3] [09-11|21:34:33.950] INFO <C Chain> core/blockchain.go:411  - Durango Timestamp:                @1607144400 (https://github.com/ava-labs/avalanchego/releases/tag/v1.11.0)
[0;0m[0;37m[node3] [09-11|21:34:33.950] INFO <C Chain> core/blockchain.go:411  - Etna Timestamp:                   @1607144400 (https://github.com/ava-labs/avalanchego/releases/tag/v1.12.0)
[0;0m[0;37m[node3] [09-11|21:34:33.950] INFO <C Chain> core/blockchain.go:411  - Fortuna Timestamp:                @1607144400 (https://github.com/ava-labs/avalanchego/releases/tag/v1.13.0)
[0;0m[0;37m[node3] [09-11|21:34:33.950] INFO <C Chain> core/blockchain.go:411  - Granite Timestamp:                @1607144400 (https://github.com/ava-labs/avalanchego/releases/tag/v1.14.0)
[0;0m[0;37m[node3] [09-11|21:34:33.950] INFO <C Chain> core/blockchain.go:411  - Helicon Timestamp:                @253399622400 (Unscheduled)
[0;0m[0;37m[node3] [09-11|21:34:33.950] INFO <C Chain> core/blockchain.go:411 
[0;0m[0;37m[node3] [09-11|21:34:33.950] INFO <C Chain> core/blockchain.go:411 Upgrade Config: {"precompileUpgrades":[{"warpConfig":{"blockTimestamp":1607144400,"quorumNumerator":0,"requirePrimaryNetworkSigners":false}}]}
[0;0m[0;37m[node3] [09-11|21:34:33.950] INFO <C Chain> core/blockchain.go:411 
[0;0m[0;37m[node3] [09-11|21:34:33.950] INFO <C Chain> core/blockchain.go:413 ---------------------------------------------------------------------------------------------------------------------------------------------------------
[0;0m[0;37m[node3] [09-11|21:34:33.950] INFO <C Chain> core/blockchain.go:414 
[0;0m[0;37m[node3] [09-11|21:34:33.951] INFO <C Chain> core/blockchain.go:752 Loaded most recent local header          number=0 hash=608ddb..07b8b1 age=5y10mo6d
[0;0m[0;37m[node3] [09-11|21:34:33.951] INFO <C Chain> core/blockchain.go:753 Loaded most recent local full block      number=0 hash=608ddb..07b8b1 age=5y10mo6d
[0;0m[0;37m[node3] [09-11|21:34:33.951] INFO <C Chain> core/blockchain.go:1846 Loaded Acceptor tip                      hash=000000..000000
[0;0m[0;37m[node3] [09-11|21:34:33.951] INFO <C Chain> core/blockchain.go:1857 Skipping state reprocessing              root=328302..7a638f
[0;0m[0;37m[node3] [09-11|21:34:33.951] INFO <C Chain> core/blockchain.go:577 Not warming accepted cache because there are no accepted blocks
[0;0m[0;37m[node3] [09-11|21:34:33.951] INFO <C Chain> core/blockchain.go:602 Starting Acceptor                        "queue length"=64
[0;0m[0;37m[node3] [09-11|21:34:33.951] INFO <C Chain> core/txpool/legacypool/legacypool.go:495 Legacy pool tip threshold updated        tip=0
[0;0m[0;37m[node3] [09-11|21:34:33.951] INFO <C Chain> plugin/evm/atomic/state/atomic_backend.go:86 initializing atomic trie                 lastCommittedHeight=0
[0;0m[0;37m[node3] [09-11|21:34:33.951] INFO <C Chain> plugin/evm/atomic/state/atomic_backend.go:167 finished initializing atomic trie        lastAcceptedHeight=0 lastAcceptedAtomicRoot=56e81f..63b421 heightsIndexed=0 lastCommittedRoot=56e81f..63b421 lastCommittedHeight=0 time="90.11µs"
[0;0m[0;37m[node3] [09-11|21:34:33.952] INFO <C Chain> proposervm/vm.go:208 initialized proposervm {"state": "before fork"}
[0;0m[0;37m[node3] [09-11|21:34:33.952] INFO <C Chain> snowman/engine.go:98 initializing consensus engine
[0;0m[0;37m[node3] [09-11|21:34:33.952] INFO health/worker.go:115 registered new check and initialized its state to failing {"name": "health", "name": "C", "tags": ["11111111111111111111111111111111LpoYY"]}
[0;0m[0;37m[node3] [09-11|21:34:33.952] INFO <C Chain> plugin/evm/vm.go:1067 enabling apis                            apis="[eth eth-filter net web3 internal-eth internal-blockchain internal-transaction internal-account]"
[0;0m[0;37m[node3] [09-11|21:34:33.952] INFO <C Chain> plugin/evm/atomic/vm/vm.go:340 AVAX API enabled
[0;0m[0;37m[node3] [09-11|21:34:33.952] INFO server/server.go:216 adding route {"url": "/ext/bc/NeA134STyTVwife7gYeNQ6Hwi5GPGC2X7aUFvWsnusnpM2do6", "endpoint": "/avax"}
[0;0m[0;37m[node3] [09-11|21:34:33.952] INFO server/server.go:216 adding route {"url": "/ext/bc/NeA134STyTVwife7gYeNQ6Hwi5GPGC2X7aUFvWsnusnpM2do6", "endpoint": "/proposervm"}
[0;0m[0;37m[node3] [09-11|21:34:33.952] INFO server/server.go:216 adding route {"url": "/ext/bc/NeA134STyTVwife7gYeNQ6Hwi5GPGC2X7aUFvWsnusnpM2do6", "endpoint": "/rpc"}
[0;0m[0;37m[node3] [09-11|21:34:33.952] INFO server/server.go:216 adding route {"url": "/ext/bc/NeA134STyTVwife7gYeNQ6Hwi5GPGC2X7aUFvWsnusnpM2do6", "endpoint": "/ws"}
[0;0m[0;37m[node3] [09-11|21:34:33.952] INFO indexer/index.go:92 created new index {"nextAcceptedIndex": 0}
[0;0m[0;37m[node3] [09-11|21:34:33.953] INFO server/server.go:245 adding route {"url": "/ext/index/C", "endpoint": "/block"}
[0;0m[0;37m[node3] [09-11|21:34:33.953] INFO <C Chain> syncer/state_syncer.go:113 starting state sync
[0;0m[0;37m[node3] [09-11|21:34:33.953] INFO chains/manager.go:376 creating chain {"subnetID": "11111111111111111111111111111111LpoYY", "chainID": "2NuxE6iXPyM9tknyHCVkTGQVM6Bj2rYMNW7tRd4aNiXXE3oPcB", "vmID": "jvYyfQTxGMJLuGWa55kdP2p2zSUYsQ5Raupu4TW34ZAUBAbtq"}
[0;0m[0;37m[node3] [09-11|21:34:33.953] INFO <C Chain> syncer/state_syncer.go:469 starting state sync
[0;0m[0;37m[node3] [09-11|21:34:33.953] INFO <X Chain> avm/vm.go:153 VM config initialized {"config": {"network":{"max-validator-set-staleness":60000000000,"target-gossip-size":20480,"push-gossip-percent-stake":0.9,"push-gossip-num-validators":100,"push-gossip-num-peers":0,"push-regossip-num-validators":10,"push-regossip-num-peers":0,"push-gossip-discarded-cache-size":16384,"push-gossip-max-regossip-frequency":30000000000,"push-gossip-frequency":500000000,"pull-gossip-frequency":1500000000,"pull-gossip-throttling-period":3600000000000,"pull-gossip-requests-per-validator":2400,"expected-bloom-filter-elements":8192,"expected-bloom-filter-false-positive-probability":0.01,"max-bloom-filter-false-positive-probability":0.05},"checksums-enabled":false}}
[0;0m[0;37m[node3] [09-11|21:34:33.953] INFO <X Chain> avm/vm.go:523 fee asset is established {"alias": "AVAX", "assetID": "28VTWcsTZ55draGkmjdcS9CFFv4zC3PbvVjkyoqxzNC7Y5msRP"}
[0;0m[0;37m[node3] [09-11|21:34:33.955] INFO <C Chain> /home/runner/work/avalanchego-internal/avalanchego-internal/graft/evm/sync/engine/client.go:227 last accepted too close to most recent syncable block, skipping state sync lastAccepted=0 syncableHeight=0
[0;0m[0;37m[node3] [09-11|21:34:33.955] INFO <C Chain> syncer/state_syncer.go:391 accepted state summary {"summaryID": "hffnN9SXf6jsxQPxhMZjPJRvF9yeKpV9U4fQgfCWgUJomUPqe", "syncMode": "Skipped", "numTotalSummaries": 1}
[0;0m[0;37m[node3] [09-11|21:34:33.955] INFO chains/manager.go:756 creating proposervm wrapper {"activationTime": "[12-05|05:00:00.000]", "minPChainHeight": 0, "minBlockDelay": "1s", "numHistoricalBlocks": 0}
[0;0m[0;37m[node3] [09-11|21:34:33.955] INFO <X Chain> snowman/engine.go:98 initializing consensus engine
[0;0m[0;37m[node3] [09-11|21:34:33.955] INFO <C Chain> core/blockchain.go:1818 Initializing snapshots                   async=false rebuild=true headHash=608ddb..07b8b1 headRoot=328302..7a638f
[0;0m[0;37m[node3] [09-11|21:34:33.955] INFO health/worker.go:115 registered new check and initialized its state to failing {"name": "health", "name": "X", "tags": ["11111111111111111111111111111111LpoYY"]}
[0;0m[0;37m[node3] [09-11|21:34:33.955] INFO server/server.go:216 adding route {"url": "/ext/bc/2NuxE6iXPyM9tknyHCVkTGQVM6Bj2rYMNW7tRd4aNiXXE3oPcB", "endpoint": ""}
[0;0m[0;37m[node3] [09-11|21:34:33.955] INFO server/server.go:216 adding route {"url": "/ext/bc/2NuxE6iXPyM9tknyHCVkTGQVM6Bj2rYMNW7tRd4aNiXXE3oPcB", "endpoint": "/wallet"}
[0;0m[0;37m[node3] [09-11|21:34:33.955] INFO <C Chain> bootstrap/bootstrapper.go:192 starting bootstrapper {"lastAcceptedID": "jXM4J36kLkSjgg1XgdrSPGtqAHxwok4NdcSx8j1hCmGUna9Ac", "lastAcceptedHeight": 0}
[0;0m[0;37m[node3] [09-11|21:34:33.955] INFO indexer/index.go:92 created new index {"nextAcceptedIndex": 0}
[0;0m[0;37m[node3] [09-11|21:34:33.955] INFO server/server.go:245 adding route {"url": "/ext/index/X", "endpoint": "/block"}
[0;0m[0;37m[node3] [09-11|21:34:33.955] INFO indexer/index.go:92 created new index {"nextAcceptedIndex": 0}
[0;0m[0;37m[node3] [09-11|21:34:33.955] INFO server/server.go:245 adding route {"url": "/ext/index/X", "endpoint": "/vtx"}
[0;0m[0;37m[node3] [09-11|21:34:33.955] INFO indexer/index.go:92 created new index {"nextAcceptedIndex": 0}
[0;0m[0;37m[node3] [09-11|21:34:33.955] INFO server/server.go:245 adding route {"url": "/ext/index/X", "endpoint": "/tx"}
[0;0m[0;37m[node3] [09-11|21:34:33.955] INFO <X Chain> bootstrap/bootstrapper.go:320 starting bootstrap
[0;0m[0;37m[node3] [09-11|21:34:33.956] INFO <X Chain> bootstrap/bootstrapper.go:600 executing transactions
[0;0m[0;37m[node3] [09-11|21:34:33.956] INFO <X Chain> queue/jobs.go:223 executed operations {"numExecuted": 0}
[0;0m[0;37m[node3] [09-11|21:34:33.956] INFO <X Chain> bootstrap/bootstrapper.go:612 executing vertices
[0;0m[0;37m[node3] [09-11|21:34:33.956] INFO <X Chain> queue/jobs.go:223 executed operations {"numExecuted": 0}
[0;0m[0;37m[node3] [09-11|21:34:33.956] INFO <X Chain> proposervm/vm.go:208 initialized proposervm {"state": "before fork"}
[0;0m[0;37m[node3] [09-11|21:34:33.956] INFO <X Chain> bootstrap/bootstrapper.go:192 starting bootstrapper {"lastAcceptedID": "237MUBy5GzA7E67wBoPHQdSh2YL5s67GyUjjurmZvzn8UYgxSS", "lastAcceptedHeight": 0}
[0;0m[0;37m[node3] [09-11|21:34:33.956] INFO chains/manager.go:376 creating chain {"subnetID": "99qx6GvmNDqvtLVdVkzBJs2qrjVJ94gZKmauAUWJGJDMdHA41", "chainID": "XgL1J2iaJF8SzRobPwiT6HRd7B7CtDYhxobvWF7U56Yr2cXmd", "vmID": "mDV3RhDBqCL8Vt7msBmMzNP2gAMjFXUktxEZsD66p7GGMiqa8"}
[0;0m[0;37m[node3] [09-11|21:34:33.956] INFO <C Chain> bootstrap/bootstrapper.go:397 starting to fetch blocks {"numKnownBlocks": 0, "numAcceptedBlocks": 1, "numMissingBlocks": 1}
[0;0m[0;37m[node3] [09-11|21:34:33.957] INFO <C Chain> bootstrap/storage.go:195 executing blocks {"numToExecute": 0}
[0;0m[0;37m[node3] [09-11|21:34:33.957] INFO <C Chain> bootstrap/storage.go:187 executed blocks {"numExecuted": 0, "numToExecute": 0, "halted": false, "duration": "41.924µs"}
[0;0m[0;37m[node3] [09-11|21:34:33.957] INFO <C Chain> bootstrap/bootstrapper.go:738 waiting for the remaining chains in this subnet to finish syncing
[0;0m[0;37m[node3] [09-11|21:34:33.957] INFO <X Chain> bootstrap/bootstrapper.go:397 starting to fetch blocks {"numKnownBlocks": 0, "numAcceptedBlocks": 1, "numMissingBlocks": 1}
[0;0m[0;37m[node3] [09-11|21:34:33.957] INFO <X Chain> bootstrap/storage.go:195 executing blocks {"numToExecute": 0}
[0;0m[0;37m[node3] [09-11|21:34:33.957] INFO <X Chain> bootstrap/storage.go:187 executed blocks {"numExecuted": 0, "numToExecute": 0, "halted": false, "duration": "28.742µs"}
[0;0m[0;37m[node3] [09-11|21:34:33.957] INFO <X Chain> snowman/engine.go:511 starting consensus {"lastAcceptedID": "237MUBy5GzA7E67wBoPHQdSh2YL5s67GyUjjurmZvzn8UYgxSS", "lastAcceptedHeight": 0}
[0;0m[0;37m[node3] [09-11|21:34:33.957] INFO <C Chain> snowman/engine.go:511 starting consensus {"lastAcceptedID": "jXM4J36kLkSjgg1XgdrSPGtqAHxwok4NdcSx8j1hCmGUna9Ac", "lastAcceptedHeight": 0}
[0;0m[0;37m[node3] [09-11|21:34:33.957] INFO <P Chain> snowman/engine.go:511 starting consensus {"lastAcceptedID": "2uwK9k1YJs6T3BbSzEEprs5F1KEHWzGFvwreqWJvrHFpqe7HfA", "lastAcceptedHeight": 7}
[0;0m[0;37m[node3] [09-11|21:34:33.957] INFO <P Chain> validators/logger.go:50 node added to validator set {"subnetID": "11111111111111111111111111111111LpoYY", "nodeID": "NodeID-NFBbbJ4qCmNaCzeW7sxErhvWqvEQMnYcN", "publicKey": "0xb20ab07ea5cf8b77ab50f2071a6f1d2aab693c8bd89761430cd29de9fa0dbae83a32c7697d59ff1b06995b1596c16fa6", "txID": "28JxZLJsEqTGuP9MK5vpb4DDzMpRkRXBGekNAj3skM8uzEw9p1", "weight": 2000000000000000}
[0;0m[0;37m[node3] [09-11|21:34:33.957] INFO <P Chain> validators/logger.go:50 node added to validator set {"subnetID": "99qx6GvmNDqvtLVdVkzBJs2qrjVJ94gZKmauAUWJGJDMdHA41", "nodeID": "NodeID-NFBbbJ4qCmNaCzeW7sxErhvWqvEQMnYcN", "publicKey": "0xb20ab07ea5cf8b77ab50f2071a6f1d2aab693c8bd89761430cd29de9fa0dbae83a32c7697d59ff1b06995b1596c16fa6", "txID": "NczvSQZo7nUFh5kar5hd8tDHtzM8iAs2g4Sva2Srhek4pKBKx", "weight": 1000}
[0;0m[0;37m[node3] [09-11|21:34:33.965] INFO <XgL1J2iaJF8SzRobPwiT6HRd7B7CtDYhxobvWF7U56Yr2cXmd Chain> subprocess/runtime.go:143 plugin handshake succeeded {"addr": "127.0.0.1:44139"}
[0;0m[0;37m[node3] [09-11|21:34:33.966] INFO chains/manager.go:1180 creating proposervm wrapper {"activationTime": "[12-05|05:00:00.000]", "minPChainHeight": 0, "minBlockDelay": "0s", "numHistoricalBlocks": 0}
[0;0m[0;37m[node3] [09-11|21:34:33.967] INFO <XgL1J2iaJF8SzRobPwiT6HRd7B7CtDYhxobvWF7U56Yr2cXmd Chain> rpcchainvm/vm_client.go:166 grpc: serving database {"address": "127.0.0.1:46429"}
[0;0m[0;37m[node3] [09-11|21:34:33.968] INFO <XgL1J2iaJF8SzRobPwiT6HRd7B7CtDYhxobvWF7U56Yr2cXmd Chain> rpcchainvm/vm_client.go:183 grpc: serving vm services {"address": "127.0.0.1:38241"}
[0;0m[0;37m[node3] [09-11|21:34:34.027] INFO <XgL1J2iaJF8SzRobPwiT6HRd7B7CtDYhxobvWF7U56Yr2cXmd Chain> proposervm/vm.go:202 initialized proposervm {"state": "after fork", "forkHeight": 1, "lastAcceptedHeight": 35}
[0;0m[0;37m[node3] [09-11|21:34:34.027] INFO <XgL1J2iaJF8SzRobPwiT6HRd7B7CtDYhxobvWF7U56Yr2cXmd Chain> snowman/engine.go:98 initializing consensus engine
[0;0m[0;37m[node3] [09-11|21:34:34.027] INFO health/worker.go:115 registered new check and initialized its state to failing {"name": "health", "name": "XgL1J2iaJF8SzRobPwiT6HRd7B7CtDYhxobvWF7U56Yr2cXmd", "tags": ["99qx6GvmNDqvtLVdVkzBJs2qrjVJ94gZKmauAUWJGJDMdHA41"]}
[0;0m[0;37m[node3] [09-11|21:34:34.028] INFO server/server.go:216 adding route {"url": "/ext/bc/XgL1J2iaJF8SzRobPwiT6HRd7B7CtDYhxobvWF7U56Yr2cXmd", "endpoint": ""}
[0;0m[0;37m[node3] [09-11|21:34:34.028] INFO server/server.go:216 adding route {"url": "/ext/bc/XgL1J2iaJF8SzRobPwiT6HRd7B7CtDYhxobvWF7U56Yr2cXmd", "endpoint": "/proposervm"}
[0;0m[0;37m[node3] [09-11|21:34:34.029] INFO <XgL1J2iaJF8SzRobPwiT6HRd7B7CtDYhxobvWF7U56Yr2cXmd Chain> syncer/state_syncer.go:113 starting state sync
[0;0m[0;37m[node3] [09-11|21:34:34.070] INFO <XgL1J2iaJF8SzRobPwiT6HRd7B7CtDYhxobvWF7U56Yr2cXmd Chain> syncer/state_syncer.go:469 starting state sync
[0;0m[0;37m[node3] [09-11|21:34:34.307] INFO <XgL1J2iaJF8SzRobPwiT6HRd7B7CtDYhxobvWF7U56Yr2cXmd Chain> syncer/state_syncer.go:391 accepted state summary {"summaryID": "9BYxJdgr1xahW6c34f9JEWnMeuVPxXFmXtYRvu5iZNCyD5mKZ", "syncMode": "Skipped", "numTotalSummaries": 1}
[0;0m[0;37m[node3] [09-11|21:34:34.348] INFO <XgL1J2iaJF8SzRobPwiT6HRd7B7CtDYhxobvWF7U56Yr2cXmd Chain> bootstrap/bootstrapper.go:192 starting bootstrapper {"lastAcceptedID": "YU64RZzQcPJ7GtZsfeJz7N73qViHUHoTMEfhAonVRUrFU8Wfx", "lastAcceptedHeight": 35}
[0;0m[0;37m[node3] [09-11|21:34:34.349] INFO <XgL1J2iaJF8SzRobPwiT6HRd7B7CtDYhxobvWF7U56Yr2cXmd Chain> bootstrap/bootstrapper.go:397 starting to fetch blocks {"numKnownBlocks": 0, "numAcceptedBlocks": 1, "numMissingBlocks": 1}
[0;0m[0;37m[node3] [09-11|21:34:34.349] INFO <XgL1J2iaJF8SzRobPwiT6HRd7B7CtDYhxobvWF7U56Yr2cXmd Chain> bootstrap/storage.go:195 executing blocks {"numToExecute": 0}
[0;0m[0;37m[node3] [09-11|21:34:34.349] INFO <XgL1J2iaJF8SzRobPwiT6HRd7B7CtDYhxobvWF7U56Yr2cXmd Chain> bootstrap/storage.go:187 executed blocks {"numExecuted": 0, "numToExecute": 0, "halted": false, "duration": "23.04µs"}
[0;0m[0;37m[node3] [09-11|21:34:34.350] INFO <XgL1J2iaJF8SzRobPwiT6HRd7B7CtDYhxobvWF7U56Yr2cXmd Chain> snowman/engine.go:511 starting consensus {"lastAcceptedID": "YU64RZzQcPJ7GtZsfeJz7N73qViHUHoTMEfhAonVRUrFU8Wfx", "lastAcceptedHeight": 35}
[0;0m[09-11|21:34:35.370] INFO server/server.go:938 removing network
[1;34m[node5] [09-11|21:34:35.371] INFO node/node.go:1828 shutting down node {"exitCode": 0}
[0;0m[1;34m[node5] [09-11|21:34:35.371] INFO health/worker.go:115 registered new check and initialized its state to failing {"name": "health", "name": "shuttingDown", "tags": ["application"]}
[0;0m[1;34m[node5] [09-11|21:34:35.371] INFO chains/manager.go:1543 shutting down chain manager
[0;0m[1;34m[node5] [09-11|21:34:35.371] INFO router/chain_router.go:421 shutting down chain router
[0;0m[1;34m[node5] [09-11|21:34:35.371] INFO <P Chain> snowman/engine.go:435 shutting down consensus engine
[0;0m[1;34m[node5] [09-11|21:34:35.371] INFO <P Chain> router/chain_router.go:445 chain shutdown {"shutdownDuration": "170.083µs"}
[0;0m[1;34m[node5] [09-11|21:34:35.371] INFO <C Chain> snowman/engine.go:435 shutting down consensus engine
[0;0m[1;34m[node5] [09-11|21:34:35.371] INFO <X Chain> snowman/engine.go:435 shutting down consensus engine
[0;0m[1;34m[node5] [09-11|21:34:35.371] INFO <C Chain> core/txpool/legacypool/legacypool.go:454 Transaction pool stopped
[0;0m[1;34m[node5] [09-11|21:34:35.371] INFO <C Chain> core/blockchain.go:975 Closing quit channel
[0;0m[1;34m[node5] [09-11|21:34:35.371] INFO <C Chain> core/blockchain.go:978 Stopping Acceptor
[0;0m[1;34m[node5] [09-11|21:34:35.371] INFO <C Chain> core/blockchain.go:981 Acceptor queue drained                   t="1.182µs"
[0;0m[1;34m[node5] [09-11|21:34:35.371] INFO <C Chain> core/blockchain.go:984 Shutting down sender cacher
[0;0m[1;34m[node5] [09-11|21:34:35.371] INFO <XgL1J2iaJF8SzRobPwiT6HRd7B7CtDYhxobvWF7U56Yr2cXmd Chain> snowman/engine.go:435 shutting down consensus engine
[0;0m[1;34m[node5] [09-11|21:34:35.371] INFO <C Chain> core/blockchain.go:988 Closing scope
[0;0m[1;34m[node5] [09-11|21:34:35.371] INFO <C Chain> core/blockchain.go:992 Waiting for background processes to complete
[0;0m[1;34m[node5] [09-11|21:34:35.371] INFO <C Chain> core/blockchain.go:1011 Shutting down state manager
[0;0m[1;34m[node5] [09-11|21:34:35.371] INFO <C Chain> core/blockchain.go:1016 State manager shut down                  t=662ns
[0;0m[1;34m[node5] [09-11|21:34:35.371] INFO <C Chain> core/blockchain.go:1021 Blockchain stopped
[0;0m[1;34m[node5] [09-11|21:34:35.372] INFO <C Chain> eth/backend.go:407 Stopped shutdownTracker
[0;0m[1;34m[node5] [09-11|21:34:35.372] INFO <C Chain> eth/backend.go:410 Closed chaindb
[0;0m[1;34m[node5] [09-11|21:34:35.372] INFO <C Chain> eth/backend.go:412 Stopped EventMux
[0;0m[1;34m[node5] [09-11|21:34:35.372] INFO <C Chain> router/chain_router.go:445 chain shutdown {"shutdownDuration": "934.296µs"}
[0;0m[1;34m[node5] [09-11|21:34:35.372] INFO <X Chain> router/chain_router.go:445 chain shutdown {"shutdownDuration": "394.219µs"}
[0;0m[1;34m[node5] [09-11|21:34:35.384] INFO <XgL1J2iaJF8SzRobPwiT6HRd7B7CtDYhxobvWF7U56Yr2cXmd Chain> router/chain_router.go:445 chain shutdown {"shutdownDuration": "13.194292ms"}
[0;0m[1;34m[node5] [09-11|21:34:35.384] INFO network/network.go:1142 shutting down the p2p networking
[0;0m[1;34m[node5] [09-11|21:34:35.384] INFO <XgL1J2iaJF8SzRobPwiT6HRd7B7CtDYhxobvWF7U56Yr2cXmd Chain> subprocess/runtime.go:111 stdout collector shutdown
[0;0m[1;34m[node5] [09-11|21:34:35.384] INFO <XgL1J2iaJF8SzRobPwiT6HRd7B7CtDYhxobvWF7U56Yr2cXmd Chain> subprocess/runtime.go:124 stderr collector shutdown
[0;0m[1;34m[node5] [09-11|21:34:35.384] INFO nat/nat.go:193 Unmapped all ports
[0;0m[1;34m[node5] [09-11|21:34:35.384] INFO node/node.go:1885 cleaning up plugin runtimes
[0;0m[1;34m[node5] [09-11|21:34:35.384] INFO node/node.go:1913 finished node shutdown
[0;0m[1;36m[node1] [09-11|21:34:35.394] INFO node/node.go:1828 shutting down node {"exitCode": 0}
[0;0m[1;36m[node1] [09-11|21:34:35.394] INFO health/worker.go:115 registered new check and initialized its state to failing {"name": "health", "name": "shuttingDown", "tags": ["application"]}
[0;0m[1;36m[node1] [09-11|21:34:35.394] INFO chains/manager.go:1543 shutting down chain manager
[0;0m[1;36m[node1] [09-11|21:34:35.394] INFO router/chain_router.go:421 shutting down chain router
[0;0m[1;36m[node1] [09-11|21:34:35.394] INFO <XgL1J2iaJF8SzRobPwiT6HRd7B7CtDYhxobvWF7U56Yr2cXmd Chain> snowman/engine.go:435 shutting down consensus engine
[0;0m[1;36m[node1] [09-11|21:34:35.394] INFO <X Chain> snowman/engine.go:435 shutting down consensus engine
[0;0m[1;36m[node1] [09-11|21:34:35.394] INFO <P Chain> snowman/engine.go:435 shutting down consensus engine
[0;0m[1;36m[node1] [09-11|21:34:35.394] INFO <C Chain> snowman/engine.go:435 shutting down consensus engine
[0;0m[1;36m[node1] [09-11|21:34:35.394] INFO <P Chain> router/chain_router.go:445 chain shutdown {"shutdownDuration": "271.701µs"}
[0;0m[1;36m[node1] [09-11|21:34:35.394] INFO <C Chain> core/txpool/legacypool/legacypool.go:454 Transaction pool stopped
[0;0m[1;36m[node1] [09-11|21:34:35.394] INFO <C Chain> core/blockchain.go:975 Closing quit channel
[0;0m[1;36m[node1] [09-11|21:34:35.394] INFO <C Chain> core/blockchain.go:978 Stopping Acceptor
[0;0m[1;36m[node1] [09-11|21:34:35.394] INFO <C Chain> core/blockchain.go:981 Acceptor queue drained                   t="1.778µs"
[0;0m[1;36m[node1] [09-11|21:34:35.394] INFO <C Chain> core/blockchain.go:984 Shutting down sender cacher
[0;0m[1;36m[node1] [09-11|21:34:35.394] INFO <C Chain> core/blockchain.go:988 Closing scope
[0;0m[1;36m[node1] [09-11|21:34:35.394] INFO <C Chain> core/blockchain.go:992 Waiting for background processes to complete
[0;0m[1;36m[node1] [09-11|21:34:35.394] INFO <C Chain> core/blockchain.go:1011 Shutting down state manager
[0;0m[1;36m[node1] [09-11|21:34:35.394] INFO <C Chain> core/blockchain.go:1016 State manager shut down                  t=431ns
[0;0m[1;36m[node1] [09-11|21:34:35.395] INFO <C Chain> core/blockchain.go:1021 Blockchain stopped
[0;0m[1;36m[node1] [09-11|21:34:35.395] INFO <C Chain> eth/backend.go:407 Stopped shutdownTracker
[0;0m[1;36m[node1] [09-11|21:34:35.395] INFO <C Chain> eth/backend.go:410 Closed chaindb
[0;0m[1;36m[node1] [09-11|21:34:35.395] INFO <C Chain> eth/backend.go:412 Stopped EventMux
[0;0m[1;36m[node1] [09-11|21:34:35.395] INFO <C Chain> router/chain_router.go:445 chain shutdown {"shutdownDuration": "868.306µs"}
[0;0m[1;36m[node1] [09-11|21:34:35.395] INFO <X Chain> router/chain_router.go:445 chain shutdown {"shutdownDuration": "136.41µs"}
[0;0m[1;36m[node1] [09-11|21:34:35.410] INFO <XgL1J2iaJF8SzRobPwiT6HRd7B7CtDYhxobvWF7U56Yr2cXmd Chain> router/chain_router.go:445 chain shutdown {"shutdownDuration": "16.295491ms"}
[0;0m[1;36m[node1] [09-11|21:34:35.410] INFO network/network.go:1142 shutting down the p2p networking
[0;0m[1;36m[node1] [09-11|21:34:35.410] INFO <XgL1J2iaJF8SzRobPwiT6HRd7B7CtDYhxobvWF7U56Yr2cXmd Chain> subprocess/runtime.go:111 stdout collector shutdown
[0;0m[1;36m[node1] [09-11|21:34:35.410] INFO <XgL1J2iaJF8SzRobPwiT6HRd7B7CtDYhxobvWF7U56Yr2cXmd Chain> subprocess/runtime.go:124 stderr collector shutdown
[0;0m[1;36m[node1] [09-11|21:34:35.410] INFO nat/nat.go:193 Unmapped all ports
[0;0m[1;36m[node1] [09-11|21:34:35.410] INFO node/node.go:1885 cleaning up plugin runtimes
[0;0m[1;36m[node1] [09-11|21:34:35.411] INFO node/node.go:1913 finished node shutdown
[0;0m[0;35m[node2] [09-11|21:34:35.423] INFO node/node.go:1828 shutting down node {"exitCode": 0}
[0;0m[0;35m[node2] [09-11|21:34:35.423] INFO health/worker.go:115 registered new check and initialized its state to failing {"name": "health", "name": "shuttingDown", "tags": ["application"]}
[0;0m[0;35m[node2] [09-11|21:34:35.423] INFO chains/manager.go:1543 shutting down chain manager
[0;0m[0;35m[node2] [09-11|21:34:35.423] INFO router/chain_router.go:421 shutting down chain router
[0;0m[0;35m[node2] [09-11|21:34:35.423] INFO <P Chain> snowman/engine.go:435 shutting down consensus engine
[0;0m[0;35m[node2] [09-11|21:34:35.423] INFO <C Chain> snowman/engine.go:435 shutting down consensus engine
[0;0m[0;35m[node2] [09-11|21:34:35.423] INFO <X Chain> snowman/engine.go:435 shutting down consensus engine
[0;0m[0;35m[node2] [09-11|21:34:35.423] INFO <XgL1J2iaJF8SzRobPwiT6HRd7B7CtDYhxobvWF7U56Yr2cXmd Chain> snowman/engine.go:435 shutting down consensus engine
[0;0m[0;35m[node2] [09-11|21:34:35.423] INFO <C Chain> core/txpool/legacypool/legacypool.go:454 Transaction pool stopped
[0;0m[0;35m[node2] [09-11|21:34:35.423] INFO <C Chain> core/blockchain.go:975 Closing quit channel
[0;0m[0;35m[node2] [09-11|21:34:35.423] INFO <C Chain> core/blockchain.go:978 Stopping Acceptor
[0;0m[0;35m[node2] [09-11|21:34:35.423] INFO <C Chain> core/blockchain.go:981 Acceptor queue drained                   t="1.207µs"
[0;0m[0;35m[node2] [09-11|21:34:35.423] INFO <C Chain> core/blockchain.go:984 Shutting down sender cacher
[0;0m[0;35m[node2] [09-11|21:34:35.423] INFO <C Chain> core/blockchain.go:988 Closing scope
[0;0m[0;35m[node2] [09-11|21:34:35.423] INFO <C Chain> core/blockchain.go:992 Waiting for background processes to complete
[0;0m[0;35m[node2] [09-11|21:34:35.423] INFO <C Chain> core/blockchain.go:1011 Shutting down state manager
[0;0m[0;35m[node2] [09-11|21:34:35.423] INFO <C Chain> core/blockchain.go:1016 State manager shut down                  t=364ns
[0;0m[0;35m[node2] [09-11|21:34:35.423] INFO <C Chain> core/blockchain.go:1021 Blockchain stopped
[0;0m[0;35m[node2] [09-11|21:34:35.424] INFO <C Chain> eth/backend.go:407 Stopped shutdownTracker
[0;0m[0;35m[node2] [09-11|21:34:35.424] INFO <C Chain> eth/backend.go:410 Closed chaindb
[0;0m[0;35m[node2] [09-11|21:34:35.424] INFO <C Chain> eth/backend.go:412 Stopped EventMux
[0;0m[0;35m[node2] [09-11|21:34:35.447] INFO <XgL1J2iaJF8SzRobPwiT6HRd7B7CtDYhxobvWF7U56Yr2cXmd Chain> router/chain_router.go:445 chain shutdown {"shutdownDuration": "24.374019ms"}
[0;0m[0;35m[node2] [09-11|21:34:35.447] INFO <P Chain> router/chain_router.go:445 chain shutdown {"shutdownDuration": "132.404µs"}
[0;0m[0;35m[node2] [09-11|21:34:35.447] INFO <C Chain> router/chain_router.go:445 chain shutdown {"shutdownDuration": "918.192µs"}
[0;0m[0;35m[node2] [09-11|21:34:35.447] INFO <X Chain> router/chain_router.go:445 chain shutdown {"shutdownDuration": "295.569µs"}
[0;0m[0;35m[node2] [09-11|21:34:35.447] INFO network/network.go:1142 shutting down the p2p networking
[0;0m[0;35m[node2] [09-11|21:34:35.447] INFO <XgL1J2iaJF8SzRobPwiT6HRd7B7CtDYhxobvWF7U56Yr2cXmd Chain> subprocess/runtime.go:111 stdout collector shutdown
[0;0m[0;35m[node2] [09-11|21:34:35.447] INFO <XgL1J2iaJF8SzRobPwiT6HRd7B7CtDYhxobvWF7U56Yr2cXmd Chain> subprocess/runtime.go:124 stderr collector shutdown
[0;0m[0;35m[node2] [09-11|21:34:35.447] INFO nat/nat.go:193 Unmapped all ports
[0;0m[0;35m[node2] [09-11|21:34:35.447] INFO node/node.go:1885 cleaning up plugin runtimes
[0;0m[0;35m[node2] [09-11|21:34:35.447] INFO node/node.go:1913 finished node shutdown
[0;0m[0;37m[node3] [09-11|21:34:35.458] INFO node/node.go:1828 shutting down node {"exitCode": 0}
[0;0m[0;37m[node3] [09-11|21:34:35.458] INFO health/worker.go:115 registered new check and initialized its state to failing {"name": "health", "name": "shuttingDown", "tags": ["application"]}
[0;0m[0;37m[node3] [09-11|21:34:35.458] INFO chains/manager.go:1543 shutting down chain manager
[0;0m[0;37m[node3] [09-11|21:34:35.458] INFO router/chain_router.go:421 shutting down chain router
[0;0m[0;37m[node3] [09-11|21:34:35.458] INFO <X Chain> snowman/engine.go:435 shutting down consensus engine
[0;0m[0;37m[node3] [09-11|21:34:35.458] INFO <XgL1J2iaJF8SzRobPwiT6HRd7B7CtDYhxobvWF7U56Yr2cXmd Chain> snowman/engine.go:435 shutting down consensus engine
[0;0m[0;37m[node3] [09-11|21:34:35.458] INFO <P Chain> snowman/engine.go:435 shutting down consensus engine
[0;0m[0;37m[node3] [09-11|21:34:35.458] INFO <P Chain> router/chain_router.go:445 chain shutdown {"shutdownDuration": "259.426µs"}
[0;0m[0;37m[node3] [09-11|21:34:35.458] INFO <C Chain> snowman/engine.go:435 shutting down consensus engine
[0;0m[0;37m[node3] [09-11|21:34:35.458] INFO <C Chain> core/txpool/legacypool/legacypool.go:454 Transaction pool stopped
[0;0m[0;37m[node3] [09-11|21:34:35.458] INFO <C Chain> core/blockchain.go:975 Closing quit channel
[0;0m[0;37m[node3] [09-11|21:34:35.458] INFO <C Chain> core/blockchain.go:978 Stopping Acceptor
[0;0m[0;37m[node3] [09-11|21:34:35.458] INFO <C Chain> core/blockchain.go:981 Acceptor queue drained                   t="1.386µs"
[0;0m[0;37m[node3] [09-11|21:34:35.458] INFO <C Chain> core/blockchain.go:984 Shutting down sender cacher
[0;0m[0;37m[node3] [09-11|21:34:35.458] INFO <C Chain> core/blockchain.go:988 Closing scope
[0;0m[0;37m[node3] [09-11|21:34:35.458] INFO <C Chain> core/blockchain.go:992 Waiting for background processes to complete
[0;0m[0;37m[node3] [09-11|21:34:35.458] INFO <C Chain> core/blockchain.go:1011 Shutting down state manager
[0;0m[0;37m[node3] [09-11|21:34:35.458] INFO <C Chain> core/blockchain.go:1016 State manager shut down                  t=434ns
[0;0m[0;37m[node3] [09-11|21:34:35.459] INFO <C Chain> core/blockchain.go:1021 Blockchain stopped
[0;0m[0;37m[node3] [09-11|21:34:35.459] INFO <C Chain> eth/backend.go:407 Stopped shutdownTracker
[0;0m[0;37m[node3] [09-11|21:34:35.459] INFO <C Chain> eth/backend.go:410 Closed chaindb
[0;0m[0;37m[node3] [09-11|21:34:35.459] INFO <C Chain> eth/backend.go:412 Stopped EventMux
[0;0m[0;37m[node3] [09-11|21:34:35.459] INFO <C Chain> router/chain_router.go:445 chain shutdown {"shutdownDuration": "826.965µs"}
[0;0m[0;37m[node3] [09-11|21:34:35.459] INFO <X Chain> router/chain_router.go:445 chain shutdown {"shutdownDuration": "239.045µs"}
[0;0m[0;37m[node3] [09-11|21:34:35.462] INFO <XgL1J2iaJF8SzRobPwiT6HRd7B7CtDYhxobvWF7U56Yr2cXmd Chain> router/chain_router.go:445 chain shutdown {"shutdownDuration": "4.217898ms"}
[0;0m[0;37m[node3] [09-11|21:34:35.462] INFO network/network.go:1142 shutting down the p2p networking
[0;0m[0;37m[node3] [09-11|21:34:35.462] INFO <XgL1J2iaJF8SzRobPwiT6HRd7B7CtDYhxobvWF7U56Yr2cXmd Chain> subprocess/runtime.go:124 stderr collector shutdown
[0;0m[0;37m[node3] [09-11|21:34:35.462] INFO <XgL1J2iaJF8SzRobPwiT6HRd7B7CtDYhxobvWF7U56Yr2cXmd Chain> subprocess/runtime.go:111 stdout collector shutdown
[0;0m[0;37m[node3] [09-11|21:34:35.462] INFO nat/nat.go:193 Unmapped all ports
[0;0m[0;37m[node3] [09-11|21:34:35.462] INFO node/node.go:1885 cleaning up plugin runtimes
[0;0m[0;37m[node3] [09-11|21:34:35.462] INFO node/node.go:1913 finished node shutdown
[0;0m[0;36m[node4] [09-11|21:34:35.474] INFO node/node.go:1828 shutting down node {"exitCode": 0}
[0;0m[0;36m[node4] [09-11|21:34:35.475] INFO health/worker.go:115 registered new check and initialized its state to failing {"name": "health", "name": "shuttingDown", "tags": ["application"]}
[0;0m[0;36m[node4] [09-11|21:34:35.475] INFO chains/manager.go:1543 shutting down chain manager
[0;0m[0;36m[node4] [09-11|21:34:35.475] INFO router/chain_router.go:421 shutting down chain router
[0;0m[0;36m[node4] [09-11|21:34:35.475] INFO <X Chain> snowman/engine.go:435 shutting down consensus engine
[0;0m[0;36m[node4] [09-11|21:34:35.475] INFO <XgL1J2iaJF8SzRobPwiT6HRd7B7CtDYhxobvWF7U56Yr2cXmd Chain> snowman/engine.go:435 shutting down consensus engine
[0;0m[0;36m[node4] [09-11|21:34:35.475] INFO <P Chain> snowman/engine.go:435 shutting down consensus engine
[0;0m[0;36m[node4] [09-11|21:34:35.475] INFO <C Chain> snowman/engine.go:435 shutting down consensus engine
[0;0m[0;36m[node4] [09-11|21:34:35.475] INFO <P Chain> router/chain_router.go:445 chain shutdown {"shutdownDuration": "256.823µs"}
[0;0m[0;36m[node4] [09-11|21:34:35.475] INFO <C Chain> core/txpool/legacypool/legacypool.go:454 Transaction pool stopped
[0;0m[0;36m[node4] [09-11|21:34:35.475] INFO <C Chain> core/blockchain.go:975 Closing quit channel
[0;0m[0;36m[node4] [09-11|21:34:35.475] INFO <C Chain> core/blockchain.go:978 Stopping Acceptor
[0;0m[0;36m[node4] [09-11|21:34:35.475] INFO <C Chain> core/blockchain.go:981 Acceptor queue drained                   t=977ns
[0;0m[0;36m[node4] [09-11|21:34:35.475] INFO <C Chain> core/blockchain.go:984 Shutting down sender cacher
[0;0m[0;36m[node4] [09-11|21:34:35.475] INFO <C Chain> core/blockchain.go:988 Closing scope
[0;0m[0;36m[node4] [09-11|21:34:35.475] INFO <C Chain> core/blockchain.go:992 Waiting for background processes to complete
[0;0m[0;36m[node4] [09-11|21:34:35.475] INFO <C Chain> core/blockchain.go:1011 Shutting down state manager
[0;0m[0;36m[node4] [09-11|21:34:35.475] INFO <C Chain> core/blockchain.go:1016 State manager shut down                  t=327ns
[0;0m[0;36m[node4] [09-11|21:34:35.475] INFO <C Chain> core/blockchain.go:1021 Blockchain stopped
[0;0m[0;36m[node4] [09-11|21:34:35.475] INFO <C Chain> eth/backend.go:407 Stopped shutdownTracker
[0;0m[0;36m[node4] [09-11|21:34:35.475] INFO <C Chain> eth/backend.go:410 Closed chaindb
[0;0m[0;36m[node4] [09-11|21:34:35.475] INFO <C Chain> eth/backend.go:412 Stopped EventMux
[0;0m[0;36m[node4] [09-11|21:34:35.475] INFO <C Chain> router/chain_router.go:445 chain shutdown {"shutdownDuration": "797.868µs"}
[0;0m[0;36m[node4] [09-11|21:34:35.475] INFO <X Chain> router/chain_router.go:445 chain shutdown {"shutdownDuration": "83.159µs"}
[0;0m[0;36m[node4] [09-11|21:34:35.491] INFO <XgL1J2iaJF8SzRobPwiT6HRd7B7CtDYhxobvWF7U56Yr2cXmd Chain> router/chain_router.go:445 chain shutdown {"shutdownDuration": "15.920559ms"}
[0;0m[0;36m[node4] [09-11|21:34:35.491] INFO network/network.go:1142 shutting down the p2p networking
[0;0m[0;36m[node4] [09-11|21:34:35.491] INFO <XgL1J2iaJF8SzRobPwiT6HRd7B7CtDYhxobvWF7U56Yr2cXmd Chain> subprocess/runtime.go:111 stdout collector shutdown
[0;0m[0;36m[node4] [09-11|21:34:35.491] INFO <XgL1J2iaJF8SzRobPwiT6HRd7B7CtDYhxobvWF7U56Yr2cXmd Chain> subprocess/runtime.go:124 stderr collector shutdown
[0;0m[0;36m[node4] [09-11|21:34:35.491] INFO nat/nat.go:193 Unmapped all ports
[0;0m[0;36m[node4] [09-11|21:34:35.491] INFO node/node.go:1885 cleaning up plugin runtimes
[0;0m[0;36m[node4] [09-11|21:34:35.491] INFO node/node.go:1913 finished node shutdown
[0;0m[09-11|21:34:35.499] INFO local/network.go:793 done stopping network
[09-11|21:34:35.500] INFO ux/output.go:13 [0;31mterminated network[0;0m
[09-11|21:34:35.503] WARN server/server.go:117 signal received: closing server {"signal": "terminated"}
[09-11|21:34:35.503] WARN server/server.go:209 root context is done
[09-11|21:34:35.503] WARN server/server.go:212 closed gRPC gateway server
[09-11|21:34:35.503] WARN server/server.go:217 closed gRPC server
[09-11|21:34:35.503] WARN server/server.go:219 gRPC terminated
[09-11|21:34:35.503] WARN server/server.go:120 closed server
